Return_Trend,Momentum_Factor,Composite_Volatility,Latent_State_A,Latent_State_B,Latent_State_C,Tail_Kurtosis,Tail_Skew,Return_Trend_lag1,Momentum_Factor_lag1,Composite_Volatility_lag1,Latent_State_A_lag1,Latent_State_B_lag1,Latent_State_C_lag1,Tail_Kurtosis_lag1,Tail_Skew_lag1,Return_Trend_lag5,Momentum_Factor_lag5,Composite_Volatility_lag5,Latent_State_A_lag5,Latent_State_B_lag5,Latent_State_C_lag5,Tail_Kurtosis_lag5,Tail_Skew_lag5
-0.01249653267783833,-0.008162147021054953,-1.2836266515175065,-0.9087582207507192,-0.9089607017513301,-0.9093602449439508,-0.17475247363212176,-0.028193912460308015,-0.02457933770799696,-0.020210304667604387,-1.29056951514494,-0.909226750025874,-0.9092808919958013,-0.9098992707826629,-0.19295722554128192,-0.03760683841174621,-0.005872093781682245,-0.0016184488035755479,-1.3087776608581843,-0.911646119253274,-0.9123132986082687,-0.9148893222484966,-0.21490277041498862,-0.13886247783035388
-0.004164287297572141,0.0001765765989632708,-1.2747934561658218,-0.9077635272659431,-0.9081520880937404,-0.9088560267431169,-0.10588219132923049,-0.03594469772425272,-0.01249653267783833,-0.008162147021054953,-1.2836266515175065,-0.9087582207507192,-0.9089607017513301,-0.9093602449439508,-0.17475247363212176,-0.028193912460308015,-0.011809486649717336,-0.007550209222467719,-1.300832914335524,-0.9106810382544265,-0.9110167520913441,-0.9133758650993415,-0.27155740260869665,-0.1372309527386895
-0.00755389133895323,-0.0032239507421882863,-1.2655595682419902,-0.9066341742688625,-0.9070494130998903,-0.9082088594457384,-0.16813317635890224,-0.023684891729546874,-0.004164287297572141,0.0001765765989632708,-1.2747934561658218,-0.9077635272659431,-0.9081520880937404,-0.9088560267431169,-0.10588219132923049,-0.03594469772425272,-0.02586882920680521,-0.02158913504539139,-1.2944337232779384,-0.9099939680862716,-0.910118574892212,-0.9119297915038072,-0.26908732482427755,-0.10324435724917594
-0.004888017709326047,-0.0005082508608054738,-1.2633873732498035,-0.9052171439995917,-0.9057426948103755,-0.9073515741702822,-0.11949692498081443,-0.0799864648331654,-0.00755389133895323,-0.0032239507421882863,-1.2655595682419902,-0.9066341742688625,-0.9070494130998903,-0.9082088594457384,-0.16813317635890224,-0.023684891729546874,-0.019084174385626394,-0.014741005665145409,-1.2918705839504665,-0.9094228377088625,-0.9096356551364899,-0.9107151870833103,-0.2241490785619269,-0.05990218698221457
-0.028094101546217977,-0.023741770664311868,-1.2567626648641517,-0.9044871853921701,-0.9045624421540646,-0.9062751108081863,-0.14377473695769272,-0.07490372388002513,-0.004888017709326047,-0.0005082508608054738,-1.2633873732498035,-0.9052171439995917,-0.9057426948103755,-0.9073515741702822,-0.11949692498081443,-0.0799864648331654,-0.02457933770799696,-0.020210304667604387,-1.29056951514494,-0.909226750025874,-0.9092808919958013,-0.9098992707826629,-0.19295722554128192,-0.03760683841174621
-0.017238586682545454,-0.012852808020722589,-1.2484470441522117,-0.9043202822517448,-0.904372087687686,-0.9053215463201909,-0.06583209814301094,-0.051000355401566715,-0.028094101546217977,-0.023741770664311868,-1.2567626648641517,-0.9044871853921701,-0.9045624421540646,-0.9062751108081863,-0.14377473695769272,-0.07490372388002513,-0.01249653267783833,-0.008162147021054953,-1.2836266515175065,-0.9087582207507192,-0.9089607017513301,-0.9093602449439508,-0.17475247363212176,-0.028193912460308015
-0.019986844784174868,-0.015489823875478821,-1.2479029935058112,-0.903203348574425,-0.9035314141934891,-0.9044243023522569,-0.44604281495668907,-0.09718370956061481,-0.017238586682545454,-0.012852808020722589,-1.2484470441522117,-0.9043202822517448,-0.904372087687686,-0.9053215463201909,-0.06583209814301094,-0.051000355401566715,-0.004164287297572141,0.0001765765989632708,-1.2747934561658218,-0.9077635272659431,-0.9081520880937404,-0.9088560267431169,-0.10588219132923049,-0.03594469772425272
-0.00026549793329512864,0.004077959427250269,-1.241548968204753,-0.9019860759945955,-0.9024155148929205,-0.9035589759436488,-0.18087047792270683,0.08274659721299006,-0.019986844784174868,-0.015489823875478821,-1.2479029935058112,-0.903203348574425,-0.9035314141934891,-0.9044243023522569,-0.44604281495668907,-0.09718370956061481,-0.00755389133895323,-0.0032239507421882863,-1.2655595682419902,-0.9066341742688625,-0.9070494130998903,-0.9082088594457384,-0.16813317635890224,-0.023684891729546874
-0.00511198347019097,-0.0007115936859517008,-1.23504100399071,-0.9005412704831637,-0.901052788047759,-0.9026829035264101,-0.162044714177227,0.048101194369060296,-0.00026549793329512864,0.004077959427250269,-1.241548968204753,-0.9019860759945955,-0.9024155148929205,-0.9035589759436488,-0.18087047792270683,0.08274659721299006,-0.004888017709326047,-0.0005082508608054738,-1.2633873732498035,-0.9052171439995917,-0.9057426948103755,-0.9073515741702822,-0.11949692498081443,-0.0799864648331654
0.009857716189889568,0.014281329004506132,-1.2338591752262624,-0.8988229815279168,-0.8995265468651343,-0.9015137350914679,-0.067815473631049,0.0507209548479346,-0.00511198347019097,-0.0007115936859517008,-1.23504100399071,-0.9005412704831637,-0.901052788047759,-0.9026829035264101,-0.162044714177227,0.048101194369060296,-0.028094101546217977,-0.023741770664311868,-1.2567626648641517,-0.9044871853921701,-0.9045624421540646,-0.9062751108081863,-0.14377473695769272,-0.07490372388002513
-0.0005827739552035777,0.003917647212917694,-1.233934767664881,-0.8968965530186745,-0.8975346049779824,-0.9000230798608346,0.055328659002430225,0.07212252469222945,0.009857716189889568,0.014281329004506132,-1.2338591752262624,-0.8988229815279168,-0.8995265468651343,-0.9015137350914679,-0.067815473631049,0.0507209548479346,-0.017238586682545454,-0.012852808020722589,-1.2484470441522117,-0.9043202822517448,-0.904372087687686,-0.9053215463201909,-0.06583209814301094,-0.051000355401566715
0.0006420911533269909,0.0051161662782692775,-1.230840765202893,-0.8948007127097325,-0.8955652623755517,-0.8983230940340657,-0.0028974315309868715,0.041925219963023896,-0.0005827739552035777,0.003917647212917694,-1.233934767664881,-0.8968965530186745,-0.8975346049779824,-0.9000230798608346,0.055328659002430225,0.07212252469222945,-0.019986844784174868,-0.015489823875478821,-1.2479029935058112,-0.903203348574425,-0.9035314141934891,-0.9044243023522569,-0.44604281495668907,-0.09718370956061481
0.0038879517510350126,0.008346940282269438,-1.2218824275603317,-0.8929286143367162,-0.8936228089723748,-0.8964732638633628,0.02961743971932984,0.065859913505466,0.0006420911533269909,0.0051161662782692775,-1.230840765202893,-0.8948007127097325,-0.8955652623755517,-0.8983230940340657,-0.0028974315309868715,0.041925219963023896,-0.00026549793329512864,0.004077959427250269,-1.241548968204753,-0.9019860759945955,-0.9024155148929205,-0.9035589759436488,-0.18087047792270683,0.08274659721299006
0.001909039512072764,0.006373210626062387,-1.2152487048661662,-0.8910428113201491,-0.8917064852254327,-0.8945168287813697,0.031895067152770906,0.07007876875308672,0.0038879517510350126,0.008346940282269438,-1.2218824275603317,-0.8929286143367162,-0.8936228089723748,-0.8964732638633628,0.02961743971932984,0.065859913505466,-0.00511198347019097,-0.0007115936859517008,-1.23504100399071,-0.9005412704831637,-0.901052788047759,-0.9026829035264101,-0.162044714177227,0.048101194369060296
-0.008425162918032691,-0.003950137063368178,-1.2050640157822383,-0.8892127432591277,-0.8897894858637031,-0.892568361303395,-0.010754251604010001,0.12135321347427629,0.001909039512072764,0.006373210626062387,-1.2152487048661662,-0.8910428113201491,-0.8917064852254327,-0.8945168287813697,0.031895067152770906,0.07007876875308672,0.009857716189889568,0.014281329004506132,-1.2338591752262624,-0.8988229815279168,-0.8995265468651343,-0.9015137350914679,-0.067815473631049,0.0507209548479346
0.003439571725324396,0.007908983342951231,-1.2018076141141518,-0.8875006329696082,-0.8881762292066444,-0.8906970919947448,0.022362827949044206,0.08790156195897944,-0.008425162918032691,-0.003950137063368178,-1.2050640157822383,-0.8892127432591277,-0.8897894858637031,-0.892568361303395,-0.010754251604010001,0.12135321347427629,-0.0005827739552035777,0.003917647212917694,-1.233934767664881,-0.8968965530186745,-0.8975346049779824,-0.9000230798608346,0.055328659002430225,0.07212252469222945
0.010582182837181407,0.01498012048492122,-1.2018700091222612,-0.8855106343323138,-0.8862773294693251,-0.8888469997577488,0.10888326196164844,0.1594847300235213,0.003439571725324396,0.007908983342951231,-1.2018076141141518,-0.8875006329696082,-0.8881762292066444,-0.8906970919947448,0.022362827949044206,0.08790156195897944,0.0006420911533269909,0.0051161662782692775,-1.230840765202893,-0.8948007127097325,-0.8955652623755517,-0.8983230940340657,-0.0028974315309868715,0.041925219963023896
0.007557566214724422,0.012031418885127673,-1.1947011513101133,-0.8830398103298687,-0.8839365671886511,-0.8868945397302717,0.2733671969591831,0.16401953914399336,0.010582182837181407,0.01498012048492122,-1.2018700091222612,-0.8855106343323138,-0.8862773294693251,-0.8888469997577488,0.10888326196164844,0.1594847300235213,0.0038879517510350126,0.008346940282269438,-1.2218824275603317,-0.8929286143367162,-0.8936228089723748,-0.8964732638633628,0.02961743971932984,0.065859913505466
0.0021019259368981053,0.0065701597742401675,-1.1870685268860985,-0.8812134130221472,-0.881831945890236,-0.884899794499771,0.20797856250826818,0.18859302558272506,0.007557566214724422,0.012031418885127673,-1.1947011513101133,-0.8830398103298687,-0.8839365671886511,-0.8868945397302717,0.2733671969591831,0.16401953914399336,0.001909039512072764,0.006373210626062387,-1.2152487048661662,-0.8910428113201491,-0.8917064852254327,-0.8945168287813697,0.031895067152770906,0.07007876875308672
-0.007644113282827252,-0.003234341361375199,-1.1713759097794552,-0.8801342907177805,-0.880503081618216,-0.8829788616209586,0.4786463884684937,0.037305857814385626,0.0021019259368981053,0.0065701597742401675,-1.1870685268860985,-0.8812134130221472,-0.881831945890236,-0.884899794499771,0.20797856250826818,0.18859302558272506,-0.008425162918032691,-0.003950137063368178,-1.2050640157822383,-0.8892127432591277,-0.8897894858637031,-0.892568361303395,-0.010754251604010001,0.12135321347427629
-0.012460391762962066,-0.00805527633338648,-1.1564382342810255,-0.8787816259686808,-0.8791819400899837,-0.8811830400150265,0.43931751239573336,0.0580627427494774,-0.007644113282827252,-0.003234341361375199,-1.1713759097794552,-0.8801342907177805,-0.880503081618216,-0.8829788616209586,0.4786463884684937,0.037305857814385626,0.003439571725324396,0.007908983342951231,-1.2018076141141518,-0.8875006329696082,-0.8881762292066444,-0.8906970919947448,0.022362827949044206,0.08790156195897944
-0.009636667633337596,-0.005238190196526774,-1.1454370678353971,-0.877933096428321,-0.8782465182044461,-0.8797009051296025,0.44569284854954594,0.05620890969495345,-0.012460391762962066,-0.00805527633338648,-1.1564382342810255,-0.8787816259686808,-0.8791819400899837,-0.8811830400150265,0.43931751239573336,0.0580627427494774,0.010582182837181407,0.01498012048492122,-1.2018700091222612,-0.8855106343323138,-0.8862773294693251,-0.8888469997577488,0.10888326196164844,0.1594847300235213
-0.0023156848869556827,0.002053314959154961,-1.1349631911242257,-0.8766349432992829,-0.8771202640151449,-0.8784841543108796,0.4274806421121746,0.042117995378849575,-0.009636667633337596,-0.005238190196526774,-1.1454370678353971,-0.877933096428321,-0.8782465182044461,-0.8797009051296025,0.44569284854954594,0.05620890969495345,0.007557566214724422,0.012031418885127673,-1.1947011513101133,-0.8830398103298687,-0.8839365671886511,-0.8868945397302717,0.2733671969591831,0.16401953914399336
0.004078269022924127,0.008451863779966071,-1.1263962086673354,-0.8745540294756817,-0.8752874237254714,-0.877182504589058,0.4213733080802178,0.06819907925914645,-0.0023156848869556827,0.002053314959154961,-1.1349631911242257,-0.8766349432992829,-0.8771202640151449,-0.8784841543108796,0.4274806421121746,0.042117995378849575,0.0021019259368981053,0.0065701597742401675,-1.1870685268860985,-0.8812134130221472,-0.881831945890236,-0.884899794499771,0.20797856250826818,0.18859302558272506
0.008011956085045758,0.01235632984958894,-1.1122179254100684,-0.8721957187296712,-0.8730425611938452,-0.8756463691693491,0.40332812611946656,0.036164232836962205,0.004078269022924127,0.008451863779966071,-1.1263962086673354,-0.8745540294756817,-0.8752874237254714,-0.877182504589058,0.4213733080802178,0.06819907925914645,-0.007644113282827252,-0.003234341361375199,-1.1713759097794552,-0.8801342907177805,-0.880503081618216,-0.8829788616209586,0.4786463884684937,0.037305857814385626
-0.006109523253129077,-0.0016875961016251202,-1.1056137378357218,-0.8704549765644128,-0.8709845122847554,-0.8738654137130596,0.45683661656831287,0.031916425185768406,0.008011956085045758,0.01235632984958894,-1.1122179254100684,-0.8721957187296712,-0.8730425611938452,-0.8756463691693491,0.40332812611946656,0.036164232836962205,-0.012460391762962066,-0.00805527633338648,-1.1564382342810255,-0.8787816259686808,-0.8791819400899837,-0.8811830400150265,0.43931751239573336,0.0580627427494774
0.007929732528081494,0.012321992946292486,-1.101369625046384,-0.8685220019406896,-0.8692486759763586,-0.8719167986390618,0.49950991650355414,-0.011341507066774033,-0.006109523253129077,-0.0016875961016251202,-1.1056137378357218,-0.8704549765644128,-0.8709845122847554,-0.8738654137130596,0.45683661656831287,0.031916425185768406,-0.009636667633337596,-0.005238190196526774,-1.1454370678353971,-0.877933096428321,-0.8782465182044461,-0.8797009051296025,0.44569284854954594,0.05620890969495345
0.010966759227699777,0.015381140915384063,-1.102464314477276,-0.8662777959821983,-0.867068034699532,-0.8698472642773619,0.5962736545538125,-0.02165785843181159,0.007929732528081494,0.012321992946292486,-1.101369625046384,-0.8685220019406896,-0.8692486759763586,-0.8719167986390618,0.49950991650355414,-0.011341507066774033,-0.0023156848869556827,0.002053314959154961,-1.1349631911242257,-0.8766349432992829,-0.8771202640151449,-0.8784841543108796,0.4274806421121746,0.042117995378849575
0.009966607362872264,0.014376115613999124,-1.1054065311276435,-0.8636992930643382,-0.864586407184478,-0.8677076772652443,0.5434284783173791,0.008030737283901765,0.010966759227699777,0.015381140915384063,-1.102464314477276,-0.8662777959821983,-0.867068034699532,-0.8698472642773619,0.5962736545538125,-0.02165785843181159,0.004078269022924127,0.008451863779966071,-1.1263962086673354,-0.8745540294756817,-0.8752874237254714,-0.877182504589058,0.4213733080802178,0.06819907925914645
0.010910713857659514,0.015320987102318256,-1.1026859044970578,-0.8612196585071266,-0.862091077674925,-0.8654929476371601,0.5499021180819201,-0.012313629768092992,0.009966607362872264,0.014376115613999124,-1.1054065311276435,-0.8636992930643382,-0.864586407184478,-0.8677076772652443,0.5434284783173791,0.008030737283901765,0.008011956085045758,0.01235632984958894,-1.1122179254100684,-0.8721957187296712,-0.8730425611938452,-0.8756463691693491,0.40332812611946656,0.036164232836962205
0.02168298437493176,0.02614589112058221,-1.111233875494941,-0.8582231012258138,-0.8593004002287637,-0.8630162145258552,0.6194693631781547,0.04699785978047525,0.010910713857659514,0.015320987102318256,-1.1026859044970578,-0.8612196585071266,-0.862091077674925,-0.8654929476371601,0.5499021180819201,-0.012313629768092992,-0.006109523253129077,-0.0016875961016251202,-1.1056137378357218,-0.8704549765644128,-0.8709845122847554,-0.8738654137130596,0.45683661656831287,0.031916425185768406
0.036739574851767196,0.04114167588757295,-1.1089750317037672,-0.8543152411619022,-0.8557290030693758,-0.8601912690911196,0.8204764299573668,0.1439175323526284,0.02168298437493176,0.02614589112058221,-1.111233875494941,-0.8582231012258138,-0.8593004002287637,-0.8630162145258552,0.6194693631781547,0.04699785978047525,0.007929732528081494,0.012321992946292486,-1.101369625046384,-0.8685220019406896,-0.8692486759763586,-0.8719167986390618,0.49950991650355414,-0.011341507066774033
0.025065821853161994,0.029711829499004944,-1.1197087349277437,-0.8507446773951522,-0.8520178432621852,-0.8570556387959194,0.885548485893187,0.12063383202084837,0.036739574851767196,0.04114167588757295,-1.1089750317037672,-0.8543152411619022,-0.8557290030693758,-0.8601912690911196,0.8204764299573668,0.1439175323526284,0.010966759227699777,0.015381140915384063,-1.102464314477276,-0.8662777959821983,-0.867068034699532,-0.8698472642773619,0.5962736545538125,-0.02165785843181159
0.03118698848464478,0.03591437394706805,-1.1305588280794119,-0.8470398805657693,-0.8483618591613231,-0.8536466220192791,0.9145537527116465,0.013843650692923573,0.025065821853161994,0.029711829499004944,-1.1197087349277437,-0.8507446773951522,-0.8520178432621852,-0.8570556387959194,0.885548485893187,0.12063383202084837,0.009966607362872264,0.014376115613999124,-1.1054065311276435,-0.8636992930643382,-0.864586407184478,-0.8677076772652443,0.5434284783173791,0.008030737283901765
0.007914768210211306,0.012640205644961228,-1.134776114630843,-0.8443270221023583,-0.8451332394131474,-0.8501078458601692,0.8600627250564328,-0.05669302093925329,0.03118698848464478,0.03591437394706805,-1.1305588280794119,-0.8470398805657693,-0.8483618591613231,-0.8536466220192791,0.9145537527116465,0.013843650692923573,0.010910713857659514,0.015320987102318256,-1.1026859044970578,-0.8612196585071266,-0.862091077674925,-0.8654929476371601,0.5499021180819201,-0.012313629768092992
-0.013889986765345405,-0.00920235910697441,-1.1256799838044822,-0.8430776306178669,-0.8433208055026247,-0.8469468325981886,0.928274196066202,-0.15579420814025502,0.007914768210211306,0.012640205644961228,-1.134776114630843,-0.8443270221023583,-0.8451332394131474,-0.8501078458601692,0.8600627250564328,-0.05669302093925329,0.02168298437493176,0.02614589112058221,-1.111233875494941,-0.8582231012258138,-0.8593004002287637,-0.8630162145258552,0.6194693631781547,0.04699785978047525
-0.031647755128354146,-0.027007981464896805,-1.11759420136966,-0.8425288309675515,-0.8425381500542927,-0.8445037797736465,0.8907903921189808,-0.17177913884711937,-0.013889986765345405,-0.00920235910697441,-1.1256799838044822,-0.8430776306178669,-0.8433208055026247,-0.8469468325981886,0.928274196066202,-0.15579420814025502,0.036739574851767196,0.04114167588757295,-1.1089750317037672,-0.8543152411619022,-0.8557290030693758,-0.8601912690911196,0.8204764299573668,0.1439175323526284
-0.02343026322251611,-0.01894153822972973,-1.097321385558359,-0.8420707022845539,-0.8421092157499721,-0.8428275945494933,0.9133398304619997,-0.2762651546036631,-0.031647755128354146,-0.027007981464896805,-1.11759420136966,-0.8425288309675515,-0.8425381500542927,-0.8445037797736465,0.8907903921189808,-0.17177913884711937,0.025065821853161994,0.029711829499004944,-1.1197087349277437,-0.8507446773951522,-0.8520178432621852,-0.8570556387959194,0.885548485893187,0.12063383202084837
-0.04831148552767794,-0.04381411275234614,-1.0833105659437332,-0.8425931935003343,-0.8421421581046552,-0.84198060607738,0.7171658428851795,-0.27755170766945053,-0.02343026322251611,-0.01894153822972973,-1.097321385558359,-0.8420707022845539,-0.8421092157499721,-0.8428275945494933,0.9133398304619997,-0.2762651546036631,0.03118698848464478,0.03591437394706805,-1.1305588280794119,-0.8470398805657693,-0.8483618591613231,-0.8536466220192791,0.9145537527116465,0.013843650692923573
-0.047379457163824926,-0.043048663788298844,-1.0580880205513905,-0.8431916726702332,-0.8427499871559738,-0.8417838448761583,0.9328853580802989,-0.008765018807493414,-0.04831148552767794,-0.04381411275234614,-1.0833105659437332,-0.8425931935003343,-0.8421421581046552,-0.84198060607738,0.7171658428851795,-0.27755170766945053,0.007914768210211306,0.012640205644961228,-1.134776114630843,-0.8443270221023583,-0.8451332394131474,-0.8501078458601692,0.8600627250564328,-0.05669302093925329
-0.04273071764546643,-0.0384680103198016,-1.0454352546030385,-0.8437333145383257,-0.8433651211051765,-0.8419556716705803,0.7537412772020975,-0.021934458413920617,-0.047379457163824926,-0.043048663788298844,-1.0580880205513905,-0.8431916726702332,-0.8427499871559738,-0.8417838448761583,0.9328853580802989,-0.008765018807493414,-0.013889986765345405,-0.00920235910697441,-1.1256799838044822,-0.8430776306178669,-0.8433208055026247,-0.8469468325981886,0.928274196066202,-0.15579420814025502
-0.021953396550393297,-0.017894265012916476,-1.0238162580946724,-0.8435237074298574,-0.8435689943003069,-0.842283493121236,0.8675658365272967,0.12629592696455483,-0.04273071764546643,-0.0384680103198016,-1.0454352546030385,-0.8437333145383257,-0.8433651211051765,-0.8419556716705803,0.7537412772020975,-0.021934458413920617,-0.031647755128354146,-0.027007981464896805,-1.11759420136966,-0.8425288309675515,-0.8425381500542927,-0.8445037797736465,0.8907903921189808,-0.17177913884711937
-0.044093429450009214,-0.03991912966138751,-1.017263399193875,-0.8435943726049795,-0.8432847756063153,-0.8425823839947006,0.9297755955401605,0.09284908058915553,-0.021953396550393297,-0.017894265012916476,-1.0238162580946724,-0.8435237074298574,-0.8435689943003069,-0.842283493121236,0.8675658365272967,0.12629592696455483,-0.02343026322251611,-0.01894153822972973,-1.097321385558359,-0.8420707022845539,-0.8421092157499721,-0.8428275945494933,0.9133398304619997,-0.2762651546036631
-0.04440455063198926,-0.04038192862044152,-1.0087530956559463,-0.845050803537747,-0.8443690176565021,-0.8429990872542046,0.8185026613662298,0.1782072961375774,-0.044093429450009214,-0.03991912966138751,-1.017263399193875,-0.8435943726049795,-0.8432847756063153,-0.8425823839947006,0.9297755955401605,0.09284908058915553,-0.04831148552767794,-0.04381411275234614,-1.0833105659437332,-0.8425931935003343,-0.8421421581046552,-0.84198060607738,0.7171658428851795,-0.27755170766945053
-0.02795575238271385,-0.023980766930569476,-0.9967430442957597,-0.8455622824936277,-0.845354688167453,-0.8435018553787835,0.6667628552178622,0.30181367308125134,-0.04440455063198926,-0.04038192862044152,-1.0087530956559463,-0.845050803537747,-0.8443690176565021,-0.8429990872542046,0.8185026613662298,0.1782072961375774,-0.047379457163824926,-0.043048663788298844,-1.0580880205513905,-0.8431916726702332,-0.8427499871559738,-0.8417838448761583,0.9328853580802989,-0.008765018807493414
-0.03418652384939559,-0.030226442738782888,-0.9935018642137377,-0.845608412249135,-0.845395278014764,-0.8439294335648917,0.6292301886582088,0.3451187335569875,-0.02795575238271385,-0.023980766930569476,-0.9967430442957597,-0.8455622824936277,-0.845354688167453,-0.8435018553787835,0.6667628552178622,0.30181367308125134,-0.04273071764546643,-0.0384680103198016,-1.0454352546030385,-0.8437333145383257,-0.8433651211051765,-0.8419556716705803,0.7537412772020975,-0.021934458413920617
-0.02981737759202021,-0.025838869236826108,-0.992774375063608,-0.8455447831201651,-0.845433048412056,-0.844447625025752,0.6936145245500565,0.3469412047455291,-0.03418652384939559,-0.030226442738782888,-0.9935018642137377,-0.845608412249135,-0.845395278014764,-0.8439294335648917,0.6292301886582088,0.3451187335569875,-0.021953396550393297,-0.017894265012916476,-1.0238162580946724,-0.8435237074298574,-0.8435689943003069,-0.842283493121236,0.8675658365272967,0.12629592696455483
-0.01380164950287125,-0.009898816735228272,-0.9924379049061796,-0.8450938129662378,-0.8451813431560966,-0.8447121979417076,0.6077321937292925,0.31773734429464895,-0.02981737759202021,-0.025838869236826108,-0.992774375063608,-0.8455447831201651,-0.845433048412056,-0.844447625025752,0.6936145245500565,0.3469412047455291,-0.044093429450009214,-0.03991912966138751,-1.017263399193875,-0.8435943726049795,-0.8432847756063153,-0.8425823839947006,0.9297755955401605,0.09284908058915553
-0.025297965885359458,-0.02132799908634458,-0.995261220377981,-0.8446414969939081,-0.8446267889338941,-0.8445623206512725,0.7358064994341293,0.35518094038307296,-0.01380164950287125,-0.009898816735228272,-0.9924379049061796,-0.8450938129662378,-0.8451813431560966,-0.8447121979417076,0.6077321937292925,0.31773734429464895,-0.04440455063198926,-0.04038192862044152,-1.0087530956559463,-0.845050803537747,-0.8443690176565021,-0.8429990872542046,0.8185026613662298,0.1782072961375774
-0.017997980160557252,-0.01399379565871084,-1.0022029570730473,-0.8442871942423433,-0.8443309511915252,-0.8443094860108228,0.8581756068581261,0.3506935528215583,-0.025297965885359458,-0.02132799908634458,-0.995261220377981,-0.8446414969939081,-0.8446267889338941,-0.8445623206512725,0.7358064994341293,0.35518094038307296,-0.02795575238271385,-0.023980766930569476,-0.9967430442957597,-0.8455622824936277,-0.845354688167453,-0.8435018553787835,0.6667628552178622,0.30181367308125134
-0.02121383781833371,-0.017212499693123478,-1.0103246461040172,-0.8436716451360413,-0.8437771203080069,-0.8439096148642149,0.8419986969193705,0.34009700355302686,-0.017997980160557252,-0.01399379565871084,-1.0022029570730473,-0.8442871942423433,-0.8443309511915252,-0.8443094860108228,0.8581756068581261,0.3506935528215583,-0.03418652384939559,-0.030226442738782888,-0.9935018642137377,-0.845608412249135,-0.845395278014764,-0.8439294335648917,0.6292301886582088,0.3451187335569875
-0.02105802092964252,-0.017039642524626628,-1.0077206834543588,-0.842863556617133,-0.8430351892016037,-0.8433736756358499,0.8970877592299105,0.3401140971317955,-0.02121383781833371,-0.017212499693123478,-1.0103246461040172,-0.8436716451360413,-0.8437771203080069,-0.8439096148642149,0.8419986969193705,0.34009700355302686,-0.02981737759202021,-0.025838869236826108,-0.992774375063608,-0.8455447831201651,-0.845433048412056,-0.844447625025752,0.6936145245500565,0.3469412047455291
-0.020070538785291893,-0.016059011323889424,-1.0041993483043468,-0.8423509745681446,-0.8424147354591704,-0.8428218800344383,0.878751947698508,0.33742589147123003,-0.02105802092964252,-0.017039642524626628,-1.0077206834543588,-0.842863556617133,-0.8430351892016037,-0.8433736756358499,0.8970877592299105,0.3401140971317955,-0.01380164950287125,-0.009898816735228272,-0.9924379049061796,-0.8450938129662378,-0.8451813431560966,-0.8447121979417076,0.6077321937292925,0.31773734429464895
-0.0079174437687042,-0.003951329976241171,-0.996952494320811,-0.8414426098818796,-0.8417487157181727,-0.842186081072473,0.8109109988753698,0.2964282895156336,-0.020070538785291893,-0.016059011323889424,-1.0041993483043468,-0.8423509745681446,-0.8424147354591704,-0.8428218800344383,0.878751947698508,0.33742589147123003,-0.025297965885359458,-0.02132799908634458,-0.995261220377981,-0.8446414969939081,-0.8446267889338941,-0.8445623206512725,0.7358064994341293,0.35518094038307296
-0.007332356493713485,-0.0033834788857040367,-0.9906180269873812,-0.8402009288464355,-0.8405992500617521,-0.8413950072940958,0.7969385005666756,0.31310623655194025,-0.0079174437687042,-0.003951329976241171,-0.996952494320811,-0.8414426098818796,-0.8417487157181727,-0.842186081072473,0.8109109988753698,0.2964282895156336,-0.017997980160557252,-0.01399379565871084,-1.0022029570730473,-0.8442871942423433,-0.8443309511915252,-0.8443094860108228,0.8581756068581261,0.3506935528215583
0.006861984408670703,0.010805420993973087,-0.9858270150296466,-0.8385663987889664,-0.8391663370731302,-0.8404291083745905,0.8494721373509195,0.3002356183724431,-0.007332356493713485,-0.0033834788857040367,-0.9906180269873812,-0.8402009288464355,-0.8405992500617521,-0.8413950072940958,0.7969385005666756,0.31310623655194025,-0.02121383781833371,-0.017212499693123478,-1.0103246461040172,-0.8436716451360413,-0.8437771203080069,-0.8439096148642149,0.8419986969193705,0.34009700355302686
-0.002897512914304303,0.00115707890941843,-0.9803447073178587,-0.8364145763181017,-0.8370338837666941,-0.8391150678286081,0.9532097324552602,0.2645659588231707,0.006861984408670703,0.010805420993973087,-0.9858270150296466,-0.8385663987889664,-0.8391663370731302,-0.8404291083745905,0.8494721373509195,0.3002356183724431,-0.02105802092964252,-0.017039642524626628,-1.0077206834543588,-0.842863556617133,-0.8430351892016037,-0.8433736756358499,0.8970877592299105,0.3401140971317955
0.009718068455181552,0.013732361116168532,-0.9785720664977688,-0.8342346723977814,-0.8350213155814947,-0.8374593499102445,0.9089095825960882,0.20856458110888898,-0.002897512914304303,0.00115707890941843,-0.9803447073178587,-0.8364145763181017,-0.8370338837666941,-0.8391150678286081,0.9532097324552602,0.2645659588231707,-0.020070538785291893,-0.016059011323889424,-1.0041993483043468,-0.8423509745681446,-0.8424147354591704,-0.8428218800344383,0.878751947698508,0.33742589147123003
-0.0017980055457757268,0.002227557471521765,-0.9727900015157254,-0.8322676183958638,-0.8328466176502534,-0.835541951448902,0.8780036380109473,0.23748620440747312,0.009718068455181552,0.013732361116168532,-0.9785720664977688,-0.8342346723977814,-0.8350213155814947,-0.8374593499102445,0.9089095825960882,0.20856458110888898,-0.0079174437687042,-0.003951329976241171,-0.996952494320811,-0.8414426098818796,-0.8417487157181727,-0.842186081072473,0.8109109988753698,0.2964282895156336
-0.0038436259186531707,0.0001699393664677147,-0.9661451111921723,-0.8305526342388575,-0.8310805707688432,-0.8335258650953985,0.8344808559606087,0.248183942928597,-0.0017980055457757268,0.002227557471521765,-0.9727900015157254,-0.8322676183958638,-0.8328466176502534,-0.835541951448902,0.8780036380109473,0.23748620440747312,-0.007332356493713485,-0.0033834788857040367,-0.9906180269873812,-0.8402009288464355,-0.8405992500617521,-0.8413950072940958,0.7969385005666756,0.31310623655194025
0.03213055167901569,0.036233499004075485,-0.9664851250417215,-0.8274885926040512,-0.8286830783890946,-0.8314214351189828,1.026637656985593,0.32845275434684923,-0.0038436259186531707,0.0001699393664677147,-0.9661451111921723,-0.8305526342388575,-0.8310805707688432,-0.8335258650953985,0.8344808559606087,0.248183942928597,0.006861984408670703,0.010805420993973087,-0.9858270150296466,-0.8385663987889664,-0.8391663370731302,-0.8404291083745905,0.8494721373509195,0.3002356183724431
0.03865840808624216,0.042771223381612905,-0.976749507916346,-0.8231722841235725,-0.8247413045953739,-0.8288533537642425,1.127045414758312,0.3150667345343345,0.03213055167901569,0.036233499004075485,-0.9664851250417215,-0.8274885926040512,-0.8286830783890946,-0.8314214351189828,1.026637656985593,0.32845275434684923,-0.002897512914304303,0.00115707890941843,-0.9803447073178587,-0.8364145763181017,-0.8370338837666941,-0.8391150678286081,0.9532097324552602,0.2645659588231707
0.0228069556643457,0.02706506480713621,-0.9753815661362177,-0.8195210212914497,-0.8208249613551635,-0.8258781321318703,1.3733250007362452,0.40410489804620126,0.03865840808624216,0.042771223381612905,-0.976749507916346,-0.8231722841235725,-0.8247413045953739,-0.8288533537642425,1.127045414758312,0.3150667345343345,0.009718068455181552,0.013732361116168532,-0.9785720664977688,-0.8342346723977814,-0.8350213155814947,-0.8374593499102445,0.9089095825960882,0.20856458110888898
0.042882997802946576,0.04717650153273319,-0.9809089648577214,-0.8151008263849265,-0.8167498217110458,-0.8223616731224157,1.2398861383012365,0.5458943600819005,0.0228069556643457,0.02706506480713621,-0.9753815661362177,-0.8195210212914497,-0.8208249613551635,-0.8258781321318703,1.3733250007362452,0.40410489804620126,-0.0017980055457757268,0.002227557471521765,-0.9727900015157254,-0.8322676183958638,-0.8328466176502534,-0.835541951448902,0.8780036380109473,0.23748620440747312
0.05143162363092747,0.05592313827902967,-0.98994746140205,-0.8096510042223962,-0.8116769769057666,-0.8181393506341013,1.2351311457384009,0.47215242824688175,0.042882997802946576,0.04717650153273319,-0.9809089648577214,-0.8151008263849265,-0.8167498217110458,-0.8223616731224157,1.2398861383012365,0.5458943600819005,-0.0038436259186531707,0.0001699393664677147,-0.9661451111921723,-0.8305526342388575,-0.8310805707688432,-0.8335258650953985,0.8344808559606087,0.248183942928597
0.04939864416854395,0.05394639740775998,-1.0025891625832728,-0.8043218927096307,-0.806202148034135,-0.8134895442103331,1.4444832491323982,0.5227142932973362,0.05143162363092747,0.05592313827902967,-0.98994746140205,-0.8096510042223962,-0.8116769769057666,-0.8181393506341013,1.2351311457384009,0.47215242824688175,0.03213055167901569,0.036233499004075485,-0.9664851250417215,-0.8274885926040512,-0.8286830783890946,-0.8314214351189828,1.026637656985593,0.32845275434684923
0.03791341063633693,0.04264939398731566,-1.01459617756406,-0.7991199789601933,-0.8009037749042134,-0.8085404800561402,0.9644494647909583,0.3193128965058746,0.04939864416854395,0.05394639740775998,-1.0025891625832728,-0.8043218927096307,-0.806202148034135,-0.8134895442103331,1.4444832491323982,0.5227142932973362,0.03865840808624216,0.042771223381612905,-0.976749507916346,-0.8231722841235725,-0.8247413045953739,-0.8288533537642425,1.127045414758312,0.3150667345343345
0.040836785900542974,0.04560587400776569,-1.0184313708765775,-0.7947944932230415,-0.7963089482065391,-0.8034299706611716,1.1711928163719314,0.333242509087744,0.03791341063633693,0.04264939398731566,-1.01459617756406,-0.7991199789601933,-0.8009037749042134,-0.8085404800561402,0.9644494647909583,0.3193128965058746,0.0228069556643457,0.02706506480713621,-0.9753815661362177,-0.8195210212914497,-0.8208249613551635,-0.8258781321318703,1.3733250007362452,0.40410489804620126
0.06111612864314821,0.06592251590886905,-1.0179176192977057,-0.7894925475252361,-0.7914958003902428,-0.7983322690303075,1.2439643052708522,0.5129996761443882,0.040836785900542974,0.04560587400776569,-1.0184313708765775,-0.7947944932230415,-0.7963089482065391,-0.8034299706611716,1.1711928163719314,0.333242509087744,0.042882997802946576,0.04717650153273319,-0.9809089648577214,-0.8151008263849265,-0.8167498217110458,-0.8223616731224157,1.2398861383012365,0.5458943600819005
0.057791533678327046,0.06267616756174951,-1.0204801878290757,-0.7838339128995093,-0.7858273820003802,-0.7931939711437703,0.819461752868373,0.22237888597292504,0.06111612864314821,0.06592251590886905,-1.0179176192977057,-0.7894925475252361,-0.7914958003902428,-0.7983322690303075,1.2439643052708522,0.5129996761443882,0.05143162363092747,0.05592313827902967,-0.98994746140205,-0.8096510042223962,-0.8116769769057666,-0.8181393506341013,1.2351311457384009,0.47215242824688175
0.04796787300098941,0.05299348166273765,-1.0232658513467687,-0.7788423426497413,-0.7806286358707941,-0.7880856530675566,0.5812705979921184,-0.03433863916956259,0.057791533678327046,0.06267616756174951,-1.0204801878290757,-0.7838339128995093,-0.7858273820003802,-0.7931939711437703,0.819461752868373,0.22237888597292504,0.04939864416854395,0.05394639740775998,-1.0025891625832728,-0.8043218927096307,-0.806202148034135,-0.8134895442103331,1.4444832491323982,0.5227142932973362
0.04860187600370693,0.05364099442824901,-1.0268829032163613,-0.7735985195775326,-0.7754194974513023,-0.7828721955361215,0.6898998036714179,-0.03271158364999802,0.04796787300098941,0.05299348166273765,-1.0232658513467687,-0.7788423426497413,-0.7806286358707941,-0.7880856530675566,0.5812705979921184,-0.03433863916956259,0.03791341063633693,0.04264939398731566,-1.01459617756406,-0.7991199789601933,-0.8009037749042134,-0.8085404800561402,0.9644494647909583,0.3193128965058746
0.05881975819296558,0.06380300590777235,-1.022589935910296,-0.7682386947262723,-0.7702068276130641,-0.7775161265828907,0.6163088317200112,-0.08419352659470815,0.04860187600370693,0.05364099442824901,-1.0268829032163613,-0.7735985195775326,-0.7754194974513023,-0.7828721955361215,0.6898998036714179,-0.03271158364999802,0.040836785900542974,0.04560587400776569,-1.0184313708765775,-0.7947944932230415,-0.7963089482065391,-0.8034299706611716,1.1711928163719314,0.333242509087744
0.03835995380270682,0.043465751597383306,-1.0244638567524464,-0.7631519246286145,-0.7647952364949893,-0.7722044803041646,0.5747354339162913,-0.13636768657029916,0.05881975819296558,0.06380300590777235,-1.022589935910296,-0.7682386947262723,-0.7702068276130641,-0.7775161265828907,0.6163088317200112,-0.08419352659470815,0.06111612864314821,0.06592251590886905,-1.0179176192977057,-0.7894925475252361,-0.7914958003902428,-0.7983322690303075,1.2439643052708522,0.5129996761443882
0.013238922547838771,0.017961615870547284,-0.9911835063725636,-0.7596946067752648,-0.7606544561467575,-0.7671783793073665,11.224111756319475,-2.011719697743728,0.03835995380270682,0.043465751597383306,-1.0244638567524464,-0.7631519246286145,-0.7647952364949893,-0.7722044803041646,0.5747354339162913,-0.13636768657029916,0.057791533678327046,0.06267616756174951,-1.0204801878290757,-0.7838339128995093,-0.7858273820003802,-0.7931939711437703,0.819461752868373,0.22237888597292504
0.012706491274828344,0.017326899903768327,-0.952981200852191,-0.7570027952088514,-0.7578460569776372,-0.7627154685257235,9.57316845349161,-1.6895164214013634,0.013238922547838771,0.017961615870547284,-0.9911835063725636,-0.7596946067752648,-0.7606544561467575,-0.7671783793073665,11.224111756319475,-2.011719697743728,0.04796787300098941,0.05299348166273765,-1.0232658513467687,-0.7788423426497413,-0.7806286358707941,-0.7880856530675566,0.5812705979921184,-0.03433863916956259
0.011140832730482213,0.015648242000504832,-0.9219446722513367,-0.7542804547751667,-0.7550800261564021,-0.7588332874718704,8.750664536589982,-1.7626705793251918,0.012706491274828344,0.017326899903768327,-0.952981200852191,-0.7570027952088514,-0.7578460569776372,-0.7627154685257235,9.57316845349161,-1.6895164214013634,0.04860187600370693,0.05364099442824901,-1.0268829032163613,-0.7735985195775326,-0.7754194974513023,-0.7828721955361215,0.6898998036714179,-0.03271158364999802
0.023076009049503327,0.027454632496439774,-0.8987158143913273,-0.7510347649984298,-0.7521246334959176,-0.7555528025247662,7.926543682506573,-1.5182626329974171,0.011140832730482213,0.015648242000504832,-0.9219446722513367,-0.7542804547751667,-0.7550800261564021,-0.7588332874718704,8.750664536589982,-1.7626705793251918,0.05881975819296558,0.06380300590777235,-1.022589935910296,-0.7682386947262723,-0.7702068276130641,-0.7775161265828907,0.6163088317200112,-0.08419352659470815
0.013635208223117982,0.018045967262767415,-0.8793104917261759,-0.7478243779353715,-0.7487477709075978,-0.7525335957718027,7.894535606145043,-1.513971650843509,0.023076009049503327,0.027454632496439774,-0.8987158143913273,-0.7510347649984298,-0.7521246334959176,-0.7555528025247662,7.926543682506573,-1.5182626329974171,0.03835995380270682,0.043465751597383306,-1.0244638567524464,-0.7631519246286145,-0.7647952364949893,-0.7722044803041646,0.5747354339162913,-0.13636768657029916
0.02194699131000753,0.026330300586302,-0.869465979157058,-0.7446975630583261,-0.7457091863693885,-0.7494959748285817,7.956943451699505,-1.5429611084929504,0.013635208223117982,0.018045967262767415,-0.8793104917261759,-0.7478243779353715,-0.7487477709075978,-0.7525335957718027,7.894535606145043,-1.513971650843509,0.013238922547838771,0.017961615870547284,-0.9911835063725636,-0.7596946067752648,-0.7606544561467575,-0.7671783793073665,11.224111756319475,-2.011719697743728
0.023167860577594956,0.027531688052354328,-0.8640919995114811,-0.7415255355539631,-0.74250671931657,-0.7463523034360797,7.740624740279699,-1.5475531046953117,0.02194699131000753,0.026330300586302,-0.869465979157058,-0.7446975630583261,-0.7457091863693885,-0.7494959748285817,7.956943451699505,-1.5429611084929504,0.012706491274828344,0.017326899903768327,-0.952981200852191,-0.7570027952088514,-0.7578460569776372,-0.7627154685257235,9.57316845349161,-1.6895164214013634
0.01994169986464802,0.024317498942080025,-0.8537403133572983,-0.7379824415689266,-0.7390606608182435,-0.7430659298127643,7.733353676704757,-1.534917135634039,0.023167860577594956,0.027531688052354328,-0.8640919995114811,-0.7415255355539631,-0.74250671931657,-0.7463523034360797,7.740624740279699,-1.5475531046953117,0.011140832730482213,0.015648242000504832,-0.9219446722513367,-0.7542804547751667,-0.7550800261564021,-0.7588332874718704,8.750664536589982,-1.7626705793251918
0.01685962163646213,0.021207025764095215,-0.8416338712663314,-0.7342865157889222,-0.7354079234383997,-0.7397151418003234,7.276937965215145,-1.4604293431887647,0.01994169986464802,0.024317498942080025,-0.8537403133572983,-0.7379824415689266,-0.7390606608182435,-0.7430659298127643,7.733353676704757,-1.534917135634039,0.023076009049503327,0.027454632496439774,-0.8987158143913273,-0.7510347649984298,-0.7521246334959176,-0.7555528025247662,7.926543682506573,-1.5182626329974171
0.028131264183740897,0.03246314601531293,-0.8327948321147827,-0.7306415533585975,-0.7318422124541321,-0.7362420479866529,7.5941350804095205,-1.5199849123584204,0.01685962163646213,0.021207025764095215,-0.8416338712663314,-0.7342865157889222,-0.7354079234383997,-0.7397151418003234,7.276937965215145,-1.4604293431887647,0.013635208223117982,0.018045967262767415,-0.8793104917261759,-0.7478243779353715,-0.7487477709075978,-0.7525335957718027,7.894535606145043,-1.513971650843509
0.0245873448778436,0.02888955405884694,-0.8257163629361475,-0.7265815359026129,-0.7278490880468391,-0.7325773154177555,7.227742678635858,-1.5405287588521228,0.028131264183740897,0.03246314601531293,-0.8327948321147827,-0.7306415533585975,-0.7318422124541321,-0.7362420479866529,7.5941350804095205,-1.5199849123584204,0.02194699131000753,0.026330300586302,-0.869465979157058,-0.7446975630583261,-0.7457091863693885,-0.7494959748285817,7.956943451699505,-1.5429611084929504
0.03180827093547263,0.03607019112992785,-0.8157520909783991,-0.7225207835491214,-0.7238730845500636,-0.7287677779214342,7.099103187062013,-1.5286486851932592,0.0245873448778436,0.02888955405884694,-0.8257163629361475,-0.7265815359026129,-0.7278490880468391,-0.7325773154177555,7.227742678635858,-1.5405287588521228,0.023167860577594956,0.027531688052354328,-0.8640919995114811,-0.7415255355539631,-0.74250671931657,-0.7463523034360797,7.740624740279699,-1.5475531046953117
0.021404558144193002,0.025665292468118862,-0.8079134999889799,-0.718871293731919,-0.7199356120408325,-0.724882671906607,6.665240422674881,-1.4639877425760703,0.03180827093547263,0.03607019112992785,-0.8157520909783991,-0.7225207835491214,-0.7238730845500636,-0.7287677779214342,7.099103187062013,-1.5286486851932592,0.01994169986464802,0.024317498942080025,-0.8537403133572983,-0.7379824415689266,-0.7390606608182435,-0.7430659298127643,7.733353676704757,-1.534917135634039
0.03319854219968499,0.03746801825449013,-0.7943242414477798,-0.7146571584103293,-0.7160685973571819,-0.7209278096164708,7.125015226252573,-1.4935756840086023,0.021404558144193002,0.025665292468118862,-0.8079134999889799,-0.718871293731919,-0.7199356120408325,-0.724882671906607,6.665240422674881,-1.4639877425760703,0.01685962163646213,0.021207025764095215,-0.8416338712663314,-0.7342865157889222,-0.7354079234383997,-0.7397151418003234,7.276937965215145,-1.4604293431887647
0.004194189423235996,0.00838429471116292,-0.786053202698229,-0.7116152645250868,-0.7123859433775435,-0.7170274230215841,5.687883531325943,-1.3683134037441322,0.03319854219968499,0.03746801825449013,-0.7943242414477798,-0.7146571584103293,-0.7160685973571819,-0.7209278096164708,7.125015226252573,-1.4935756840086023,0.028131264183740897,0.03246314601531293,-0.8327948321147827,-0.7306415533585975,-0.7318422124541321,-0.7362420479866529,7.5941350804095205,-1.5199849123584204
0.023120382516637228,0.027180568604652976,-0.7707951131278675,-0.7080565084103555,-0.7091640521003748,-0.7133077121350804,5.34063023260515,-1.2978182195423043,0.004194189423235996,0.00838429471116292,-0.786053202698229,-0.7116152645250868,-0.7123859433775435,-0.7170274230215841,5.687883531325943,-1.3683134037441322,0.0245873448778436,0.02888955405884694,-0.8257163629361475,-0.7265815359026129,-0.7278490880468391,-0.7325773154177555,7.227742678635858,-1.5405287588521228
-0.0005708007283462303,0.0034393106678826703,-0.7506608301446029,-0.7055211381507509,-0.7060589326708097,-0.7098072029606184,4.452494315356576,-1.198460976392928,0.023120382516637228,0.027180568604652976,-0.7707951131278675,-0.7080565084103555,-0.7091640521003748,-0.7133077121350804,5.34063023260515,-1.2978182195423043,0.03180827093547263,0.03607019112992785,-0.8157520909783991,-0.7225207835491214,-0.7238730845500636,-0.7287677779214342,7.099103187062013,-1.5286486851932592
0.012569602831332936,0.016518635498955925,-0.727578441550987,-0.702686161977714,-0.7035007819071615,-0.7065932378955799,4.414121670044091,-1.2064483024115644,-0.0005708007283462303,0.0034393106678826703,-0.7506608301446029,-0.7055211381507509,-0.7060589326708097,-0.7098072029606184,4.452494315356576,-1.198460976392928,0.021404558144193002,0.025665292468118862,-0.8079134999889799,-0.718871293731919,-0.7199356120408325,-0.724882671906607,6.665240422674881,-1.4639877425760703
0.017838540984201977,0.021716150349199638,-0.7114064925746291,-0.6994503223668513,-0.7003601944965088,-0.7035654407457603,4.20431464961988,-1.2409712327949143,0.012569602831332936,0.016518635498955925,-0.727578441550987,-0.702686161977714,-0.7035007819071615,-0.7065932378955799,4.414121670044091,-1.2064483024115644,0.03319854219968499,0.03746801825449013,-0.7943242414477798,-0.7146571584103293,-0.7160685973571819,-0.7209278096164708,7.125015226252573,-1.4935756840086023
0.01993025886330729,0.02370530074068665,-0.6923444681506509,-0.695467942650141,-0.6966092522585282,-0.70038605437806,3.905994248288698,-1.0503448979708987,0.017838540984201977,0.021716150349199638,-0.7114064925746291,-0.6994503223668513,-0.7003601944965088,-0.7035654407457603,4.20431464961988,-1.2409712327949143,0.004194189423235996,0.00838429471116292,-0.786053202698229,-0.7116152645250868,-0.7123859433775435,-0.7170274230215841,5.687883531325943,-1.3683134037441322
0.011795274186128392,0.015405956290676297,-0.6672285673514392,-0.692313781221147,-0.6930921599565585,-0.6971570701539481,3.288134681165788,-1.072535977139143,0.01993025886330729,0.02370530074068665,-0.6923444681506509,-0.695467942650141,-0.6966092522585282,-0.70038605437806,3.905994248288698,-1.0503448979708987,0.023120382516637228,0.027180568604652976,-0.7707951131278675,-0.7080565084103555,-0.7091640521003748,-0.7133077121350804,5.34063023260515,-1.2978182195423043
-0.009491069108500443,-0.006127381480868974,-0.6242671134548967,-0.6910792564742316,-0.691172820029428,-0.6940667849994343,2.587905572935803,-1.070460400838829,0.011795274186128392,0.015405956290676297,-0.6672285673514392,-0.692313781221147,-0.6930921599565585,-0.6971570701539481,3.288134681165788,-1.072535977139143,-0.0005708007283462303,0.0034393106678826703,-0.7506608301446029,-0.7055211381507509,-0.7060589326708097,-0.7098072029606184,4.452494315356576,-1.198460976392928
-0.007094854319269022,-0.004199923800967384,-0.5681619071841232,-0.6902303594851183,-0.6902323477887097,-0.6914844800414497,2.2580513938505202,-0.8942357073564602,-0.009491069108500443,-0.006127381480868974,-0.6242671134548967,-0.6910792564742316,-0.691172820029428,-0.6940667849994343,2.587905572935803,-1.070460400838829,0.012569602831332936,0.016518635498955925,-0.727578441550987,-0.702686161977714,-0.7035007819071615,-0.7065932378955799,4.414121670044091,-1.2064483024115644
-0.0409513527965344,-0.03841914487184092,-0.50038096221711,-0.6903825191177324,-0.6898287828495806,-0.689668485102861,1.873222704863701,-0.9475990342583035,-0.007094854319269022,-0.004199923800967384,-0.5681619071841232,-0.6902303594851183,-0.6902323477887097,-0.6914844800414497,2.2580513938505202,-0.8942357073564602,0.017838540984201977,0.021716150349199638,-0.7114064925746291,-0.6994503223668513,-0.7003601944965088,-0.7035654407457603,4.20431464961988,-1.2409712327949143
-0.02667841878203885,-0.024376883717427397,-0.4450649788968156,-0.6907351720841417,-0.6902908451680067,-0.6888457875948897,1.776166886961163,-0.7872779234204559,-0.0409513527965344,-0.03841914487184092,-0.50038096221711,-0.6903825191177324,-0.6898287828495806,-0.689668485102861,1.873222704863701,-0.9475990342583035,0.01993025886330729,0.02370530074068665,-0.6923444681506509,-0.695467942650141,-0.6966092522585282,-0.70038605437806,3.905994248288698,-1.0503448979708987
0.0005930878621975069,0.0028372935934150717,-0.4116354390058134,-0.6901773781546827,-0.6901018274195481,-0.6885298812338245,1.006227567048426,-0.5324010414106787,-0.02667841878203885,-0.024376883717427397,-0.4450649788968156,-0.6907351720841417,-0.6902908451680067,-0.6888457875948897,1.776166886961163,-0.7872779234204559,0.011795274186128392,0.015405956290676297,-0.6672285673514392,-0.692313781221147,-0.6930921599565585,-0.6971570701539481,3.288134681165788,-1.072535977139143
0.008736533098097125,0.010992314161636839,-0.4078571624795289,-0.6876982947706013,-0.6884036276122443,-0.6880509085494062,1.0667658403250986,-0.5741117523880931,0.0005930878621975069,0.0028372935934150717,-0.4116354390058134,-0.6901773781546827,-0.6901018274195481,-0.6885298812338245,1.006227567048426,-0.5324010414106787,-0.009491069108500443,-0.006127381480868974,-0.6242671134548967,-0.6910792564742316,-0.691172820029428,-0.6940667849994343,2.587905572935803,-1.070460400838829
0.01924588019486924,0.021458525940088333,-0.40168581266613196,-0.6855508159622374,-0.6861346221746885,-0.6871729657818835,1.0011262030487513,-0.5543474049990721,0.008736533098097125,0.010992314161636839,-0.4078571624795289,-0.6876982947706013,-0.6884036276122443,-0.6880509085494062,1.0667658403250986,-0.5741117523880931,-0.007094854319269022,-0.004199923800967384,-0.5681619071841232,-0.6902303594851183,-0.6902323477887097,-0.6914844800414497,2.2580513938505202,-0.8942357073564602
0.019167330237283564,0.02114973689944221,-0.40097599235571685,-0.6821915725711116,-0.6832066203379892,-0.685492272264631,1.0899121206533025,-0.3306293859321065,0.01924588019486924,0.021458525940088333,-0.40168581266613196,-0.6855508159622374,-0.6861346221746885,-0.6871729657818835,1.0011262030487513,-0.5543474049990721,-0.0409513527965344,-0.03841914487184092,-0.50038096221711,-0.6903825191177324,-0.6898287828495806,-0.689668485102861,1.873222704863701,-0.9475990342583035
0.016400963581851127,0.018465552478246633,-0.3960434120977433,-0.6794647652451611,-0.6801789929970012,-0.6830876476080546,1.1797753458872506,-0.3646016830668004,0.019167330237283564,0.02114973689944221,-0.40097599235571685,-0.6821915725711116,-0.6832066203379892,-0.685492272264631,1.0899121206533025,-0.3306293859321065,-0.02667841878203885,-0.024376883717427397,-0.4450649788968156,-0.6907351720841417,-0.6902908451680067,-0.6888457875948897,1.776166886961163,-0.7872779234204559
0.017100768588642717,0.019151511988917166,-0.3915988100569218,-0.6759167771713406,-0.676896534410022,-0.6802111542353735,1.1684609270203303,-0.35042924436359585,0.016400963581851127,0.018465552478246633,-0.3960434120977433,-0.6794647652451611,-0.6801789929970012,-0.6830876476080546,1.1797753458872506,-0.3646016830668004,0.0005930878621975069,0.0028372935934150717,-0.4116354390058134,-0.6901773781546827,-0.6901018274195481,-0.6885298812338245,1.006227567048426,-0.5324010414106787
0.021477014504762887,0.023474440567476204,-0.38284566391289565,-0.6723853691022518,-0.6733753128689579,-0.6770505049981728,1.0973023482633284,-0.35107830615174557,0.017100768588642717,0.019151511988917166,-0.3915988100569218,-0.6759167771713406,-0.676896534410022,-0.6802111542353735,1.1684609270203303,-0.35042924436359585,0.008736533098097125,0.010992314161636839,-0.4078571624795289,-0.6876982947706013,-0.6884036276122443,-0.6880509085494062,1.0667658403250986,-0.5741117523880931
0.0005585741935670643,0.0026120337146652538,-0.37285951910129345,-0.669831644329301,-0.670280230268551,-0.6737916500205997,1.059170741398371,-0.29213924722942847,0.021477014504762887,0.023474440567476204,-0.38284566391289565,-0.6723853691022518,-0.6733753128689579,-0.6770505049981728,1.0973023482633284,-0.35107830615174557,0.01924588019486924,0.021458525940088333,-0.40168581266613196,-0.6855508159622374,-0.6861346221746885,-0.6871729657818835,1.0011262030487513,-0.5543474049990721
-0.020098422335878788,-0.018182818499971005,-0.34956911230948756,-0.6689445715058693,-0.668859584116621,-0.670948240886229,1.0097849722748204,-0.34105614851420896,0.0005585741935670643,0.0026120337146652538,-0.37285951910129345,-0.669831644329301,-0.670280230268551,-0.6737916500205997,1.059170741398371,-0.29213924722942847,0.019167330237283564,0.02114973689944221,-0.40097599235571685,-0.6821915725711116,-0.6832066203379892,-0.685492272264631,1.0899121206533025,-0.3306293859321065
-0.022543322875124075,-0.02094016978980611,-0.3308999484217714,-0.6676463571353722,-0.6676842094708861,-0.6685703422951476,0.8243847896837582,-0.39755145327687635,-0.020098422335878788,-0.018182818499971005,-0.34956911230948756,-0.6689445715058693,-0.668859584116621,-0.670948240886229,1.0097849722748204,-0.34105614851420896,0.016400963581851127,0.018465552478246633,-0.3960434120977433,-0.6794647652451611,-0.6801789929970012,-0.6830876476080546,1.1797753458872506,-0.3646016830668004
-0.043956602513477744,-0.04263020148837271,-0.2892187900009671,-0.6679847520445593,-0.6672719427748672,-0.6669382511050465,0.7344931945411628,-0.4369026272603952,-0.022543322875124075,-0.02094016978980611,-0.3308999484217714,-0.6676463571353722,-0.6676842094708861,-0.6685703422951476,0.8243847896837582,-0.39755145327687635,0.017100768588642717,0.019151511988917166,-0.3915988100569218,-0.6759167771713406,-0.676896534410022,-0.6802111542353735,1.1684609270203303,-0.35042924436359585
-0.05473189287029411,-0.053702068478763555,-0.24481207314660103,-0.6693316055766851,-0.668344859749896,-0.6663518856971915,0.6507987003137483,-0.2505668848846229,-0.043956602513477744,-0.04263020148837271,-0.2892187900009671,-0.6679847520445593,-0.6672719427748672,-0.6669382511050465,0.7344931945411628,-0.4369026272603952,0.021477014504762887,0.023474440567476204,-0.38284566391289565,-0.6723853691022518,-0.6733753128689579,-0.6770505049981728,1.0973023482633284,-0.35107830615174557
-0.0625916812291199,-0.061816764075361234,-0.20468773869919454,-0.6718879002503695,-0.6703487876657335,-0.6666661680717982,0.3944740127649604,-0.22761268362273732,-0.05473189287029411,-0.053702068478763555,-0.24481207314660103,-0.6693316055766851,-0.668344859749896,-0.6663518856971915,0.6507987003137483,-0.2505668848846229,0.0005585741935670643,0.0026120337146652538,-0.37285951910129345,-0.669831644329301,-0.670280230268551,-0.6737916500205997,1.059170741398371,-0.29213924722942847
-0.04777196577574191,-0.04749435172770071,-0.15812755324467775,-0.6740101102353055,-0.6728953458610349,-0.6678526166418614,0.2736036761888947,-0.17049087661916845,-0.0625916812291199,-0.061816764075361234,-0.20468773869919454,-0.6718879002503695,-0.6703487876657335,-0.6666661680717982,0.3944740127649604,-0.22761268362273732,-0.020098422335878788,-0.018182818499971005,-0.34956911230948756,-0.6689445715058693,-0.668859584116621,-0.670948240886229,1.0097849722748204,-0.34105614851420896
-0.02049830260013312,-0.020312825333249587,-0.12397638150824108,-0.6751257578419882,-0.6745305507231965,-0.6696082701890842,0.2581256101218461,-0.19383635356608767,-0.04777196577574191,-0.04749435172770071,-0.15812755324467775,-0.6740101102353055,-0.6728953458610349,-0.6678526166418614,0.2736036761888947,-0.17049087661916845,-0.022543322875124075,-0.02094016978980611,-0.3308999484217714,-0.6676463571353722,-0.6676842094708861,-0.6685703422951476,0.8243847896837582,-0.39755145327687635
-0.050141261097834164,-0.05003063550383806,-0.09725700723032375,-0.6758101983616449,-0.6749666425647798,-0.671259727074434,0.2224639670657549,-0.19606758851034098,-0.02049830260013312,-0.020312825333249587,-0.12397638150824108,-0.6751257578419882,-0.6745305507231965,-0.6696082701890842,0.2581256101218461,-0.19383635356608767,-0.043956602513477744,-0.04263020148837271,-0.2892187900009671,-0.6679847520445593,-0.6672719427748672,-0.6669382511050465,0.7344931945411628,-0.4369026272603952
-0.04248912997691209,-0.042491157281264756,-0.07246313611088354,-0.6778550745740604,-0.6767691376372174,-0.6729209697517804,0.16040926073102346,-0.19782589089476585,-0.050141261097834164,-0.05003063550383806,-0.09725700723032375,-0.6758101983616449,-0.6749666425647798,-0.671259727074434,0.2224639670657549,-0.19606758851034098,-0.05473189287029411,-0.053702068478763555,-0.24481207314660103,-0.6693316055766851,-0.668344859749896,-0.6663518856971915,0.6507987003137483,-0.2505668848846229
-0.042485029830590534,-0.04250365888207573,-0.07924240973141897,-0.6783935348736773,-0.6776519465447945,-0.674162684338766,0.14823754801382538,-0.20221878726646095,-0.04248912997691209,-0.042491157281264756,-0.07246313611088354,-0.6778550745740604,-0.6767691376372174,-0.6729209697517804,0.16040926073102346,-0.19782589089476585,-0.0625916812291199,-0.061816764075361234,-0.20468773869919454,-0.6718879002503695,-0.6703487876657335,-0.6666661680717982,0.3944740127649604,-0.22761268362273732
-0.08801753087980754,-0.08826739385915203,-0.05714832228662423,-0.681398596502462,-0.679532827593842,-0.675414953995247,-0.027895971986215073,-0.15493789071431194,-0.042485029830590534,-0.04250365888207573,-0.07924240973141897,-0.6783935348736773,-0.6776519465447945,-0.674162684338766,0.14823754801382538,-0.20221878726646095,-0.04777196577574191,-0.04749435172770071,-0.15812755324467775,-0.6740101102353055,-0.6728953458610349,-0.6678526166418614,0.2736036761888947,-0.17049087661916845
-0.10138495084585133,-0.10179096402923764,-0.017141679941391548,-0.6852729283613097,-0.683145587009564,-0.6774077625164066,-0.11391093636332794,-0.17523025698843678,-0.08801753087980754,-0.08826739385915203,-0.05714832228662423,-0.681398596502462,-0.679532827593842,-0.675414953995247,-0.027895971986215073,-0.15493789071431194,-0.02049830260013312,-0.020312825333249587,-0.12397638150824108,-0.6751257578419882,-0.6745305507231965,-0.6696082701890842,0.2581256101218461,-0.19383635356608767
-0.11337528135540564,-0.11418304829391482,0.030601576312621063,-0.6917061860360338,-0.6886551000833034,-0.6803542029242797,-0.2164546141224899,-0.16697626923460931,-0.10138495084585133,-0.10179096402923764,-0.017141679941391548,-0.6852729283613097,-0.683145587009564,-0.6774077625164066,-0.11391093636332794,-0.17523025698843678,-0.050141261097834164,-0.05003063550383806,-0.09725700723032375,-0.6758101983616449,-0.6749666425647798,-0.671259727074434,0.2224639670657549,-0.19606758851034098
-0.07284608758149709,-0.07357263908851515,0.06330287046104295,-0.6963410673578803,-0.6943825052094095,-0.684389262232352,-0.1523760927077924,-0.19353346906707722,-0.11337528135540564,-0.11418304829391482,0.030601576312621063,-0.6917061860360338,-0.6886551000833034,-0.6803542029242797,-0.2164546141224899,-0.16697626923460931,-0.04248912997691209,-0.042491157281264756,-0.07246313611088354,-0.6778550745740604,-0.6767691376372174,-0.6729209697517804,0.16040926073102346,-0.19782589089476585
-0.07523355993901956,-0.07614329378809864,0.076921645249449,-0.6992922902758045,-0.6976072394245335,-0.6888647571075659,-0.14018317583886475,-0.20594745162933753,-0.07284608758149709,-0.07357263908851515,0.06330287046104295,-0.6963410673578803,-0.6943825052094095,-0.684389262232352,-0.1523760927077924,-0.19353346906707722,-0.042485029830590534,-0.04250365888207573,-0.07924240973141897,-0.6783935348736773,-0.6776519465447945,-0.674162684338766,0.14823754801382538,-0.20221878726646095
-0.06532985527772359,-0.06582513907579556,0.0601331972870027,-0.7031173705584342,-0.701367752921872,-0.6934173858723689,-0.07763501206632872,-0.2148779028895022,-0.07523355993901956,-0.07614329378809864,0.076921645249449,-0.6992922902758045,-0.6976072394245335,-0.6888647571075659,-0.14018317583886475,-0.20594745162933753,-0.08801753087980754,-0.08826739385915203,-0.05714832228662423,-0.681398596502462,-0.679532827593842,-0.675414953995247,-0.027895971986215073,-0.15493789071431194
-0.07389773087931739,-0.07414362676396216,0.04243299092564301,-0.7055229126593654,-0.7042192674151031,-0.6974559019459832,-0.016369300346890103,-0.2461139598796405,-0.06532985527772359,-0.06582513907579556,0.0601331972870027,-0.7031173705584342,-0.701367752921872,-0.6934173858723689,-0.07763501206632872,-0.2148779028895022,-0.10138495084585133,-0.10179096402923764,-0.017141679941391548,-0.6852729283613097,-0.683145587009564,-0.6774077625164066,-0.11391093636332794,-0.17523025698843678
-0.07663833823271762,-0.07691326523943814,0.03919900008565886,-0.7082437235502712,-0.7067294863315927,-0.7006371443596653,-0.046174908155228955,-0.23721322039029727,-0.07389773087931739,-0.07414362676396216,0.04243299092564301,-0.7055229126593654,-0.7042192674151031,-0.6974559019459832,-0.016369300346890103,-0.2461139598796405,-0.11337528135540564,-0.11418304829391482,0.030601576312621063,-0.6917061860360338,-0.6886551000833034,-0.6803542029242797,-0.2164546141224899,-0.16697626923460931
-0.10490940999198167,-0.1051305695383608,0.05407272246438831,-0.712329316783825,-0.7102205230316503,-0.7038013824352157,-0.015180037474701091,-0.2710828602650428,-0.07663833823271762,-0.07691326523943814,0.03919900008565886,-0.7082437235502712,-0.7067294863315927,-0.7006371443596653,-0.046174908155228955,-0.23721322039029727,-0.07284608758149709,-0.07357263908851515,0.06330287046104295,-0.6963410673578803,-0.6943825052094095,-0.684389262232352,-0.1523760927077924,-0.19353346906707722
-0.08917849575742437,-0.08982652975713747,0.08576645063962324,-0.7174310768488239,-0.7152463930109836,-0.7073107902122688,0.21596666458286462,-0.09187093655279428,-0.10490940999198167,-0.1051305695383608,0.05407272246438831,-0.712329316783825,-0.7102205230316503,-0.7038013824352157,-0.015180037474701091,-0.2710828602650428,-0.07523355993901956,-0.07614329378809864,0.076921645249449,-0.6992922902758045,-0.6976072394245335,-0.6888647571075659,-0.14018317583886475,-0.20594745162933753
-0.09231595872787376,-0.09397249170830933,0.15004867206714972,-0.7227201745366563,-0.7203557105424594,-0.7112931034267757,0.34178886084141924,0.13899759637188364,-0.08917849575742437,-0.08982652975713747,0.08576645063962324,-0.7174310768488239,-0.7152463930109836,-0.7073107902122688,0.21596666458286462,-0.09187093655279428,-0.06532985527772359,-0.06582513907579556,0.0601331972870027,-0.7031173705584342,-0.701367752921872,-0.6934173858723689,-0.07763501206632872,-0.2148779028895022
-0.1171723927702672,-0.11862573943950805,0.19145695875970226,-0.7283859684383001,-0.7256702852620682,-0.7159625694830751,0.34218436128440377,0.13349337636912795,-0.09231595872787376,-0.09397249170830933,0.15004867206714972,-0.7227201745366563,-0.7203557105424594,-0.7112931034267757,0.34178886084141924,0.13899759637188364,-0.07389773087931739,-0.07414362676396216,0.04243299092564301,-0.7055229126593654,-0.7042192674151031,-0.6974559019459832,-0.016369300346890103,-0.2461139598796405
-0.10263311541002364,-0.10446335495403167,0.23779971915951717,-0.7335722193111955,-0.7312072132459484,-0.7211878135087801,0.4029076537623193,0.221607873164809,-0.1171723927702672,-0.11862573943950805,0.19145695875970226,-0.7283859684383001,-0.7256702852620682,-0.7159625694830751,0.34218436128440377,0.13349337636912795,-0.07663833823271762,-0.07691326523943814,0.03919900008565886,-0.7082437235502712,-0.7067294863315927,-0.7006371443596653,-0.046174908155228955,-0.23721322039029727
-0.12276928520050845,-0.12468600642974775,0.2712711288989101,-0.7394045481576641,-0.7366086912364722,-0.7265518443658185,0.35436583552240286,0.24436743546458345,-0.10263311541002364,-0.10446335495403167,0.23779971915951717,-0.7335722193111955,-0.7312072132459484,-0.7211878135087801,0.4029076537623193,0.221607873164809,-0.10490940999198167,-0.1051305695383608,0.05407272246438831,-0.712329316783825,-0.7102205230316503,-0.7038013824352157,-0.015180037474701091,-0.2710828602650428
-0.0936514758856773,-0.09585188899869113,0.30472231278919726,-0.7455789456540077,-0.7430271289607873,-0.7322385776691547,0.21828106490277888,0.21375124021792385,-0.12276928520050845,-0.12468600642974775,0.2712711288989101,-0.7394045481576641,-0.7366086912364722,-0.7265518443658185,0.35436583552240286,0.24436743546458345,-0.08917849575742437,-0.08982652975713747,0.08576645063962324,-0.7174310768488239,-0.7152463930109836,-0.7073107902122688,0.21596666458286462,-0.09187093655279428
-0.07242588769968396,-0.07449451864539561,0.3252711367152429,-0.7498378656595497,-0.7479970755095435,-0.7378608086065275,0.2563020989341718,0.2089998640041726,-0.0936514758856773,-0.09585188899869113,0.30472231278919726,-0.7455789456540077,-0.7430271289607873,-0.7322385776691547,0.21828106490277888,0.21375124021792385,-0.09231595872787376,-0.09397249170830933,0.15004867206714972,-0.7227201745366563,-0.7203557105424594,-0.7112931034267757,0.34178886084141924,0.13899759637188364
-0.07972339050892087,-0.0817904399844322,0.33415663763828585,-0.7536922529676603,-0.7518407313654536,-0.7430542546697813,0.2621874097021166,0.23183497557090735,-0.07242588769968396,-0.07449451864539561,0.3252711367152429,-0.7498378656595497,-0.7479970755095435,-0.7378608086065275,0.2563020989341718,0.2089998640041726,-0.1171723927702672,-0.11862573943950805,0.19145695875970226,-0.7283859684383001,-0.7256702852620682,-0.7159625694830751,0.34218436128440377,0.13349337636912795
-0.07520357942829395,-0.07713549568010429,0.3376380759653844,-0.7573410078873557,-0.7556354014091524,-0.7478936680283711,0.29701057592825997,0.25576435143770904,-0.07972339050892087,-0.0817904399844322,0.33415663763828585,-0.7536922529676603,-0.7518407313654536,-0.7430542546697813,0.2621874097021166,0.23183497557090735,-0.10263311541002364,-0.10446335495403167,0.23779971915951717,-0.7335722193111955,-0.7312072132459484,-0.7211878135087801,0.4029076537623193,0.221607873164809
-0.030853755926187335,-0.03253682714904203,0.3204518570493239,-0.7591724217667791,-0.7584548306329788,-0.7518870563938664,0.37690702999015846,0.2405332512574242,-0.07520357942829395,-0.07713549568010429,0.3376380759653844,-0.7573410078873557,-0.7556354014091524,-0.7478936680283711,0.29701057592825997,0.25576435143770904,-0.12276928520050845,-0.12468600642974775,0.2712711288989101,-0.7394045481576641,-0.7366086912364722,-0.7265518443658185,0.35436583552240286,0.24436743546458345
-0.0512708531249903,-0.05263036175637323,0.299077978732613,-0.7609697570148553,-0.7599485088584186,-0.7549554650716217,0.4795640328332924,0.23331503090708125,-0.030853755926187335,-0.03253682714904203,0.3204518570493239,-0.7591724217667791,-0.7584548306329788,-0.7518870563938664,0.37690702999015846,0.2405332512574242,-0.0936514758856773,-0.09585188899869113,0.30472231278919726,-0.7455789456540077,-0.7430271289607873,-0.7322385776691547,0.21828106490277888,0.21375124021792385
-0.044800931799475245,-0.04581279547778498,0.2858005096425663,-0.7620228158505225,-0.761369694335262,-0.757423948794905,0.710161539324226,0.2569789250722421,-0.0512708531249903,-0.05263036175637323,0.299077978732613,-0.7609697570148553,-0.7599485088584186,-0.7549554650716217,0.4795640328332924,0.23331503090708125,-0.07242588769968396,-0.07449451864539561,0.3252711367152429,-0.7498378656595497,-0.7479970755095435,-0.7378608086065275,0.2563020989341718,0.2089998640041726
-0.07134867980716358,-0.07244444174627271,0.27814469334246394,-0.7649212994164587,-0.7634338827216878,-0.7594678793156204,0.6858690231591709,0.1723571769739423,-0.044800931799475245,-0.04581279547778498,0.2858005096425663,-0.7620228158505225,-0.761369694335262,-0.757423948794905,0.710161539324226,0.2569789250722421,-0.07972339050892087,-0.0817904399844322,0.33415663763828585,-0.7536922529676603,-0.7518407313654536,-0.7430542546697813,0.2621874097021166,0.23183497557090735
-0.07885155213866116,-0.07972687839121913,0.2912729996133969,-0.7694282503180113,-0.7673924839015209,-0.7616975576926277,0.8110953484495722,0.2232638748499357,-0.07134867980716358,-0.07244444174627271,0.27814469334246394,-0.7649212994164587,-0.7634338827216878,-0.7594678793156204,0.6858690231591709,0.1723571769739423,-0.07520357942829395,-0.07713549568010429,0.3376380759653844,-0.7573410078873557,-0.7556354014091524,-0.7478936680283711,0.29701057592825997,0.25576435143770904
-0.0891932005539764,-0.09004766257992816,0.2970902975156988,-0.7735661519727997,-0.7716675361061622,-0.7645921122010034,0.8340908871028376,0.24502552248272466,-0.07885155213866116,-0.07972687839121913,0.2912729996133969,-0.7694282503180113,-0.7673924839015209,-0.7616975576926277,0.8110953484495722,0.2232638748499357,-0.030853755926187335,-0.03253682714904203,0.3204518570493239,-0.7591724217667791,-0.7584548306329788,-0.7518870563938664,0.37690702999015846,0.2405332512574242
-0.12658728225487328,-0.12754172125237084,0.33062171813356334,-0.7791575479577156,-0.7763694639049623,-0.7682371173801471,0.8572038598121181,0.24132196196283637,-0.0891932005539764,-0.09004766257992816,0.2970902975156988,-0.7735661519727997,-0.7716675361061622,-0.7645921122010034,0.8340908871028376,0.24502552248272466,-0.0512708531249903,-0.05263036175637323,0.299077978732613,-0.7609697570148553,-0.7599485088584186,-0.7549554650716217,0.4795640328332924,0.23331503090708125
-0.10753603367021447,-0.10861211536396634,0.3798480516983975,-0.7851662036608125,-0.7825828648088555,-0.7729649999132466,0.7713074175938885,0.20312301576379788,-0.12658728225487328,-0.12754172125237084,0.33062171813356334,-0.7791575479577156,-0.7763694639049623,-0.7682371173801471,0.8572038598121181,0.24132196196283637,-0.044800931799475245,-0.04581279547778498,0.2858005096425663,-0.7620228158505225,-0.761369694335262,-0.757423948794905,0.710161539324226,0.2569789250722421
-0.12607561824954694,-0.12701015534611393,0.4140159928743715,-0.7904686997849011,-0.7879892097392082,-0.7781170213260484,0.861381686784656,0.26619941551837123,-0.10753603367021447,-0.10861211536396634,0.3798480516983975,-0.7851662036608125,-0.7825828648088555,-0.7729649999132466,0.7713074175938885,0.20312301576379788,-0.07134867980716358,-0.07244444174627271,0.27814469334246394,-0.7649212994164587,-0.7634338827216878,-0.7594678793156204,0.6858690231591709,0.1723571769739423
-0.05328665892277212,-0.054098315291886606,0.4501895227139886,-0.7941476168699613,-0.7927368387792142,-0.7833645730369079,0.889888506413,0.28470356814515874,-0.12607561824954694,-0.12701015534611393,0.4140159928743715,-0.7904686997849011,-0.7879892097392082,-0.7781170213260484,0.861381686784656,0.26619941551837123,-0.07885155213866116,-0.07972687839121913,0.2912729996133969,-0.7694282503180113,-0.7673924839015209,-0.7616975576926277,0.8110953484495722,0.2232638748499357
-0.058865693459745405,-0.05982444010249771,0.46499073284163805,-0.7963924344961946,-0.7951306540252465,-0.7881287934097443,0.8292147238916976,0.2537045354120756,-0.05328665892277212,-0.054098315291886606,0.4501895227139886,-0.7941476168699613,-0.7927368387792142,-0.7833645730369079,0.889888506413,0.28470356814515874,-0.0891932005539764,-0.09004766257992816,0.2970902975156988,-0.7735661519727997,-0.7716675361061622,-0.7645921122010034,0.8340908871028376,0.24502552248272466
-0.0784093734813539,-0.07951080219515219,0.47879447600582536,-0.7994527441362421,-0.7978595875206972,-0.7920780460830434,0.8168909935594573,0.34252024605676107,-0.058865693459745405,-0.05982444010249771,0.46499073284163805,-0.7963924344961946,-0.7951306540252465,-0.7881287934097443,0.8292147238916976,0.2537045354120756,-0.12658728225487328,-0.12754172125237084,0.33062171813356334,-0.7791575479577156,-0.7763694639049623,-0.7682371173801471,0.8572038598121181,0.24132196196283637
-0.045716108787472835,-0.04682610782680814,0.49185202078823187,-0.8010778542117435,-0.8003749312955042,-0.7953006190757748,0.6803215906017628,0.39010318985251213,-0.0784093734813539,-0.07951080219515219,0.47879447600582536,-0.7994527441362421,-0.7978595875206972,-0.7920780460830434,0.8168909935594573,0.34252024605676107,-0.10753603367021447,-0.10861211536396634,0.3798480516983975,-0.7851662036608125,-0.7825828648088555,-0.7729649999132466,0.7713074175938885,0.20312301576379788
-0.06632867490960301,-0.06736661467884686,0.5031930206316721,-0.8031078636865828,-0.8019846705966573,-0.7976933112194751,0.7406847695870029,0.43315875039070967,-0.045716108787472835,-0.04682610782680814,0.49185202078823187,-0.8010778542117435,-0.8003749312955042,-0.7953006190757748,0.6803215906017628,0.39010318985251213,-0.12607561824954694,-0.12701015534611393,0.4140159928743715,-0.7904686997849011,-0.7879892097392082,-0.7781170213260484,0.861381686784656,0.26619941551837123
-0.07420045790554061,-0.07524905681453481,0.5117756912098134,-0.8055149980654461,-0.8042669000417224,-0.79999042351989,0.7494891039160501,0.4283264971284599,-0.06632867490960301,-0.06736661467884686,0.5031930206316721,-0.8031078636865828,-0.8019846705966573,-0.7976933112194751,0.7406847695870029,0.43315875039070967,-0.05328665892277212,-0.054098315291886606,0.4501895227139886,-0.7941476168699613,-0.7927368387792142,-0.7833645730369079,0.889888506413,0.28470356814515874
-0.05322272885223333,-0.05419465457998683,0.5135332416520878,-0.8077984836982104,-0.8068105050404106,-0.8022822702954351,0.7219880570196913,0.4517199538620455,-0.07420045790554061,-0.07524905681453481,0.5117756912098134,-0.8055149980654461,-0.8042669000417224,-0.79999042351989,0.7494891039160501,0.4283264971284599,-0.058865693459745405,-0.05982444010249771,0.46499073284163805,-0.7963924344961946,-0.7951306540252465,-0.7881287934097443,0.8292147238916976,0.2537045354120756
-0.0460340777007676,-0.04758121320930596,0.5461390073680612,-0.8098055485376727,-0.8089399058127182,-0.8044127390855211,0.6487844005076049,0.2584669753648208,-0.05322272885223333,-0.05419465457998683,0.5135332416520878,-0.8077984836982104,-0.8068105050404106,-0.8022822702954351,0.7219880570196913,0.4517199538620455,-0.0784093734813539,-0.07951080219515219,0.47879447600582536,-0.7994527441362421,-0.7978595875206972,-0.7920780460830434,0.8168909935594573,0.34252024605676107
-0.08760349219598171,-0.09006085939418959,0.5966407976477364,-0.812535476937487,-0.8110972617177079,-0.806693871580024,1.2320037755805933,-0.2979390762655567,-0.0460340777007676,-0.04758121320930596,0.5461390073680612,-0.8098055485376727,-0.8089399058127182,-0.8044127390855211,0.6487844005076049,0.2584669753648208,-0.045716108787472835,-0.04682610782680814,0.49185202078823187,-0.8010778542117435,-0.8003749312955042,-0.7953006190757748,0.6803215906017628,0.39010318985251213
-0.10823859220523631,-0.11129570998815676,0.6647681981976806,-0.8163212185449256,-0.8143563984293056,-0.8092272072104959,1.3429367432828077,-0.19128028504660774,-0.08760349219598171,-0.09006085939418959,0.5966407976477364,-0.812535476937487,-0.8110972617177079,-0.806693871580024,1.2320037755805933,-0.2979390762655567,-0.06632867490960301,-0.06736661467884686,0.5031930206316721,-0.8031078636865828,-0.8019846705966573,-0.7976933112194751,0.7406847695870029,0.43315875039070967
-0.12684806808772214,-0.13306258027206663,0.7386848062787915,-0.8213301641915443,-0.818890424583455,-0.8122315801508614,5.11877278688894,-0.893648896643889,-0.10823859220523631,-0.11129570998815676,0.6647681981976806,-0.8163212185449256,-0.8143563984293056,-0.8092272072104959,1.3429367432828077,-0.19128028504660774,-0.07420045790554061,-0.07524905681453481,0.5117756912098134,-0.8055149980654461,-0.8042669000417224,-0.79999042351989,0.7494891039160501,0.4283264971284599
-0.2287082747500942,-0.2369165200469182,0.8378965427133076,-0.8310810005270353,-0.8265574281316045,-0.816549682581369,3.708589072439688,-0.8712577074979942,-0.12684806808772214,-0.13306258027206663,0.7386848062787915,-0.8213301641915443,-0.818890424583455,-0.8122315801508614,5.11877278688894,-0.893648896643889,-0.05322272885223333,-0.05419465457998683,0.5135332416520878,-0.8077984836982104,-0.8068105050404106,-0.8022822702954351,0.7219880570196913,0.4517199538620455
-0.25779430943826953,-0.2746037683828084,0.9995016606248899,-0.8432701106561321,-0.8384358786269134,-0.8232319896532583,6.797585522637169,-0.04336532467560993,-0.2287082747500942,-0.2369165200469182,0.8378965427133076,-0.8310810005270353,-0.8265574281316045,-0.816549682581369,3.708589072439688,-0.8712577074979942,-0.0460340777007676,-0.04758121320930596,0.5461390073680612,-0.8098055485376727,-0.8089399058127182,-0.8044127390855211,0.6487844005076049,0.2584669753648208
-0.2829396463443847,-0.30225056831993635,1.1474185120900777,-0.8564884189776002,-0.850898872128483,-0.8321705359153138,5.445383523207042,-0.013161435406864421,-0.25779430943826953,-0.2746037683828084,0.9995016606248899,-0.8432701106561321,-0.8384358786269134,-0.8232319896532583,6.797585522637169,-0.04336532467560993,-0.08760349219598171,-0.09006085939418959,0.5966407976477364,-0.812535476937487,-0.8110972617177079,-0.806693871580024,1.2320037755805933,-0.2979390762655567
-0.2620900102228839,-0.2857308791635448,1.2890754331621257,-0.8714748783780049,-0.8654554799876866,-0.8435695509024292,5.3098387177966035,0.48471422260321234,-0.2829396463443847,-0.30225056831993635,1.1474185120900777,-0.8564884189776002,-0.850898872128483,-0.8321705359153138,5.445383523207042,-0.013161435406864421,-0.10823859220523631,-0.11129570998815676,0.6647681981976806,-0.8163212185449256,-0.8143563984293056,-0.8092272072104959,1.3429367432828077,-0.19128028504660774
-0.2574768076528547,-0.2827392459379528,1.4210879176523208,-0.8848548286757841,-0.8793686673906131,-0.8566929860819839,4.620254637213563,0.43425869018561186,-0.2620900102228839,-0.2857308791635448,1.2890754331621257,-0.8714748783780049,-0.8654554799876866,-0.8435695509024292,5.3098387177966035,0.48471422260321234,-0.12684806808772214,-0.13306258027206663,0.7386848062787915,-0.8213301641915443,-0.818890424583455,-0.8122315801508614,5.11877278688894,-0.893648896643889
-0.320442429076088,-0.3476145505615254,1.5315785812056104,-0.9000206736449512,-0.8936775773051278,-0.8705158849273644,4.00359945707933,0.4112978609202497,-0.2574768076528547,-0.2827392459379528,1.4210879176523208,-0.8848548286757841,-0.8793686673906131,-0.8566929860819839,4.620254637213563,0.43425869018561186,-0.2287082747500942,-0.2369165200469182,0.8378965427133076,-0.8310810005270353,-0.8265574281316045,-0.816549682581369,3.708589072439688,-0.8712577074979942
-0.3573178862344334,-0.38789656791963123,1.6616391658982312,-0.9171306287275056,-0.9099472636818362,-0.885300400991491,3.2169373173594122,0.4378058370682266,-0.320442429076088,-0.3476145505615254,1.5315785812056104,-0.9000206736449512,-0.8936775773051278,-0.8705158849273644,4.00359945707933,0.4112978609202497,-0.25779430943826953,-0.2746037683828084,0.9995016606248899,-0.8432701106561321,-0.8384358786269134,-0.8232319896532583,6.797585522637169,-0.04336532467560993
-0.28072073169763334,-0.31576769747269817,1.817643429320254,-0.934187049065953,-0.9277538893978672,-0.9009486074141138,2.330670786742698,0.3863452536360027,-0.3573178862344334,-0.38789656791963123,1.6616391658982312,-0.9171306287275056,-0.9099472636818362,-0.885300400991491,3.2169373173594122,0.4378058370682266,-0.2829396463443847,-0.30225056831993635,1.1474185120900777,-0.8564884189776002,-0.850898872128483,-0.8321705359153138,5.445383523207042,-0.013161435406864421
-0.3023089337748348,-0.34100924205243355,1.9408832490439525,-0.9504732538733275,-0.9439830707531249,-0.9170746887645301,1.9392908588720825,0.24472602480488564,-0.28072073169763334,-0.31576769747269817,1.817643429320254,-0.934187049065953,-0.9277538893978672,-0.9009486074141138,2.330670786742698,0.3863452536360027,-0.2620900102228839,-0.2857308791635448,1.2890754331621257,-0.8714748783780049,-0.8654554799876866,-0.8435695509024292,5.3098387177966035,0.48471422260321234
-0.26027016967590505,-0.2999046284010838,2.0393178055093637,-0.9649925918052853,-0.9593637839853436,-0.9335433377777914,1.747368078290898,0.217784520524068,-0.3023089337748348,-0.34100924205243355,1.9408832490439525,-0.9504732538733275,-0.9439830707531249,-0.9170746887645301,1.9392908588720825,0.24472602480488564,-0.2574768076528547,-0.2827392459379528,1.4210879176523208,-0.8848548286757841,-0.8793686673906131,-0.8566929860819839,4.620254637213563,0.43425869018561186
-0.25185624595193506,-0.2924550225507407,2.1261170240471783,-0.979049702731004,-0.9735500645797625,-0.9496060535420103,1.5974383205639704,0.23175682150856014,-0.26027016967590505,-0.2999046284010838,2.0393178055093637,-0.9649925918052853,-0.9593637839853436,-0.9335433377777914,1.747368078290898,0.217784520524068,-0.320442429076088,-0.3476145505615254,1.5315785812056104,-0.9000206736449512,-0.8936775773051278,-0.8705158849273644,4.00359945707933,0.4112978609202497
-0.2533010424013912,-0.29392896268630964,2.171215117060918,-0.9928241533296579,-0.9874000758662654,-0.9647180598709627,1.5923503309764806,0.23314630071245934,-0.25185624595193506,-0.2924550225507407,2.1261170240471783,-0.979049702731004,-0.9735500645797625,-0.9496060535420103,1.5974383205639704,0.23175682150856014,-0.3573178862344334,-0.38789656791963123,1.6616391658982312,-0.9171306287275056,-0.9099472636818362,-0.885300400991491,3.2169373173594122,0.4378058370682266
-0.18364748895816096,-0.22461074914287632,2.166410372348536,-1.0042369902511785,-1.0000003573296306,-0.9789234860037761,1.5115578639534784,0.17344279181223254,-0.2533010424013912,-0.29392896268630964,2.171215117060918,-0.9928241533296579,-0.9874000758662654,-0.9647180598709627,1.5923503309764806,0.23314630071245934,-0.28072073169763334,-0.31576769747269817,1.817643429320254,-0.934187049065953,-0.9277538893978672,-0.9009486074141138,2.330670786742698,0.3863452536360027
-0.22025550412171405,-0.261469416203277,2.1793236879887066,-1.0150985793577207,-1.0107169258767401,-0.991926410446583,1.4777104108545327,0.20410541778289792,-0.18364748895816096,-0.22461074914287632,2.166410372348536,-1.0042369902511785,-1.0000003573296306,-0.9789234860037761,1.5115578639534784,0.17344279181223254,-0.3023089337748348,-0.34100924205243355,1.9408832490439525,-0.9504732538733275,-0.9439830707531249,-0.9170746887645301,1.9392908588720825,0.24472602480488564
-0.2730270160200905,-0.3150931782236161,2.18125847716827,-1.0271812947749224,-1.0222487871080959,-1.0042710575944516,1.38574819572756,0.2199031759319299,-0.22025550412171405,-0.261469416203277,2.1793236879887066,-1.0150985793577207,-1.0107169258767401,-0.991926410446583,1.4777104108545327,0.20410541778289792,-0.26027016967590505,-0.2999046284010838,2.0393178055093637,-0.9649925918052853,-0.9593637839853436,-0.9335433377777914,1.747368078290898,0.217784520524068
-0.2368439047703741,-0.27947745666492946,2.2076492073666767,-1.0403380546833296,-1.0352392014029548,-1.0163961476633658,1.2920947261430085,0.19790340007449245,-0.2730270160200905,-0.3150931782236161,2.18125847716827,-1.0271812947749224,-1.0222487871080959,-1.0042710575944516,1.38574819572756,0.2199031759319299,-0.25185624595193506,-0.2924550225507407,2.1261170240471783,-0.979049702731004,-0.9735500645797625,-0.9496060535420103,1.5974383205639704,0.23175682150856014
-0.24944540327493248,-0.2925808998766985,2.229695424719624,-1.0531734265103765,-1.0480101903469625,-1.0284487821562274,1.2219461362672037,0.2075146144735437,-0.2368439047703741,-0.27947745666492946,2.2076492073666767,-1.0403380546833296,-1.0352392014029548,-1.0163961476633658,1.2920947261430085,0.19790340007449245,-0.2533010424013912,-0.29392896268630964,2.171215117060918,-0.9928241533296579,-0.9874000758662654,-0.9647180598709627,1.5923503309764806,0.23314630071245934
-0.25684821847139505,-0.3006990158089615,2.2688866762936986,-1.0660566432272038,-1.061044283826015,-1.0410303134283956,1.132807702377268,0.19335549950001615,-0.24944540327493248,-0.2925808998766985,2.229695424719624,-1.0531734265103765,-1.0480101903469625,-1.0284487821562274,1.2219461362672037,0.2075146144735437,-0.18364748895816096,-0.22461074914287632,2.166410372348536,-1.0042369902511785,-1.0000003573296306,-0.9789234860037761,1.5115578639534784,0.17344279181223254
-0.3009109554318359,-0.34515047271447363,2.312889735492483,-1.0807196349506092,-1.0749283764077187,-1.0542341363678442,1.1053397137256704,0.219388439726042,-0.25684821847139505,-0.3006990158089615,2.2688866762936986,-1.0660566432272038,-1.061044283826015,-1.0410303134283956,1.132807702377268,0.19335549950001615,-0.22025550412171405,-0.261469416203277,2.1793236879887066,-1.0150985793577207,-1.0107169258767401,-0.991926410446583,1.4777104108545327,0.20410541778289792
-0.31192342038437726,-0.3570444801401174,2.3799118428770294,-1.0964151289177795,-1.0903947797664078,-1.0680828472732284,0.9926287207232454,0.23392023399009615,-0.3009109554318359,-0.34515047271447363,2.312889735492483,-1.0807196349506092,-1.0749283764077187,-1.0542341363678442,1.1053397137256704,0.219388439726042,-0.2730270160200905,-0.3150931782236161,2.18125847716827,-1.0271812947749224,-1.0222487871080959,-1.0042710575944516,1.38574819572756,0.2199031759319299
-0.36802225950107653,-0.4139336435941311,2.477895263608144,-1.1136374744004272,-1.1068236040945347,-1.082792672812632,0.9262513392906819,0.2730685457130777,-0.31192342038437726,-0.3570444801401174,2.3799118428770294,-1.0964151289177795,-1.0903947797664078,-1.0680828472732284,0.9926287207232454,0.23392023399009615,-0.2368439047703741,-0.27947745666492946,2.2076492073666767,-1.0403380546833296,-1.0352392014029548,-1.0163961476633658,1.2920947261430085,0.19790340007449245
-0.32918766547985656,-0.37670596283573166,2.5774637563112663,-1.130958689363994,-1.1246056697319535,-1.0986425709395256,0.7702164755346494,0.26629004356905284,-0.36802225950107653,-0.4139336435941311,2.477895263608144,-1.1136374744004272,-1.1068236040945347,-1.082792672812632,0.9262513392906819,0.2730685457130777,-0.24944540327493248,-0.2925808998766985,2.229695424719624,-1.0531734265103765,-1.0480101903469625,-1.0284487821562274,1.2219461362672037,0.2075146144735437
-0.2713666261780482,-0.3194302051346039,2.6304668315961104,-1.1455899292580676,-1.1401915544288168,-1.1149857097547802,0.6835489440383782,0.22949821898529366,-0.32918766547985656,-0.37670596283573166,2.5774637563112663,-1.130958689363994,-1.1246056697319535,-1.0986425709395256,0.7702164755346494,0.26629004356905284,-0.25684821847139505,-0.3006990158089615,2.2688866762936986,-1.0660566432272038,-1.061044283826015,-1.0410303134283956,1.132807702377268,0.19335549950001615
-0.2582033421306519,-0.305512107063274,2.6431231632612135,-1.158002352259454,-1.153344747679277,-1.1308240870925106,0.8340100351591708,0.28326214695308716,-0.2713666261780482,-0.3194302051346039,2.6304668315961104,-1.1455899292580676,-1.1401915544288168,-1.1149857097547802,0.6835489440383782,0.22949821898529366,-0.3009109554318359,-0.34515047271447363,2.312889735492483,-1.0807196349506092,-1.0749283764077187,-1.0542341363678442,1.1053397137256704,0.219388439726042
-0.23838248491628594,-0.2858946989802154,2.655874258191476,-1.169983872513992,-1.1654264196916797,-1.145694030996273,0.7958451058081168,0.2659362340964609,-0.2582033421306519,-0.305512107063274,2.6431231632612135,-1.158002352259454,-1.153344747679277,-1.1308240870925106,0.8340100351591708,0.28326214695308716,-0.31192342038437726,-0.3570444801401174,2.3799118428770294,-1.0964151289177795,-1.0903947797664078,-1.0680828472732284,0.9926287207232454,0.23392023399009615
-0.1671305177221819,-0.21117370425784374,2.6251025601949944,-1.1791261341744506,-1.1758627639900645,-1.1588084357155317,0.9421586674511571,0.3148179018373125,-0.23838248491628594,-0.2858946989802154,2.655874258191476,-1.169983872513992,-1.1654264196916797,-1.145694030996273,0.7958451058081168,0.2659362340964609,-0.36802225950107653,-0.4139336435941311,2.477895263608144,-1.1136374744004272,-1.1068236040945347,-1.082792672812632,0.9262513392906819,0.2730685457130777
-0.009637028569938172,-0.05109802464244079,2.591160176533942,-1.1826321520574643,-1.1821120257369655,-1.1695563424086153,1.0737072036933792,0.3129186260715393,-0.1671305177221819,-0.21117370425784374,2.6251025601949944,-1.1791261341744506,-1.1758627639900645,-1.1588084357155317,0.9421586674511571,0.3148179018373125,-0.32918766547985656,-0.37670596283573166,2.5774637563112663,-1.130958689363994,-1.1246056697319535,-1.0986425709395256,0.7702164755346494,0.26629004356905284
-0.05534504149791464,-0.0901092124613112,2.4995448696608458,-1.1859888255478568,-1.1852158094958436,-1.177789559810634,0.6041416339810213,0.2111971606732602,-0.009637028569938172,-0.05109802464244079,2.591160176533942,-1.1826321520574643,-1.1821120257369655,-1.1695563424086153,1.0737072036933792,0.3129186260715393,-0.2713666261780482,-0.3194302051346039,2.6304668315961104,-1.1455899292580676,-1.1401915544288168,-1.1149857097547802,0.6835489440383782,0.22949821898529366
0.0032217629683460175,-0.02923050256872539,2.437188342991168,-1.1878044544412438,-1.1878238908253307,-1.183731897734192,0.8573422739478422,0.2148186520329834,-0.05534504149791464,-0.0901092124613112,2.4995448696608458,-1.1859888255478568,-1.1852158094958436,-1.177789559810634,0.6041416339810213,0.2111971606732602,-0.2582033421306519,-0.305512107063274,2.6431231632612135,-1.158002352259454,-1.153344747679277,-1.1308240870925106,0.8340100351591708,0.28326214695308716
-0.039766745374184176,-0.06849090714716988,2.367958657586303,-1.1885807280222436,-1.1884360099407871,-1.1871837255672606,0.28575087870465543,-0.07341023324148181,0.0032217629683460175,-0.02923050256872539,2.437188342991168,-1.1878044544412438,-1.1878238908253307,-1.183731897734192,0.8573422739478422,0.2148186520329834,-0.23838248491628594,-0.2858946989802154,2.655874258191476,-1.169983872513992,-1.1654264196916797,-1.145694030996273,0.7958451058081168,0.2659362340964609
-0.026313494689230887,-0.05311696199881885,2.338018393227559,-1.1900300007993645,-1.189930533657142,-1.1892256034384987,0.4779401905204428,-0.039782705801622804,-0.039766745374184176,-0.06849090714716988,2.367958657586303,-1.1885807280222436,-1.1884360099407871,-1.1871837255672606,0.28575087870465543,-0.07341023324148181,-0.1671305177221819,-0.21117370425784374,2.6251025601949944,-1.1791261341744506,-1.1758627639900645,-1.1588084357155317,0.9421586674511571,0.3148179018373125
0.008848963921317343,-0.015305716454043355,2.3007287694170273,-1.1898006914920303,-1.1903859892079773,-1.1906256827504784,0.6720180697358153,-0.12546762625609004,-0.026313494689230887,-0.05311696199881885,2.338018393227559,-1.1900300007993645,-1.189930533657142,-1.1892256034384987,0.4779401905204428,-0.039782705801622804,-0.009637028569938172,-0.05109802464244079,2.591160176533942,-1.1826321520574643,-1.1821120257369655,-1.1695563424086153,1.0737072036933792,0.3129186260715393
0.08368039708127557,0.06314984872514137,2.2321658036923,-1.1870631769932043,-1.1888754351993076,-1.1909648229913192,0.8388573518478997,-0.10135439716961511,0.008848963921317343,-0.015305716454043355,2.3007287694170273,-1.1898006914920303,-1.1903859892079773,-1.1906256827504784,0.6720180697358153,-0.12546762625609004,-0.05534504149791464,-0.0901092124613112,2.4995448696608458,-1.1859888255478568,-1.1852158094958436,-1.177789559810634,0.6041416339810213,0.2111971606732602
0.08114878174825028,0.06477082942356105,2.154086302797777,-1.1846612440306903,-1.1860357598977576,-1.190426904212406,0.08980972269098819,0.16315496364995707,0.08368039708127557,0.06314984872514137,2.2321658036923,-1.1870631769932043,-1.1888754351993076,-1.1909648229913192,0.8388573518478997,-0.10135439716961511,0.0032217629683460175,-0.02923050256872539,2.437188342991168,-1.1878044544412438,-1.1878238908253307,-1.183731897734192,0.8573422739478422,0.2148186520329834
0.013421516081960377,-0.0009480673706022541,2.061233593470643,-1.1824508706174401,-1.1835796848640379,-1.18897459286549,0.46892290886132537,0.19875900925947876,0.08114878174825028,0.06477082942356105,2.154086302797777,-1.1846612440306903,-1.1860357598977576,-1.190426904212406,0.08980972269098819,0.16315496364995707,-0.039766745374184176,-0.06849090714716988,2.367958657586303,-1.1885807280222436,-1.1884360099407871,-1.1871837255672606,0.28575087870465543,-0.07341023324148181
0.025734721758618948,0.011629116398626141,1.9941474436490412,-1.18137284916564,-1.1822566665449488,-1.1870155227624881,0.5428343607960349,0.19899651605144564,0.013421516081960377,-0.0009480673706022541,2.061233593470643,-1.1824508706174401,-1.1835796848640379,-1.18897459286549,0.46892290886132537,0.19875900925947876,-0.026313494689230887,-0.05311696199881885,2.338018393227559,-1.1900300007993645,-1.189930533657142,-1.1892256034384987,0.4779401905204428,-0.039782705801622804
0.021185045493511155,0.007729837549297229,1.9347206463248365,-1.180969967747058,-1.1817240867834724,-1.1851704089784274,0.5867687227164509,0.11554230178095107,0.025734721758618948,0.011629116398626141,1.9941474436490412,-1.18137284916564,-1.1822566665449488,-1.1870155227624881,0.5428343607960349,0.19899651605144564,0.008848963921317343,-0.015305716454043355,2.3007287694170273,-1.1898006914920303,-1.1903859892079773,-1.1906256827504784,0.6720180697358153,-0.12546762625609004
-0.007006241572817942,-0.020491120982850355,1.9251156415609656,-1.1797411332278929,-1.1804410217437313,-1.183714420744623,0.5739589008171477,0.13215544480958927,0.021185045493511155,0.007729837549297229,1.9347206463248365,-1.180969967747058,-1.1817240867834724,-1.1851704089784274,0.5867687227164509,0.11554230178095107,0.08368039708127557,0.06314984872514137,2.2321658036923,-1.1870631769932043,-1.1888754351993076,-1.1909648229913192,0.8388573518478997,-0.10135439716961511
-0.01721273807887337,-0.030306290999768053,1.9160244935653128,-1.1808448514464862,-1.1808155044284314,-1.1829459258953912,0.6671605006403385,0.15398051419562356,-0.007006241572817942,-0.020491120982850355,1.9251156415609656,-1.1797411332278929,-1.1804410217437313,-1.183714420744623,0.5739589008171477,0.13215544480958927,0.08114878174825028,0.06477082942356105,2.154086302797777,-1.1846612440306903,-1.1860357598977576,-1.190426904212406,0.08980972269098819,0.16315496364995707
0.06471102906668244,0.0517698851213231,1.9022905412292155,-1.179094931651131,-1.1804771144740114,-1.182467737061652,0.7473388612049328,0.08938050888432013,-0.01721273807887337,-0.030306290999768053,1.9160244935653128,-1.1808448514464862,-1.1808155044284314,-1.1829459258953912,0.6671605006403385,0.15398051419562356,0.013421516081960377,-0.0009480673706022541,2.061233593470643,-1.1824508706174401,-1.1835796848640379,-1.18897459286549,0.46892290886132537,0.19875900925947876
0.095723081664848,0.08414824976494187,1.8572842328938397,-1.1749372669294411,-1.1771202639816774,-1.1813451649995068,0.8834082000727457,0.13323244800877732,0.06471102906668244,0.0517698851213231,1.9022905412292155,-1.179094931651131,-1.1804771144740114,-1.182467737061652,0.7473388612049328,0.08938050888432013,0.025734721758618948,0.011629116398626141,1.9941474436490412,-1.18137284916564,-1.1822566665449488,-1.1870155227624881,0.5428343607960349,0.19899651605144564
0.09476317425600284,0.08383500633559984,1.818907271625723,-1.1706657438797619,-1.1727303881565296,-1.1794384475500521,1.0710102893048834,0.15355955088310413,0.095723081664848,0.08414824976494187,1.8572842328938397,-1.1749372669294411,-1.1771202639816774,-1.1813451649995068,0.8834082000727457,0.13323244800877732,0.021185045493511155,0.007729837549297229,1.9347206463248365,-1.180969967747058,-1.1817240867834724,-1.1851704089784274,0.5867687227164509,0.11554230178095107
0.09681750658072247,0.08616110526026634,1.7910413089361286,-1.1654339734254073,-1.167837676750293,-1.1763814988233614,1.1881426544460068,0.16360982015053072,0.09476317425600284,0.08383500633559984,1.818907271625723,-1.1706657438797619,-1.1727303881565296,-1.1794384475500521,1.0710102893048834,0.15355955088310413,-0.007006241572817942,-0.020491120982850355,1.9251156415609656,-1.1797411332278929,-1.1804410217437313,-1.183714420744623,0.5739589008171477,0.13215544480958927
0.08647999989866396,0.07657576533760112,1.7477305531035636,-1.160771131643329,-1.163072019073303,-1.172126644676601,1.2245789549155486,0.2916412171120512,0.09681750658072247,0.08616110526026634,1.7910413089361286,-1.1654339734254073,-1.167837676750293,-1.1763814988233614,1.1881426544460068,0.16360982015053072,-0.01721273807887337,-0.030306290999768053,1.9160244935653128,-1.1808448514464862,-1.1808155044284314,-1.1829459258953912,0.6671605006403385,0.15398051419562356
0.16786615230503663,0.15839419356392326,1.7040024782628393,-1.1540914349771023,-1.157377655340186,-1.167196065391694,1.2939839969751459,0.28993270088892886,0.08647999989866396,0.07657576533760112,1.7477305531035636,-1.160771131643329,-1.163072019073303,-1.172126644676601,1.2245789549155486,0.2916412171120512,0.06471102906668244,0.0517698851213231,1.9022905412292155,-1.179094931651131,-1.1804771144740114,-1.182467737061652,0.7473388612049328,0.08938050888432013
0.19357930560003547,0.18522483529929964,1.6406076521095696,-1.1457256929837498,-1.1494261138416328,-1.161406524180661,1.7651450261850101,0.3073658390112449,0.16786615230503663,0.15839419356392326,1.7040024782628393,-1.1540914349771023,-1.157377655340186,-1.167196065391694,1.2939839969751459,0.28993270088892886,0.095723081664848,0.08414824976494187,1.8572842328938397,-1.1749372669294411,-1.1771202639816774,-1.1813451649995068,0.8834082000727457,0.13323244800877732
0.24246352181560965,0.23524816642445665,1.570340688603602,-1.1361699050935634,-1.1404572580461694,-1.1545941057831013,1.9298377491002805,0.5417612253190123,0.19357930560003547,0.18522483529929964,1.6406076521095696,-1.1457256929837498,-1.1494261138416328,-1.161406524180661,1.7651450261850101,0.3073658390112449,0.09476317425600284,0.08383500633559984,1.818907271625723,-1.1706657438797619,-1.1727303881565296,-1.1794384475500521,1.0710102893048834,0.15355955088310413
0.19192733152281705,0.18658227261314522,1.4774171167006611,-1.1263965550534492,-1.130421746531232,-1.1465461607179066,1.8627107038942308,0.2862260229498369,0.24246352181560965,0.23524816642445665,1.570340688603602,-1.1361699050935634,-1.1404572580461694,-1.1545941057831013,1.9298377491002805,0.5417612253190123,0.09681750658072247,0.08616110526026634,1.7910413089361286,-1.1654339734254073,-1.167837676750293,-1.1763814988233614,1.1881426544460068,0.16360982015053072
0.19279006220126554,0.18799593175039359,1.3995987110709571,-1.1174644524214359,-1.1212821937274544,-1.137575817264183,2.2653022157329454,0.2793289505922951,0.19192733152281705,0.18658227261314522,1.4774171167006611,-1.1263965550534492,-1.130421746531232,-1.1465461607179066,1.8627107038942308,0.2862260229498369,0.08647999989866396,0.07657576533760112,1.7477305531035636,-1.160771131643329,-1.163072019073303,-1.172126644676601,1.2245789549155486,0.2916412171120512
0.14558759863384915,0.14273725267598095,1.2972445034939701,-1.1101966768040445,-1.113371915596534,-1.1285344278535052,0.5321217918701571,-0.31558323848173914,0.19279006220126554,0.18799593175039359,1.3995987110709571,-1.1174644524214359,-1.1212821937274544,-1.137575817264183,2.2653022157329454,0.2793289505922951,0.16786615230503663,0.15839419356392326,1.7040024782628393,-1.1540914349771023,-1.157377655340186,-1.167196065391694,1.2939839969751459,0.28993270088892886
0.12081871781015116,0.11849947959923801,1.2351653698087321,-1.1032589168452507,-1.1061200967839144,-1.1198473740652948,0.5237107909176513,-0.25205326958364993,0.14558759863384915,0.14273725267598095,1.2972445034939701,-1.1101966768040445,-1.113371915596534,-1.1285344278535052,0.5321217918701571,-0.31558323848173914,0.19357930560003547,0.18522483529929964,1.6406076521095696,-1.1457256929837498,-1.1494261138416328,-1.161406524180661,1.7651450261850101,0.3073658390112449
0.11903420040845193,0.1173903286264251,1.165612552126813,-1.0962080312154328,-1.0992198301464864,-1.1119011883020455,0.6622553300583722,-0.3835372679390183,0.12081871781015116,0.11849947959923801,1.2351653698087321,-1.1032589168452507,-1.1061200967839144,-1.1198473740652948,0.5237107909176513,-0.25205326958364993,0.24246352181560965,0.23524816642445665,1.570340688603602,-1.1361699050935634,-1.1404572580461694,-1.1545941057831013,1.9298377491002805,0.5417612253190123
0.14911951015988506,0.14811655307774788,1.0958155563637213,-1.0888394267638604,-1.0920229027912807,-1.1044609036103412,0.268906856043142,-0.1533740434720402,0.11903420040845193,0.1173903286264251,1.165612552126813,-1.0962080312154328,-1.0992198301464864,-1.1119011883020455,0.6622553300583722,-0.3835372679390183,0.19192733152281705,0.18658227261314522,1.4774171167006611,-1.1263965550534492,-1.130421746531232,-1.1465461607179066,1.8627107038942308,0.2862260229498369
0.11316891470803339,0.11240568016989115,1.0349717021117808,-1.0820177880796475,-1.0848493342638155,-1.0972770511807801,0.3041550715422061,-0.10930286841444212,0.14911951015988506,0.14811655307774788,1.0958155563637213,-1.0888394267638604,-1.0920229027912807,-1.1044609036103412,0.268906856043142,-0.1533740434720402,0.19279006220126554,0.18799593175039359,1.3995987110709571,-1.1174644524214359,-1.1212821937274544,-1.137575817264183,2.2653022157329454,0.2793289505922951
0.06575760553719703,0.06506315794846218,1.0154766504041663,-1.076836615019913,-1.0789706338382392,-1.0904380862205882,0.14439534634828677,-0.23624667240739247,0.11316891470803339,0.11240568016989115,1.0349717021117808,-1.0820177880796475,-1.0848493342638155,-1.0972770511807801,0.3041550715422061,-0.10930286841444212,0.14558759863384915,0.14273725267598095,1.2972445034939701,-1.1101966768040445,-1.113371915596534,-1.1285344278535052,0.5321217918701571,-0.31558323848173914
0.09288457897883856,0.09234494116313946,0.9572999756607637,-1.0719461771976557,-1.0742312766660418,-1.0841115185108023,0.3063828599059133,-0.2730875903258354,0.06575760553719703,0.06506315794846218,1.0154766504041663,-1.076836615019913,-1.0789706338382392,-1.0904380862205882,0.14439534634828677,-0.23624667240739247,0.12081871781015116,0.11849947959923801,1.2351653698087321,-1.1032589168452507,-1.1061200967839144,-1.1198473740652948,0.5237107909176513,-0.25205326958364993
0.10221469946530323,0.10214017845208548,0.8952911677136641,-1.0657000140470472,-1.0684511478545038,-1.0781092127747853,0.38802843140578736,-0.333183683786164,0.09288457897883856,0.09234494116313946,0.9572999756607637,-1.0719461771976557,-1.0742312766660418,-1.0841115185108023,0.3063828599059133,-0.2730875903258354,0.11903420040845193,0.1173903286264251,1.165612552126813,-1.0962080312154328,-1.0992198301464864,-1.1119011883020455,0.6622553300583722,-0.3835372679390183
0.09885162440313473,0.09898419695483719,0.836547847842085,-1.0595163168111126,-1.0621972782082976,-1.0723535538494933,0.44907785339932493,-0.39114930536039744,0.10221469946530323,0.10214017845208548,0.8952911677136641,-1.0657000140470472,-1.0684511478545038,-1.0781092127747853,0.38802843140578736,-0.333183683786164,0.14911951015988506,0.14811655307774788,1.0958155563637213,-1.0888394267638604,-1.0920229027912807,-1.1044609036103412,0.268906856043142,-0.1533740434720402
0.07666531663378187,0.077157743176767,0.7707276878664414,-1.0539536146902415,-1.056205544257153,-1.0666495543747603,0.571932623346818,-0.43398886654364566,0.09885162440313473,0.09898419695483719,0.836547847842085,-1.0595163168111126,-1.0621972782082976,-1.0723535538494933,0.44907785339932493,-0.39114930536039744,0.11316891470803339,0.11240568016989115,1.0349717021117808,-1.0820177880796475,-1.0848493342638155,-1.0972770511807801,0.3041550715422061,-0.10930286841444212
0.0704228328391633,0.0709661443300382,0.7316976940951696,-1.049051981630555,-1.0511352858925853,-1.0608802156606698,0.583140333696921,-0.41761901964504705,0.07666531663378187,0.077157743176767,0.7707276878664414,-1.0539536146902415,-1.056205544257153,-1.0666495543747603,0.571932623346818,-0.43398886654364566,0.06575760553719703,0.06506315794846218,1.0154766504041663,-1.076836615019913,-1.0789706338382392,-1.0904380862205882,0.14439534634828677,-0.23624667240739247
0.09918710275739732,0.09987873566310143,0.7020467669667172,-1.0437044547364078,-1.046118168086923,-1.0552286424403183,0.7733514117778211,-0.4373030496203571,0.0704228328391633,0.0709661443300382,0.7316976940951696,-1.049051981630555,-1.0511352858925853,-1.0608802156606698,0.583140333696921,-0.41761901964504705,0.09288457897883856,0.09234494116313946,0.9572999756607637,-1.0719461771976557,-1.0742312766660418,-1.0841115185108023,0.3063828599059133,-0.2730875903258354
0.11762212405394862,0.1185112410543753,0.682310078382707,-1.0375082156977946,-1.0402894577698532,-1.0496819503911103,0.6221196868291519,-0.3386988587553298,0.09918710275739732,0.09987873566310143,0.7020467669667172,-1.0437044547364078,-1.046118168086923,-1.0552286424403183,0.7733514117778211,-0.4373030496203571,0.10221469946530323,0.10214017845208548,0.8952911677136641,-1.0657000140470472,-1.0684511478545038,-1.0781092127747853,0.38802843140578736,-0.333183683786164
0.09703257713394825,0.09813563128749189,0.622364086417915,-1.031173889865719,-1.0337688815564414,-1.0440383389132397,0.7128626935663087,-0.33940319539895003,0.11762212405394862,0.1185112410543753,0.682310078382707,-1.0375082156977946,-1.0402894577698532,-1.0496819503911103,0.6221196868291519,-0.3386988587553298,0.09885162440313473,0.09898419695483719,0.836547847842085,-1.0595163168111126,-1.0621972782082976,-1.0723535538494933,0.44907785339932493,-0.39114930536039744
0.1423566542904603,0.1436796448525383,0.5917887978154279,-1.02374483972077,-1.0270117353693176,-1.03802222447045,0.6979646987072159,-0.23825440340044557,0.09703257713394825,0.09813563128749189,0.622364086417915,-1.031173889865719,-1.0337688815564414,-1.0440383389132397,0.7128626935663087,-0.33940319539895003,0.07666531663378187,0.077157743176767,0.7707276878664414,-1.0539536146902415,-1.056205544257153,-1.0666495543747603,0.571932623346818,-0.43398886654364566
0.09900051908465977,0.100822166975595,0.5678975841993639,-1.0163296775703248,-1.0192503274458158,-1.0313270806673474,0.5474733780057672,-0.4121284438601736,0.1423566542904603,0.1436796448525383,0.5917887978154279,-1.02374483972077,-1.0270117353693176,-1.03802222447045,0.6979646987072159,-0.23825440340044557,0.0704228328391633,0.0709661443300382,0.7316976940951696,-1.049051981630555,-1.0511352858925853,-1.0608802156606698,0.583140333696921,-0.41761901964504705
0.06193725758832101,0.06354154504675305,0.5595262810242947,-1.0111146096036197,-1.013074942889328,-1.0245081217619292,0.2902389038876607,-0.40781656250751436,0.09900051908465977,0.100822166975595,0.5678975841993639,-1.0163296775703248,-1.0192503274458158,-1.0313270806673474,0.5474733780057672,-0.4121284438601736,0.09918710275739732,0.09987873566310143,0.7020467669667172,-1.0437044547364078,-1.046118168086923,-1.0552286424403183,0.7733514117778211,-0.4373030496203571
0.043300144640984015,0.04497815485990826,0.554014952857455,-1.007781674647029,-1.0091866152968976,-1.0183133108386508,0.14787750425130186,-0.4331399765962563,0.06193725758832101,0.06354154504675305,0.5595262810242947,-1.0111146096036197,-1.013074942889328,-1.0245081217619292,0.2902389038876607,-0.40781656250751436,0.11762212405394862,0.1185112410543753,0.682310078382707,-1.0375082156977946,-1.0402894577698532,-1.0496819503911103,0.6221196868291519,-0.3386988587553298
0.006033674476491058,0.007510746180990555,0.5514922458833645,-1.005325780117313,-1.00619570633301,-1.012968469400532,0.3072653041216187,-0.509520445233699,0.043300144640984015,0.04497815485990826,0.554014952857455,-1.007781674647029,-1.0091866152968976,-1.0183133108386508,0.14787750425130186,-0.4331399765962563,0.09703257713394825,0.09813563128749189,0.622364086417915,-1.031173889865719,-1.0337688815564414,-1.0440383389132397,0.7128626935663087,-0.33940319539895003
0.026971623398942303,0.028376207965666183,0.5324176846862073,-1.003045659777401,-1.0041223624386646,-1.008987348587659,0.3673306811212522,-0.5314671943703689,0.006033674476491058,0.007510746180990555,0.5514922458833645,-1.005325780117313,-1.00619570633301,-1.012968469400532,0.3072653041216187,-0.509520445233699,0.1423566542904603,0.1436796448525383,0.5917887978154279,-1.02374483972077,-1.0270117353693176,-1.03802222447045,0.6979646987072159,-0.23825440340044557
0.032634996857541274,0.03423734664973984,0.5145820804152396,-0.9997702354052413,-1.001220489435374,-1.0058962822891697,0.450169052422122,-0.49539566689118814,0.026971623398942303,0.028376207965666183,0.5324176846862073,-1.003045659777401,-1.0041223624386646,-1.008987348587659,0.3673306811212522,-0.5314671943703689,0.09900051908465977,0.100822166975595,0.5678975841993639,-1.0163296775703248,-1.0192503274458158,-1.0313270806673474,0.5474733780057672,-0.4121284438601736
0.026188689416277257,0.02788911366207781,0.4890005837953184,-0.9971302445689323,-0.9982692391791967,-1.0031201183797205,0.49295523384759,-0.5251156850775511,0.032634996857541274,0.03423734664973984,0.5145820804152396,-0.9997702354052413,-1.001220489435374,-1.0058962822891697,0.450169052422122,-0.49539566689118814,0.06193725758832101,0.06354154504675305,0.5595262810242947,-1.0111146096036197,-1.013074942889328,-1.0245081217619292,0.2902389038876607,-0.40781656250751436
0.06004985967001024,0.06179459794453971,0.4532479006260602,-0.9935444462424292,-0.9952609633546787,-1.0003818927427655,0.6368957338288221,-0.5589069170890135,0.026188689416277257,0.02788911366207781,0.4890005837953184,-0.9971302445689323,-0.9982692391791967,-1.0031201183797205,0.49295523384759,-0.5251156850775511,0.043300144640984015,0.04497815485990826,0.554014952857455,-1.007781674647029,-1.0091866152968976,-1.0183133108386508,0.14787750425130186,-0.4331399765962563
0.039297770821729736,0.04121538601565106,0.4293114007206211,-0.9896699926475109,-0.9912104950950639,-0.9971783183015197,0.7462815234754245,-0.5322145974108047,0.06004985967001024,0.06179459794453971,0.4532479006260602,-0.9935444462424292,-0.9952609633546787,-1.0003818927427655,0.6368957338288221,-0.5589069170890135,0.006033674476491058,0.007510746180990555,0.5514922458833645,-1.005325780117313,-1.00619570633301,-1.012968469400532,0.3072653041216187,-0.509520445233699
0.0343153106654138,0.03629458631752132,0.4017094270708882,-0.9862868269982065,-0.9876518442554048,-0.9937695806201041,0.787200359656179,-0.547252993295169,0.039297770821729736,0.04121538601565106,0.4293114007206211,-0.9896699926475109,-0.9912104950950639,-0.9971783183015197,0.7462815234754245,-0.5322145974108047,0.026971623398942303,0.028376207965666183,0.5324176846862073,-1.003045659777401,-1.0041223624386646,-1.008987348587659,0.3673306811212522,-0.5314671943703689
0.04274022319369778,0.044761423666212115,0.3762362034142398,-0.9830426070164836,-0.9844773215637306,-0.9903378415307152,0.9219374604314932,-0.5750613460017593,0.0343153106654138,0.03629458631752132,0.4017094270708882,-0.9862868269982065,-0.9876518442554048,-0.9937695806201041,0.787200359656179,-0.547252993295169,0.032634996857541274,0.03423734664973984,0.5145820804152396,-0.9997702354052413,-1.001220489435374,-1.0058962822891697,0.450169052422122,-0.49539566689118814
0.06049035714060014,0.06275418304461887,0.34895277042583867,-0.9790538044150574,-0.9807988231536122,-0.9867000933293162,1.0480694119937075,-0.5746350852492192,0.04274022319369778,0.044761423666212115,0.3762362034142398,-0.9830426070164836,-0.9844773215637306,-0.9903378415307152,0.9219374604314932,-0.5750613460017593,0.026188689416277257,0.02788911366207781,0.4890005837953184,-0.9971302445689323,-0.9982692391791967,-1.0031201183797205,0.49295523384759,-0.5251156850775511
0.05364478693239755,0.05602249299379192,0.3256289161664805,-0.9745154052775027,-0.9763280477686277,-0.982947769099271,1.1846160002801192,-0.6052116021203585,0.06049035714060014,0.06275418304461887,0.34895277042583867,-0.9790538044150574,-0.9807988231536122,-0.9867000933293162,1.0480694119937075,-0.5746350852492192,0.06004985967001024,0.06179459794453971,0.4532479006260602,-0.9935444462424292,-0.9952609633546787,-1.0003818927427655,0.6368957338288221,-0.5589069170890135
0.0325410785656144,0.034976049484472096,0.34666092743620047,-0.970814033488737,-0.9722657997103944,-0.9790983487698802,1.1101616521828719,-0.6126503037042305,0.05364478693239755,0.05602249299379192,0.3256289161664805,-0.9745154052775027,-0.9763280477686277,-0.982947769099271,1.1846160002801192,-0.6052116021203585,0.039297770821729736,0.04121538601565106,0.4293114007206211,-0.9896699926475109,-0.9912104950950639,-0.9971783183015197,0.7462815234754245,-0.5322145974108047
0.02692940967411115,0.029284540280233258,0.35756982621884,-0.9673749491595098,-0.9687165247463658,-0.9751657947385044,1.1976568606228897,-0.6957818015283042,0.0325410785656144,0.034976049484472096,0.34666092743620047,-0.970814033488737,-0.9722657997103944,-0.9790983487698802,1.1101616521828719,-0.6126503037042305,0.0343153106654138,0.03629458631752132,0.4017094270708882,-0.9862868269982065,-0.9876518442554048,-0.9937695806201041,0.787200359656179,-0.547252993295169
0.02901339146918295,0.03134690200853985,0.3728310390816809,-0.9636030966668458,-0.9650947576321596,-0.9712110937750876,1.2362463734323414,-0.8392898524635872,0.02692940967411115,0.029284540280233258,0.35756982621884,-0.9673749491595098,-0.9687165247463658,-0.9751657947385044,1.1976568606228897,-0.6957818015283042,0.04274022319369778,0.044761423666212115,0.3762362034142398,-0.9830426070164836,-0.9844773215637306,-0.9903378415307152,0.9219374604314932,-0.5750613460017593
0.03260455222159579,0.03423137316739379,0.4151901815655311,-0.9606136964209091,-0.9619232856793574,-0.9675413682876259,2.7914523542756084,-0.2187285074335533,0.02901339146918295,0.03134690200853985,0.3728310390816809,-0.9636030966668458,-0.9650947576321596,-0.9712110937750876,1.2362463734323414,-0.8392898524635872,0.06049035714060014,0.06275418304461887,0.34895277042583867,-0.9790538044150574,-0.9807988231536122,-0.9867000933293162,1.0480694119937075,-0.5746350852492192
-0.011722135329753178,-0.010032134192253711,0.45414378349123485,-0.9592385149797977,-0.9596438023780124,-0.9643390332299396,2.5867334060961538,-0.2144019937563211,0.03260455222159579,0.03423137316739379,0.4151901815655311,-0.9606136964209091,-0.9619232856793574,-0.9675413682876259,2.7914523542756084,-0.2187285074335533,0.05364478693239755,0.05602249299379192,0.3256289161664805,-0.9745154052775027,-0.9763280477686277,-0.982947769099271,1.1846160002801192,-0.6052116021203585
-0.04363590247905818,-0.04237717700297613,0.5107218541824199,-0.9601127412869506,-0.9597612357775624,-0.9620279568471963,2.7722101837427733,-0.4418205341169452,-0.011722135329753178,-0.010032134192253711,0.45414378349123485,-0.9592385149797977,-0.9596438023780124,-0.9643390332299396,2.5867334060961538,-0.2144019937563211,0.0325410785656144,0.034976049484472096,0.34666092743620047,-0.970814033488737,-0.9722657997103944,-0.9790983487698802,1.1101616521828719,-0.6126503037042305
-0.020318879387106047,-0.019650145953550233,0.5651211803583359,-0.9603635863026834,-0.9602967572908929,-0.960697134844908,2.417039827181794,-0.19563140417847502,-0.04363590247905818,-0.04237717700297613,0.5107218541824199,-0.9601127412869506,-0.9597612357775624,-0.9620279568471963,2.7722101837427733,-0.4418205341169452,0.02692940967411115,0.029284540280233258,0.35756982621884,-0.9673749491595098,-0.9687165247463658,-0.9751657947385044,1.1976568606228897,-0.6957818015283042
-0.037581515011915326,-0.03756546011951021,0.6222331960221074,-0.961585691729838,-0.9611727035320548,-0.9603737716760685,2.0317575873951164,-0.19335213502291218,-0.020318879387106047,-0.019650145953550233,0.5651211803583359,-0.9603635863026834,-0.9602967572908929,-0.960697134844908,2.417039827181794,-0.19563140417847502,0.02901339146918295,0.03134690200853985,0.3728310390816809,-0.9636030966668458,-0.9650947576321596,-0.9712110937750876,1.2362463734323414,-0.8392898524635872
-0.020576968733948292,-0.020726399753113224,0.6577991276777226,-0.9614192157859311,-0.9615864777945515,-0.960773291022877,1.9363710963338656,-0.1790718488133719,-0.037581515011915326,-0.03756546011951021,0.6222331960221074,-0.961585691729838,-0.9611727035320548,-0.9603737716760685,2.0317575873951164,-0.19335213502291218,0.03260455222159579,0.03423137316739379,0.4151901815655311,-0.9606136964209091,-0.9619232856793574,-0.9675413682876259,2.7914523542756084,-0.2187285074335533
-0.04316218681759819,-0.043363177792054314,0.6694322626496402,-0.9616518287712353,-0.9614992667867857,-0.961231747358183,1.8074717509412404,-0.14083000395340628,-0.020576968733948292,-0.020726399753113224,0.6577991276777226,-0.9614192157859311,-0.9615864777945515,-0.960773291022877,1.9363710963338656,-0.1790718488133719,-0.011722135329753178,-0.010032134192253711,0.45414378349123485,-0.9592385149797977,-0.9596438023780124,-0.9643390332299396,2.5867334060961538,-0.2144019937563211
-0.08600856068606197,-0.0864200834547699,0.7074921322637877,-0.963831550460873,-0.9627738024142416,-0.9618373729177617,1.648480295126273,-0.13165594559567162,-0.04316218681759819,-0.043363177792054314,0.6694322626496402,-0.9616518287712353,-0.9614992667867857,-0.961231747358183,1.8074717509412404,-0.14083000395340628,-0.04363590247905818,-0.04237717700297613,0.5107218541824199,-0.9601127412869506,-0.9597612357775624,-0.9620279568471963,2.7722101837427733,-0.4418205341169452
-0.05968865377385971,-0.06041187087075332,0.7585887136708533,-0.966144891678284,-0.9654101935143324,-0.9629114837957099,1.5675380341927845,-0.08760610303246905,-0.08600856068606197,-0.0864200834547699,0.7074921322637877,-0.963831550460873,-0.9627738024142416,-0.9618373729177617,1.648480295126273,-0.13165594559567162,-0.020318879387106047,-0.019650145953550233,0.5651211803583359,-0.9603635863026834,-0.9602967572908929,-0.960697134844908,2.417039827181794,-0.19563140417847502
-0.06709279797855724,-0.06811098376045858,0.7757608606307131,-0.9678358923356529,-0.9671622562467952,-0.9642396390852516,1.3684439990547448,-0.12489480841691615,-0.05968865377385971,-0.06041187087075332,0.7585887136708533,-0.966144891678284,-0.9654101935143324,-0.9629114837957099,1.5675380341927845,-0.08760610303246905,-0.037581515011915326,-0.03756546011951021,0.6222331960221074,-0.961585691729838,-0.9611727035320548,-0.9603737716760685,2.0317575873951164,-0.19335213502291218
-0.04546262992943172,-0.04667007202235253,0.7997173773433033,-0.9696578227511086,-0.9690774658875985,-0.9660667997866692,1.268108487391391,-0.14030911336038124,-0.06709279797855724,-0.06811098376045858,0.7757608606307131,-0.9678358923356529,-0.9671622562467952,-0.9642396390852516,1.3684439990547448,-0.12489480841691615,-0.020576968733948292,-0.020726399753113224,0.6577991276777226,-0.9614192157859311,-0.9615864777945515,-0.960773291022877,1.9363710963338656,-0.1790718488133719
-0.022886937081834688,-0.023909001040637833,0.7918660970478795,-0.9693921722392587,-0.9695397723608813,-0.9677927884153998,1.4706106092724118,-0.14690649699971328,-0.04546262992943172,-0.04667007202235253,0.7997173773433033,-0.9696578227511086,-0.9690774658875985,-0.9660667997866692,1.268108487391391,-0.14030911336038124,-0.04316218681759819,-0.043363177792054314,0.6694322626496402,-0.9616518287712353,-0.9614992667867857,-0.961231747358183,1.8074717509412404,-0.14083000395340628
-0.011137426189692616,-0.012158919112892396,0.7804457371768092,-0.9683348294888552,-0.9687287449811963,-0.9686990721468043,1.546449548703099,-0.15099175994960365,-0.022886937081834688,-0.023909001040637833,0.7918660970478795,-0.9693921722392587,-0.9695397723608813,-0.9677927884153998,1.4706106092724118,-0.14690649699971328,-0.08600856068606197,-0.0864200834547699,0.7074921322637877,-0.963831550460873,-0.9627738024142416,-0.9618373729177617,1.648480295126273,-0.13165594559567162
-0.018738858373814015,-0.019636572274510385,0.7532952358997705,-0.9672550327815933,-0.9675448880486541,-0.9688719356984258,1.5842101606398247,-0.11094362226571988,-0.011137426189692616,-0.012158919112892396,0.7804457371768092,-0.9683348294888552,-0.9687287449811963,-0.9686990721468043,1.546449548703099,-0.15099175994960365,-0.05968865377385971,-0.06041187087075332,0.7585887136708533,-0.966144891678284,-0.9654101935143324,-0.9629114837957099,1.5675380341927845,-0.08760610303246905
-0.04623591286606744,-0.047062602884291926,0.7399599657649263,-0.9675102214598269,-0.9673098249681987,-0.9685358055632167,1.5868395295493718,-0.07057943813775205,-0.018738858373814015,-0.019636572274510385,0.7532952358997705,-0.9672550327815933,-0.9675448880486541,-0.9688719356984258,1.5842101606398247,-0.11094362226571988,-0.06709279797855724,-0.06811098376045858,0.7757608606307131,-0.9678358923356529,-0.9671622562467952,-0.9642396390852516,1.3684439990547448,-0.12489480841691615
-0.048199101300695726,-0.049124372887924955,0.7311050930540851,-0.9689393655884107,-0.968415380301177,-0.968253611073101,1.4790000850952323,-0.05652410559473636,-0.04623591286606744,-0.047062602884291926,0.7399599657649263,-0.9675102214598269,-0.9673098249681987,-0.9685358055632167,1.5868395295493718,-0.07057943813775205,-0.04546262992943172,-0.04667007202235253,0.7997173773433033,-0.9696578227511086,-0.9690774658875985,-0.9660667997866692,1.268108487391391,-0.14030911336038124
-0.03565527344784171,-0.03699673558903488,0.7327995075951049,-0.9702065611599651,-0.96988042882638,-0.9684788388758684,1.220379177333557,-0.005354751276522319,-0.048199101300695726,-0.049124372887924955,0.7311050930540851,-0.9689393655884107,-0.968415380301177,-0.968253611073101,1.4790000850952323,-0.05652410559473636,-0.022886937081834688,-0.023909001040637833,0.7918660970478795,-0.9693921722392587,-0.9695397723608813,-0.9677927884153998,1.4706106092724118,-0.14690649699971328
-0.041028383029779195,-0.042393117424210446,0.7263139900077527,-0.9713516367813525,-0.9709888507348551,-0.9692522969595483,1.1806861118740875,0.0010633639752173788,-0.03565527344784171,-0.03699673558903488,0.7327995075951049,-0.9702065611599651,-0.96988042882638,-0.9684788388758684,1.220379177333557,-0.005354751276522319,-0.011137426189692616,-0.012158919112892396,0.7804457371768092,-0.9683348294888552,-0.9687287449811963,-0.9686990721468043,1.546449548703099,-0.15099175994960365
-0.03780428338143582,-0.039224131326982915,0.7181426028649076,-0.9722869215698948,-0.9719554261517777,-0.9703777909533102,1.138495903023597,0.0016841683473409193,-0.041028383029779195,-0.042393117424210446,0.7263139900077527,-0.9713516367813525,-0.9709888507348551,-0.9692522969595483,1.1806861118740875,0.0010633639752173788,-0.018738858373814015,-0.019636572274510385,0.7532952358997705,-0.9672550327815933,-0.9675448880486541,-0.9688719356984258,1.5842101606398247,-0.11094362226571988
-0.037918140830904876,-0.0394791352142681,0.7112254234301716,-0.9731655520341603,-0.9728694378106835,-0.9715137371259711,1.032108853647295,0.02804730929793032,-0.03780428338143582,-0.039224131326982915,0.7181426028649076,-0.9722869215698948,-0.9719554261517777,-0.9703777909533102,1.138495903023597,0.0016841683473409193,-0.04623591286606744,-0.047062602884291926,0.7399599657649263,-0.9675102214598269,-0.9673098249681987,-0.9685358055632167,1.5868395295493718,-0.07057943813775205
-0.04763729838058969,-0.04918480529321817,0.7081652535958365,-0.9740447949130151,-0.9736951110408671,-0.972488693286008,1.0263482950088392,0.051004209847512735,-0.037918140830904876,-0.0394791352142681,0.7112254234301716,-0.9731655520341603,-0.9728694378106835,-0.9715137371259711,1.032108853647295,0.02804730929793032,-0.048199101300695726,-0.049124372887924955,0.7311050930540851,-0.9689393655884107,-0.968415380301177,-0.968253611073101,1.4790000850952323,-0.05652410559473636
-0.0405197742659153,-0.0421844339473161,0.704718547426187,-0.9748456009262416,-0.9745807132176423,-0.9734043922060841,0.959560249821767,0.05774883703892485,-0.04763729838058969,-0.04918480529321817,0.7081652535958365,-0.9740447949130151,-0.9736951110408671,-0.972488693286008,1.0263482950088392,0.051004209847512735,-0.03565527344784171,-0.03699673558903488,0.7327995075951049,-0.9702065611599651,-0.96988042882638,-0.9684788388758684,1.220379177333557,-0.005354751276522319
-0.028728493768498276,-0.030337142879660613,0.6869734521013361,-0.9756143500231123,-0.9753866057154957,-0.9742715155792442,1.0242682786739694,0.03802573305389765,-0.0405197742659153,-0.0421844339473161,0.704718547426187,-0.9748456009262416,-0.9745807132176423,-0.9734043922060841,0.959560249821767,0.05774883703892485,-0.041028383029779195,-0.042393117424210446,0.7263139900077527,-0.9713516367813525,-0.9709888507348551,-0.9692522969595483,1.1806861118740875,0.0010633639752173788
-0.04164361231511631,-0.04329950108233111,0.6663642909954393,-0.9764926137854714,-0.9761991291420973,-0.9751115993753177,0.9643764265189017,0.06005475254032913,-0.028728493768498276,-0.030337142879660613,0.6869734521013361,-0.9756143500231123,-0.9753866057154957,-0.9742715155792442,1.0242682786739694,0.03802573305389765,-0.03780428338143582,-0.039224131326982915,0.7181426028649076,-0.9722869215698948,-0.9719554261517777,-0.9703777909533102,1.138495903023597,0.0016841683473409193
-0.02621707938156901,-0.02756848753583924,0.6188535770255326,-0.9768663114083369,-0.9768032701385573,-0.9758986258965093,1.2284780030802223,0.06962182217781045,-0.04164361231511631,-0.04329950108233111,0.6663642909954393,-0.9764926137854714,-0.9761991291420973,-0.9751115993753177,0.9643764265189017,0.06005475254032913,-0.037918140830904876,-0.0394791352142681,0.7112254234301716,-0.9731655520341603,-0.9728694378106835,-0.9715137371259711,1.032108853647295,0.02804730929793032
0.03676449051371464,0.03579952584869306,0.5548626882809,-0.9751475340151129,-0.9762749182804695,-0.9763430556981213,1.4906858303701371,0.10670221182889358,-0.02621707938156901,-0.02756848753583924,0.6188535770255326,-0.9768663114083369,-0.9768032701385573,-0.9758986258965093,1.2284780030802223,0.06962182217781045,-0.04763729838058969,-0.04918480529321817,0.7081652535958365,-0.9740447949130151,-0.9736951110408671,-0.972488693286008,1.0263482950088392,0.051004209847512735
0.008134788570191145,0.00798822701680205,0.4801870078467412,-0.9735427381796432,-0.9742299831202312,-0.9761027912412941,1.3653855624189255,-0.1102430504664932,0.03676449051371464,0.03579952584869306,0.5548626882809,-0.9751475340151129,-0.9762749182804695,-0.9763430556981213,1.4906858303701371,0.10670221182889358,-0.0405197742659153,-0.0421844339473161,0.704718547426187,-0.9748456009262416,-0.9745807132176423,-0.9734043922060841,0.959560249821767,0.05774883703892485
0.03558993461510717,0.03586722478638376,0.42011889648612855,-0.9709784910784641,-0.972306146375279,-0.9752120585990074,1.1524458807084246,0.08220845371046578,0.008134788570191145,0.00798822701680205,0.4801870078467412,-0.9735427381796432,-0.9742299831202312,-0.9761027912412941,1.3653855624189255,-0.1102430504664932,-0.028728493768498276,-0.030337142879660613,0.6869734521013361,-0.9756143500231123,-0.9753866057154957,-0.9742715155792442,1.0242682786739694,0.03802573305389765
0.024888155950614478,0.0254766600889156,0.35098195497745954,-0.9677438755499328,-0.9689926449643864,-0.9733583049983389,1.1336359269854501,-0.030422401712437763,0.03558993461510717,0.03586722478638376,0.42011889648612855,-0.9709784910784641,-0.972306146375279,-0.9752120585990074,1.1524458807084246,0.08220845371046578,-0.04164361231511631,-0.04329950108233111,0.6663642909954393,-0.9764926137854714,-0.9761991291420973,-0.9751115993753177,0.9643764265189017,0.06005475254032913
0.07106106802378567,0.07210520032699014,0.3001388624476222,-0.9633882881420281,-0.965302870998263,-0.9706465233022971,1.117892617313621,0.09982538949786886,0.024888155950614478,0.0254766600889156,0.35098195497745954,-0.9677438755499328,-0.9689926449643864,-0.9733583049983389,1.1336359269854501,-0.030422401712437763,-0.02621707938156901,-0.02756848753583924,0.6188535770255326,-0.9768663114083369,-0.9768032701385573,-0.9758986258965093,1.2284780030802223,0.06962182217781045
0.05645353464086403,0.05784188776842298,0.25109176381234805,-0.9585061705694429,-0.9604180879674628,-0.9672596886627729,1.2579837727316665,0.003214585397052027,0.07106106802378567,0.07210520032699014,0.3001388624476222,-0.9633882881420281,-0.965302870998263,-0.9706465233022971,1.117892617313621,0.09982538949786886,0.03676449051371464,0.03579952584869306,0.5548626882809,-0.9751475340151129,-0.9762749182804695,-0.9763430556981213,1.4906858303701371,0.10670221182889358
0.04921549302511237,0.050766509159455464,0.21642828655608842,-0.9545471021900159,-0.9562070092722518,-0.9632786970367513,1.3616943023612196,-0.05110405220042544,0.05645353464086403,0.05784188776842298,0.25109176381234805,-0.9585061705694429,-0.9604180879674628,-0.9672596886627729,1.2579837727316665,0.003214585397052027,0.008134788570191145,0.00798822701680205,0.4801870078467412,-0.9735427381796432,-0.9742299831202312,-0.9761027912412941,1.3653855624189255,-0.1102430504664932
0.0745162431303387,0.07618826085313832,0.16156364701590312,-0.9491688010893384,-0.9514087641777096,-0.9589097309983168,1.6616845348735172,-0.06389604161158641,0.04921549302511237,0.050766509159455464,0.21642828655608842,-0.9545471021900159,-0.9562070092722518,-0.9632786970367513,1.3616943023612196,-0.05110405220042544,0.03558993461510717,0.03586722478638376,0.42011889648612855,-0.9709784910784641,-0.972306146375279,-0.9752120585990074,1.1524458807084246,0.08220845371046578
0.11133016909895158,0.11323864314090219,0.10042694552985312,-0.9419237240212176,-0.9449296111845438,-0.9538185254566878,1.5588228440284597,0.11108594858154919,0.0745162431303387,0.07618826085313832,0.16156364701590312,-0.9491688010893384,-0.9514087641777096,-0.9589097309983168,1.6616845348735172,-0.06389604161158641,0.024888155950614478,0.0254766600889156,0.35098195497745954,-0.9677438755499328,-0.9689926449643864,-0.9733583049983389,1.1336359269854501,-0.030422401712437763
0.07471857101150575,0.07710623082214615,0.07224284462921231,-0.9358485638279699,-0.9382096855226678,-0.9482622825430371,1.6096401528501536,-0.021866670627822413,0.11133016909895158,0.11323864314090219,0.10042694552985312,-0.9419237240212176,-0.9449296111845438,-0.9538185254566878,1.5588228440284597,0.11108594858154919,0.07106106802378567,0.07210520032699014,0.3001388624476222,-0.9633882881420281,-0.965302870998263,-0.9706465233022971,1.117892617313621,0.09982538949786886
0.0786075262535442,0.08126025168847734,0.04899281599903137,-0.9295900414787891,-0.9321149307139552,-0.9422989551349492,1.3547847441748235,0.24851155982693618,0.07471857101150575,0.07710623082214615,0.07224284462921231,-0.9358485638279699,-0.9382096855226678,-0.9482622825430371,1.6096401528501536,-0.021866670627822413,0.05645353464086403,0.05784188776842298,0.25109176381234805,-0.9585061705694429,-0.9604180879674628,-0.9672596886627729,1.2579837727316665,0.003214585397052027
0.07015348126167342,0.0730815327745916,0.022244033331168797,-0.9236751770700271,-0.9259281115716749,-0.9359347516223426,1.7411845659160674,0.2147447198558002,0.0786075262535442,0.08126025168847734,0.04899281599903137,-0.9295900414787891,-0.9321149307139552,-0.9422989551349492,1.3547847441748235,0.24851155982693618,0.04921549302511237,0.050766509159455464,0.21642828655608842,-0.9545471021900159,-0.9562070092722518,-0.9632786970367513,1.3616943023612196,-0.05110405220042544
0.07010582350437039,0.07300078597617803,0.02322914013825189,-0.9180121980349523,-0.920275539460357,-0.9296790155021515,1.6401610025319329,0.06766010842350985,0.07015348126167342,0.0730815327745916,0.022244033331168797,-0.9236751770700271,-0.9259281115716749,-0.9359347516223426,1.7411845659160674,0.2147447198558002,0.0745162431303387,0.07618826085313832,0.16156364701590312,-0.9491688010893384,-0.9514087641777096,-0.9589097309983168,1.6616845348735172,-0.06389604161158641
0.07700472700675601,0.07989858595086749,0.016839404799015453,-0.9120549358654415,-0.914436314551546,-0.9236904840027644,1.706663135274562,0.044141258095774696,0.07010582350437039,0.07300078597617803,0.02322914013825189,-0.9180121980349523,-0.920275539460357,-0.9296790155021515,1.6401610025319329,0.06766010842350985,0.11133016909895158,0.11323864314090219,0.10042694552985312,-0.9419237240212176,-0.9449296111845438,-0.9538185254566878,1.5588228440284597,0.11108594858154919
0.10236768272785679,0.10549695545712465,-0.004592830209748501,-0.9044562898229924,-0.9074715709100978,-0.9174846717265092,1.3761476379785114,0.32675617220273867,0.07700472700675601,0.07989858595086749,0.016839404799015453,-0.9120549358654415,-0.914436314551546,-0.9236904840027644,1.706663135274562,0.044141258095774696,0.07471857101150575,0.07710623082214615,0.07224284462921231,-0.9358485638279699,-0.9382096855226678,-0.9482622825430371,1.6096401528501536,-0.021866670627822413
0.11690928378195185,0.11999131099044177,-0.03878813275390324,-0.8969240870292352,-0.8999163269287651,-0.9109674346020524,1.5085336882797025,0.2665516294750291,0.10236768272785679,0.10549695545712465,-0.004592830209748501,-0.9044562898229924,-0.9074715709100978,-0.9174846717265092,1.3761476379785114,0.32675617220273867,0.0786075262535442,0.08126025168847734,0.04899281599903137,-0.9295900414787891,-0.9321149307139552,-0.9422989551349492,1.3547847441748235,0.24851155982693618
0.1191153027751635,0.1221696868698434,-0.07077866613289913,-0.8887947508839811,-0.8919957059522897,-0.9039187867619456,1.4957053406243883,0.24858841393910985,0.11690928378195185,0.11999131099044177,-0.03878813275390324,-0.8969240870292352,-0.8999163269287651,-0.9109674346020524,1.5085336882797025,0.2665516294750291,0.07015348126167342,0.0730815327745916,0.022244033331168797,-0.9236751770700271,-0.9259281115716749,-0.9359347516223426,1.7411845659160674,0.2147447198558002
0.08077742186639467,0.08415040010916211,-0.08324269967011774,-0.8821519465954003,-0.8846241980753816,-0.8964888254387173,1.1508848888344216,-0.06533854669364013,0.1191153027751635,0.1221696868698434,-0.07077866613289913,-0.8887947508839811,-0.8919957059522897,-0.9039187867619456,1.4957053406243883,0.24858841393910985,0.07010582350437039,0.07300078597617803,0.02322914013825189,-0.9180121980349523,-0.920275539460357,-0.9296790155021515,1.6401610025319329,0.06766010842350985
0.05319755257857585,0.05645141670182102,-0.07215190411448301,-0.8772190493975123,-0.8789757809351649,-0.8892955105876061,0.9204630026680194,-0.09612059893314613,0.08077742186639467,0.08415040010916211,-0.08324269967011774,-0.8821519465954003,-0.8846241980753816,-0.8964888254387173,1.1508848888344216,-0.06533854669364013,0.07700472700675601,0.07989858595086749,0.016839404799015453,-0.9120549358654415,-0.914436314551546,-0.9236904840027644,1.706663135274562,0.044141258095774696
0.06519350484072524,0.06839452004385449,-0.06421215328842908,-0.8720422804948905,-0.874022317831335,-0.8827288605230087,0.8935198182681066,-0.14044966544801535,0.05319755257857585,0.05645141670182102,-0.07215190411448301,-0.8772190493975123,-0.8789757809351649,-0.8892955105876061,0.9204630026680194,-0.09612059893314613,0.10236768272785679,0.10549695545712465,-0.004592830209748501,-0.9044562898229924,-0.9074715709100978,-0.9174846717265092,1.3761476379785114,0.32675617220273867
0.06821191781364476,0.07154976470198583,-0.07195769960621892,-0.8664867369030893,-0.8686081789453614,-0.8767341852002412,1.0180356300896767,-0.27448501992424756,0.06519350484072524,0.06839452004385449,-0.06421215328842908,-0.8720422804948905,-0.874022317831335,-0.8827288605230087,0.8935198182681066,-0.14044966544801535,0.11690928378195185,0.11999131099044177,-0.03878813275390324,-0.8969240870292352,-0.8999163269287651,-0.9109674346020524,1.5085336882797025,0.2665516294750291
0.057447071867695806,0.06097033403452644,-0.07575357968171467,-0.8608731304334563,-0.8629200526806534,-0.871214262434164,1.1472429825648698,-0.37464697906223193,0.06821191781364476,0.07154976470198583,-0.07195769960621892,-0.8664867369030893,-0.8686081789453614,-0.8767341852002412,1.0180356300896767,-0.27448501992424756,0.1191153027751635,0.1221696868698434,-0.07077866613289913,-0.8887947508839811,-0.8919957059522897,-0.9039187867619456,1.4957053406243883,0.24858841393910985
0.04327797354776114,0.04683985062738359,-0.07990681265209719,-0.856279423536874,-0.8579186824144392,-0.8659314736336996,1.1001863810906318,-0.3244800436036709,0.057447071867695806,0.06097033403452644,-0.07575357968171467,-0.8608731304334563,-0.8629200526806534,-0.871214262434164,1.1472429825648698,-0.37464697906223193,0.08077742186639467,0.08415040010916211,-0.08324269967011774,-0.8821519465954003,-0.8846241980753816,-0.8964888254387173,1.1508848888344216,-0.06533854669364013
0.05079514317912119,0.05436207180163782,-0.09926088947957765,-0.8517399242935999,-0.8535224451733954,-0.8607705087336285,1.1066896624722915,-0.2900845476543056,0.04327797354776114,0.04683985062738359,-0.07990681265209719,-0.856279423536874,-0.8579186824144392,-0.8659314736336996,1.1001863810906318,-0.3244800436036709,0.05319755257857585,0.05645141670182102,-0.07215190411448301,-0.8772190493975123,-0.8789757809351649,-0.8892955105876061,0.9204630026680194,-0.09612059893314613
0.06093567162999239,0.06444136357985641,-0.11574918425922963,-0.8464100181355627,-0.8484302365840615,-0.8556685072437866,1.0407594308060526,-0.3210443659420513,0.05079514317912119,0.05436207180163782,-0.09926088947957765,-0.8517399242935999,-0.8535224451733954,-0.8607705087336285,1.1066896624722915,-0.2900845476543056,0.06519350484072524,0.06839452004385449,-0.06421215328842908,-0.8720422804948905,-0.874022317831335,-0.8827288605230087,0.8935198182681066,-0.14044966544801535
0.045424308231400784,0.04893235024540993,-0.11774467206210182,-0.8416220600529126,-0.8433006733488737,-0.8506975693374643,0.8813668350107249,-0.271180368262883,0.06093567162999239,0.06444136357985641,-0.11574918425922963,-0.8464100181355627,-0.8484302365840615,-0.8556685072437866,1.0407594308060526,-0.3210443659420513,0.06821191781364476,0.07154976470198583,-0.07195769960621892,-0.8664867369030893,-0.8686081789453614,-0.8767341852002412,1.0180356300896767,-0.27448501992424756
0.02615789394998237,0.029758863078967555,-0.13565131810717196,-0.8378724777927303,-0.8391584832756325,-0.8459814778157828,0.7475917877983971,-0.32663295591410296,0.045424308231400784,0.04893235024540993,-0.11774467206210182,-0.8416220600529126,-0.8433006733488737,-0.8506975693374643,0.8813668350107249,-0.271180368262883,0.057447071867695806,0.06097033403452644,-0.07575357968171467,-0.8608731304334563,-0.8629200526806534,-0.871214262434164,1.1472429825648698,-0.37464697906223193
0.04183130738082239,0.04544248392509562,-0.14668446475099173,-0.8336113545883613,-0.8352214275650722,-0.8413780239284379,0.7842149827055969,-0.3245518339470041,0.02615789394998237,0.029758863078967555,-0.13565131810717196,-0.8378724777927303,-0.8391584832756325,-0.8459814778157828,0.7475917877983971,-0.32663295591410296,0.04327797354776114,0.04683985062738359,-0.07990681265209719,-0.856279423536874,-0.8579186824144392,-0.8659314736336996,1.1001863810906318,-0.3244800436036709
0.044429236464547994,0.04820039147084515,-0.16046475563165008,-0.8295403233787833,-0.8310972525895904,-0.8369686025263319,1.0444317259998366,-0.40350505508019885,0.04183130738082239,0.04544248392509562,-0.14668446475099173,-0.8336113545883613,-0.8352214275650722,-0.8413780239284379,0.7842149827055969,-0.3245518339470041,0.05079514317912119,0.05436207180163782,-0.09926088947957765,-0.8517399242935999,-0.8535224451733954,-0.8607705087336285,1.1066896624722915,-0.2900845476543056
0.002450790902013028,0.006308823270979216,-0.16141783185251993,-0.8263989487183032,-0.8272687699407172,-0.8328969791267613,1.0904067920045515,-0.7097342662296608,0.044429236464547994,0.04820039147084515,-0.16046475563165008,-0.8295403233787833,-0.8310972525895904,-0.8369686025263319,1.0444317259998366,-0.40350505508019885,0.06093567162999239,0.06444136357985641,-0.11574918425922963,-0.8464100181355627,-0.8484302365840615,-0.8556685072437866,1.0407594308060526,-0.3210443659420513
-0.0019896442057474387,0.0017526412043325432,-0.17796585992455952,-0.8247691902667005,-0.8252101081012058,-0.8293744845262296,0.8011289308290812,-0.6492208176381471,0.002450790902013028,0.006308823270979216,-0.16141783185251993,-0.8263989487183032,-0.8272687699407172,-0.8328969791267613,1.0904067920045515,-0.7097342662296608,0.045424308231400784,0.04893235024540993,-0.11774467206210182,-0.8416220600529126,-0.8433006733488737,-0.8506975693374643,0.8813668350107249,-0.271180368262883
-0.003176676153506048,0.00043090148370301604,-0.17958423183797986,-0.8236808279705075,-0.8240177222051924,-0.8264851511958009,0.6646439391588199,-0.649338300971171,-0.0019896442057474387,0.0017526412043325432,-0.17796585992455952,-0.8247691902667005,-0.8252101081012058,-0.8293744845262296,0.8011289308290812,-0.6492208176381471,0.02615789394998237,0.029758863078967555,-0.13565131810717196,-0.8378724777927303,-0.8391584832756325,-0.8459814778157828,0.7475917877983971,-0.32663295591410296
-0.009665466583007196,-0.006166132793184863,-0.16741172666954424,-0.8227345914166776,-0.8228990414541966,-0.824325161551983,0.4014213133910962,-0.5669346328242466,-0.003176676153506048,0.00043090148370301604,-0.17958423183797986,-0.8236808279705075,-0.8240177222051924,-0.8264851511958009,0.6646439391588199,-0.649338300971171,0.04183130738082239,0.04544248392509562,-0.14668446475099173,-0.8336113545883613,-0.8352214275650722,-0.8413780239284379,0.7842149827055969,-0.3245518339470041
0.010867655193666663,0.014200296519279898,-0.13308366326097276,-0.820572001651749,-0.8213467204336995,-0.8227552434568197,0.2819125367826696,-0.5597645449704357,-0.009665466583007196,-0.006166132793184863,-0.16741172666954424,-0.8227345914166776,-0.8228990414541966,-0.824325161551983,0.4014213133910962,-0.5669346328242466,0.044429236464547994,0.04820039147084515,-0.16046475563165008,-0.8295403233787833,-0.8310972525895904,-0.8369686025263319,1.0444317259998366,-0.40350505508019885
-0.006553975892104366,-0.0032969758643990876,-0.12323357864805717,-0.8188351139641673,-0.8192093777467309,-0.8212390318152574,0.14785407107810933,-0.5492709358931798,0.010867655193666663,0.014200296519279898,-0.13308366326097276,-0.820572001651749,-0.8213467204336995,-0.8227552434568197,0.2819125367826696,-0.5597645449704357,0.002450790902013028,0.006308823270979216,-0.16141783185251993,-0.8263989487183032,-0.8272687699407172,-0.8328969791267613,1.0904067920045515,-0.7097342662296608
-0.013456231916682701,-0.010265102327795601,-0.11245495988340629,-0.8177593562058059,-0.8179802253009065,-0.8197399979201248,0.05294835489721361,-0.46552706485993567,-0.006553975892104366,-0.0032969758643990876,-0.12323357864805717,-0.8188351139641673,-0.8192093777467309,-0.8212390318152574,0.14785407107810933,-0.5492709358931798,-0.0019896442057474387,0.0017526412043325432,-0.17796585992455952,-0.8247691902667005,-0.8252101081012058,-0.8293744845262296,0.8011289308290812,-0.6492208176381471
-0.022383404913134022,-0.019334439443020997,-0.11179679366499065,-0.8163418367517108,-0.8166088586351974,-0.8181872342327924,-0.004136727567642051,-0.460770439173647,-0.013456231916682701,-0.010265102327795601,-0.11245495988340629,-0.8177593562058059,-0.8179802253009065,-0.8197399979201248,0.05294835489721361,-0.46552706485993567,-0.003176676153506048,0.00043090148370301604,-0.17958423183797986,-0.8236808279705075,-0.8240177222051924,-0.8264851511958009,0.6646439391588199,-0.649338300971171
-0.04234386633443883,-0.0393645167932485,-0.10125518396475057,-0.816681578972994,-0.8162395968550268,-0.8168595840930597,0.16778544025870046,-0.4926224336369179,-0.022383404913134022,-0.019334439443020997,-0.11179679366499065,-0.8163418367517108,-0.8166088586351974,-0.8181872342327924,-0.004136727567642051,-0.460770439173647,-0.009665466583007196,-0.006166132793184863,-0.16741172666954424,-0.8227345914166776,-0.8228990414541966,-0.824325161551983,0.4014213133910962,-0.5669346328242466
-0.13099718852938186,-0.13131964020490638,-0.0698003121513876,-0.8211872452976035,-0.8189280259274454,-0.8167087879931818,7.724120991994747,-1.4295798532979747,-0.04234386633443883,-0.0393645167932485,-0.10125518396475057,-0.816681578972994,-0.8162395968550268,-0.8168595840930597,0.16778544025870046,-0.4926224336369179,0.010867655193666663,0.014200296519279898,-0.13308366326097276,-0.820572001651749,-0.8213467204336995,-0.8227552434568197,0.2819125367826696,-0.5597645449704357
-0.095785012809475,-0.09702739496246358,-0.006945181757589666,-0.8253855332714274,-0.8235599007309606,-0.8179942295063071,6.689092175517709,-0.8892048172007291,-0.13099718852938186,-0.13131964020490638,-0.0698003121513876,-0.8211872452976035,-0.8189280259274454,-0.8167087879931818,7.724120991994747,-1.4295798532979747,-0.006553975892104366,-0.0032969758643990876,-0.12323357864805717,-0.8188351139641673,-0.8192093777467309,-0.8212390318152574,0.14785407107810933,-0.5492709358931798
-0.0954194668701131,-0.09766416800843696,0.06965508491167552,-0.8311076140485945,-0.8288012230093488,-0.8208478912763499,5.501824850886749,-0.8288426650494399,-0.095785012809475,-0.09702739496246358,-0.006945181757589666,-0.8253855332714274,-0.8235599007309606,-0.8179942295063071,6.689092175517709,-0.8892048172007291,-0.013456231916682701,-0.010265102327795601,-0.11245495988340629,-0.8177593562058059,-0.8179802253009065,-0.8197399979201248,0.05294835489721361,-0.46552706485993567
-0.06838934048990772,-0.07097052754749897,0.15823465455792485,-0.8347110323643603,-0.8332655025586218,-0.8249441868730257,5.131098919440699,-0.7846713225399449,-0.0954194668701131,-0.09766416800843696,0.06965508491167552,-0.8311076140485945,-0.8288012230093488,-0.8208478912763499,5.501824850886749,-0.8288426650494399,-0.022383404913134022,-0.019334439443020997,-0.11179679366499065,-0.8163418367517108,-0.8166088586351974,-0.8181872342327924,-0.004136727567642051,-0.460770439173647
-0.09332210795082437,-0.09625561616898637,0.22154401990346392,-0.8387756996901402,-0.8369621997810608,-0.8294820718455402,4.549013038860568,-0.6713160001261438,-0.06838934048990772,-0.07097052754749897,0.15823465455792485,-0.8347110323643603,-0.8332655025586218,-0.8249441868730257,5.131098919440699,-0.7846713225399449,-0.04234386633443883,-0.0393645167932485,-0.10125518396475057,-0.816681578972994,-0.8162395968550268,-0.8168595840930597,0.16778544025870046,-0.4926224336369179
-0.060729893831937304,-0.06397952983744697,0.2642974553429578,-0.8425109043975706,-0.8411165471803597,-0.8338907701095888,4.28108530579664,-0.7236505271794457,-0.09332210795082437,-0.09625561616898637,0.22154401990346392,-0.8387756996901402,-0.8369621997810608,-0.8294820718455402,4.549013038860568,-0.6713160001261438,-0.13099718852938186,-0.13131964020490638,-0.0698003121513876,-0.8211872452976035,-0.8189280259274454,-0.8167087879931818,7.724120991994747,-1.4295798532979747
-0.11026797192810445,-0.11380442998523244,0.28805118373119853,-0.8454687339245875,-0.8437533551539238,-0.8377484835644674,3.852813994198547,-0.6879004071945933,-0.060729893831937304,-0.06397952983744697,0.2642974553429578,-0.8425109043975706,-0.8411165471803597,-0.8338907701095888,4.28108530579664,-0.7236505271794457,-0.095785012809475,-0.09702739496246358,-0.006945181757589666,-0.8253855332714274,-0.8235599007309606,-0.8179942295063071,6.689092175517709,-0.8892048172007291
-0.10522782899724752,-0.10910557555634696,0.33806841218077077,-0.8501455245692053,-0.8481169917374003,-0.8414803788486318,3.4800924919045437,-0.6499171012704635,-0.11026797192810445,-0.11380442998523244,0.28805118373119853,-0.8454687339245875,-0.8437533551539238,-0.8377484835644674,3.852813994198547,-0.6879004071945933,-0.0954194668701131,-0.09766416800843696,0.06965508491167552,-0.8311076140485945,-0.8288012230093488,-0.8208478912763499,5.501824850886749,-0.8288426650494399
-0.10829702709656924,-0.11298380186247692,0.38080207592831206,-0.8561927250490682,-0.8537526381723235,-0.8456990534530171,2.7096345647461035,-0.5884940476947786,-0.10522782899724752,-0.10910557555634696,0.33806841218077077,-0.8501455245692053,-0.8481169917374003,-0.8414803788486318,3.4800924919045437,-0.6499171012704635,-0.06838934048990772,-0.07097052754749897,0.15823465455792485,-0.8347110323643603,-0.8332655025586218,-0.8249441868730257,5.131098919440699,-0.7846713225399449
-0.0777795275713647,-0.08292753663265343,0.42392790410306885,-0.8603472082022825,-0.8587509325660774,-0.8501041515499954,2.4936637407957827,-0.5462053652793084,-0.10829702709656924,-0.11298380186247692,0.38080207592831206,-0.8561927250490682,-0.8537526381723235,-0.8456990534530171,2.7096345647461035,-0.5884940476947786,-0.09332210795082437,-0.09625561616898637,0.22154401990346392,-0.8387756996901402,-0.8369621997810608,-0.8294820718455402,4.549013038860568,-0.6713160001261438
-0.07040075452844119,-0.07592040423372064,0.4656363507570813,-0.863346826062847,-0.8620255726622663,-0.8546247801561925,2.2122813681192532,-0.5246557866808909,-0.0777795275713647,-0.08292753663265343,0.42392790410306885,-0.8603472082022825,-0.8587509325660774,-0.8501041515499954,2.4936637407957827,-0.5462053652793084,-0.060729893831937304,-0.06397952983744697,0.2642974553429578,-0.8425109043975706,-0.8411165471803597,-0.8338907701095888,4.28108530579664,-0.7236505271794457
-0.05487214121240799,-0.06102308688527569,0.5113328775839718,-0.8661477863396896,-0.8649306686742313,-0.8588784068396456,1.8792947016894113,-0.4556314738188154,-0.07040075452844119,-0.07592040423372064,0.4656363507570813,-0.863346826062847,-0.8620255726622663,-0.8546247801561925,2.2122813681192532,-0.5246557866808909,-0.11026797192810445,-0.11380442998523244,0.28805118373119853,-0.8454687339245875,-0.8437533551539238,-0.8377484835644674,3.852813994198547,-0.6879004071945933
-0.062154860694242406,-0.06891579243951004,0.564564799493551,-0.8694120128604554,-0.8679531606845735,-0.8625716155104397,1.504620119861933,-0.44266390879016737,-0.05487214121240799,-0.06102308688527569,0.5113328775839718,-0.8661477863396896,-0.8649306686742313,-0.8588784068396456,1.8792947016894113,-0.4556314738188154,-0.10522782899724752,-0.10910557555634696,0.33806841218077077,-0.8501455245692053,-0.8481169917374003,-0.8414803788486318,3.4800924919045437,-0.6499171012704635
-0.07027975004099266,-0.07746170712670986,0.5955841756244269,-0.8722371396144653,-0.8708850832114269,-0.8656787962688761,1.3418841928961447,-0.4649647069594332,-0.062154860694242406,-0.06891579243951004,0.564564799493551,-0.8694120128604554,-0.8679531606845735,-0.8625716155104397,1.504620119861933,-0.44266390879016737,-0.10829702709656924,-0.11298380186247692,0.38080207592831206,-0.8561927250490682,-0.8537526381723235,-0.8456990534530171,2.7096345647461035,-0.5884940476947786
-0.08173250783409233,-0.08916237555657147,0.6236021728223828,-0.875045808099814,-0.8737101866419983,-0.8686228165250055,1.180210832000916,-0.43044886343602423,-0.07027975004099266,-0.07746170712670986,0.5955841756244269,-0.8722371396144653,-0.8708850832114269,-0.8656787962688761,1.3418841928961447,-0.4649647069594332,-0.0777795275713647,-0.08292753663265343,0.42392790410306885,-0.8603472082022825,-0.8587509325660774,-0.8501041515499954,2.4936637407957827,-0.5462053652793084
-0.10297738507029765,-0.1105702898223933,0.6405944641057142,-0.8794133248958078,-0.8774645715831433,-0.8717608193267917,1.0618295784004381,-0.39739368403856784,-0.08173250783409233,-0.08916237555657147,0.6236021728223828,-0.875045808099814,-0.8737101866419983,-0.8686228165250055,1.180210832000916,-0.43044886343602423,-0.07040075452844119,-0.07592040423372064,0.4656363507570813,-0.863346826062847,-0.8620255726622663,-0.8546247801561925,2.2122813681192532,-0.5246557866808909
-0.05258442850237923,-0.060934718949302746,0.6694421164794209,-0.8825086295485454,-0.8814136734634752,-0.8751431072774576,0.9940259416159334,-0.3209623446571039,-0.10297738507029765,-0.1105702898223933,0.6405944641057142,-0.8794133248958078,-0.8774645715831433,-0.8717608193267917,1.0618295784004381,-0.39739368403856784,-0.05487214121240799,-0.06102308688527569,0.5113328775839718,-0.8661477863396896,-0.8649306686742313,-0.8588784068396456,1.8792947016894113,-0.4556314738188154
-0.034874793209881516,-0.043445675130848425,0.6901056533385868,-0.883571540790628,-0.8830548973711961,-0.8781950220548217,0.9264663852158526,-0.3505879107446254,-0.05258442850237923,-0.060934718949302746,0.6694421164794209,-0.8825086295485454,-0.8814136734634752,-0.8751431072774576,0.9940259416159334,-0.3209623446571039,-0.062154860694242406,-0.06891579243951004,0.564564799493551,-0.8694120128604554,-0.8679531606845735,-0.8625716155104397,1.504620119861933,-0.44266390879016737
-0.04269990027363359,-0.051183962523131114,0.7066802595972609,-0.8851274532454803,-0.8843770952581561,-0.8808859994156317,0.9519429012371803,-0.3372517473478714,-0.034874793209881516,-0.043445675130848425,0.6901056533385868,-0.883571540790628,-0.8830548973711961,-0.8781950220548217,0.9264663852158526,-0.3505879107446254,-0.07027975004099266,-0.07746170712670986,0.5955841756244269,-0.8722371396144653,-0.8708850832114269,-0.8656787962688761,1.3418841928961447,-0.4649647069594332
-0.026693887786006672,-0.035503003345302445,0.7120164940566752,-0.8863897547282507,-0.8859188152902027,-0.8831215751804931,0.8577155036784587,-0.3301340791844242,-0.04269990027363359,-0.051183962523131114,0.7066802595972609,-0.8851274532454803,-0.8843770952581561,-0.8808859994156317,0.9519429012371803,-0.3372517473478714,-0.08173250783409233,-0.08916237555657147,0.6236021728223828,-0.875045808099814,-0.8737101866419983,-0.8686228165250055,1.180210832000916,-0.43044886343602423
-0.039171665638471964,-0.04794238450006091,0.6964471301031341,-0.8873718429283481,-0.8867691709008338,-0.8845535166271077,0.854569236503445,-0.30663829611850907,-0.026693887786006672,-0.035503003345302445,0.7120164940566752,-0.8863897547282507,-0.8859188152902027,-0.8831215751804931,0.8577155036784587,-0.3301340791844242,-0.10297738507029765,-0.1105702898223933,0.6405944641057142,-0.8794133248958078,-0.8774645715831433,-0.8717608193267917,1.0618295784004381,-0.39739368403856784
-0.04293536069778775,-0.051611592965833175,0.6950293283788291,-0.8892369060020595,-0.8884134207130481,-0.885888623610465,0.894041305992225,-0.30576254660066365,-0.039171665638471964,-0.04794238450006091,0.6964471301031341,-0.8873718429283481,-0.8867691709008338,-0.8845535166271077,0.854569236503445,-0.30663829611850907,-0.05258442850237923,-0.060934718949302746,0.6694421164794209,-0.8825086295485454,-0.8814136734634752,-0.8751431072774576,0.9940259416159334,-0.3209623446571039
-0.02165530016927243,-0.030291838780710484,0.6850112361930873,-0.8898308577850806,-0.8895606446927689,-0.8872054660789102,0.9516704298472605,-0.34087114700926446,-0.04293536069778775,-0.051611592965833175,0.6950293283788291,-0.8892369060020595,-0.8884134207130481,-0.885888623610465,0.894041305992225,-0.30576254660066365,-0.034874793209881516,-0.043445675130848425,0.6901056533385868,-0.883571540790628,-0.8830548973711961,-0.8781950220548217,0.9264663852158526,-0.3505879107446254
-0.026971746410009996,-0.03546362859456932,0.6729522164972088,-0.8901994156064794,-0.8898796330131474,-0.8882152063589746,1.013489833932793,-0.34161827356618957,-0.02165530016927243,-0.030291838780710484,0.6850112361930873,-0.8898308577850806,-0.8895606446927689,-0.8872054660789102,0.9516704298472605,-0.34087114700926446,-0.04269990027363359,-0.051183962523131114,0.7066802595972609,-0.8851274532454803,-0.8843770952581561,-0.8808859994156317,0.9519429012371803,-0.3372517473478714
-0.002218658360964902,-0.010637820032861733,0.6647080356375106,-0.8900950399956107,-0.8902131204218221,-0.8890876365207943,1.0993754548367942,-0.3829975088637607,-0.026971746410009996,-0.03546362859456932,0.6729522164972088,-0.8901994156064794,-0.8898796330131474,-0.8882152063589746,1.013489833932793,-0.34161827356618957,-0.026693887786006672,-0.035503003345302445,0.7120164940566752,-0.8863897547282507,-0.8859188152902027,-0.8831215751804931,0.8577155036784587,-0.3301340791844242
0.05755897446457112,0.0499234489723321,0.6329678234748365,-0.8869686538087778,-0.8884777248488469,-0.8891925733138055,1.3108540682044714,-0.36851533182940754,-0.002218658360964902,-0.010637820032861733,0.6647080356375106,-0.8900950399956107,-0.8902131204218221,-0.8890876365207943,1.0993754548367942,-0.3829975088637607,-0.039171665638471964,-0.04794238450006091,0.6964471301031341,-0.8873718429283481,-0.8867691709008338,-0.8845535166271077,0.854569236503445,-0.30663829611850907
0.06201243822293527,0.057852875966753876,0.5701774632276346,-0.880997992456164,-0.8831365435332466,-0.8876816508225148,0.2898842429822448,-0.14971776883962037,0.05755897446457112,0.0499234489723321,0.6329678234748365,-0.8869686538087778,-0.8884777248488469,-0.8891925733138055,1.3108540682044714,-0.36851533182940754,-0.04293536069778775,-0.051611592965833175,0.6950293283788291,-0.8892369060020595,-0.8884134207130481,-0.885888623610465,0.894041305992225,-0.30576254660066365
0.10183174595367028,0.09844822452186672,0.5125300828436001,-0.8752023718895409,-0.8776902339535892,-0.8847783470642399,0.23270520857724453,-0.048008345337040195,0.06201243822293527,0.057852875966753876,0.5701774632276346,-0.880997992456164,-0.8831365435332466,-0.8876816508225148,0.2898842429822448,-0.14971776883962037,-0.02165530016927243,-0.030291838780710484,0.6850112361930873,-0.8898308577850806,-0.8895606446927689,-0.8872054660789102,0.9516704298472605,-0.34087114700926446
0.07636808854229493,0.07359451531957036,0.44185195713703274,-0.8688061906902628,-0.8711454039023693,-0.8802040621591266,0.4005454141218925,-0.07647882389331516,0.10183174595367028,0.09844822452186672,0.5125300828436001,-0.8752023718895409,-0.8776902339535892,-0.8847783470642399,0.23270520857724453,-0.048008345337040195,-0.026971746410009996,-0.03546362859456932,0.6729522164972088,-0.8901994156064794,-0.8898796330131474,-0.8882152063589746,1.013489833932793,-0.34161827356618957
0.0736788086919978,0.07129784647119997,0.3826398047706392,-0.8640610598054207,-0.8659147684855246,-0.8746471352022606,0.5335025445432113,-0.08232331483396044,0.07636808854229493,0.07359451531957036,0.44185195713703274,-0.8688061906902628,-0.8711454039023693,-0.8802040621591266,0.4005454141218925,-0.07647882389331516,-0.002218658360964902,-0.010637820032861733,0.6647080356375106,-0.8900950399956107,-0.8902131204218221,-0.8890876365207943,1.0993754548367942,-0.3829975088637607
0.09683039362790039,0.09484019641149385,0.3330657395738215,-0.8575236109910513,-0.8601774858592571,-0.868858757103099,0.7395143599000642,-0.12555562347697513,0.0736788086919978,0.07129784647119997,0.3826398047706392,-0.8640610598054207,-0.8659147684855246,-0.8746471352022606,0.5335025445432113,-0.08232331483396044,0.05755897446457112,0.0499234489723321,0.6329678234748365,-0.8869686538087778,-0.8884777248488469,-0.8891925733138055,1.3108540682044714,-0.36851533182940754
0.06925981914995463,0.06752566170838986,0.29435024500414547,-0.8512564618114806,-0.8534779531869121,-0.8627784664073468,0.8639830631453109,-0.07242272746873307,0.09683039362790039,0.09484019641149385,0.3330657395738215,-0.8575236109910513,-0.8601774858592571,-0.868858757103099,0.7395143599000642,-0.12555562347697513,0.06201243822293527,0.057852875966753876,0.5701774632276346,-0.880997992456164,-0.8831365435332466,-0.8876816508225148,0.2898842429822448,-0.14971776883962037
0.09584118542184047,0.09477567444061313,0.24530227315055986,-0.8436872437837362,-0.8466995920072791,-0.8566133853993037,1.1030205551951218,0.0451670943825563,0.06925981914995463,0.06752566170838986,0.29435024500414547,-0.8512564618114806,-0.8534779531869121,-0.8627784664073468,0.8639830631453109,-0.07242272746873307,0.10183174595367028,0.09844822452186672,0.5125300828436001,-0.8752023718895409,-0.8776902339535892,-0.8847783470642399,0.23270520857724453,-0.048008345337040195
0.1292393890385536,0.12870530300861163,0.18961242257651456,-0.8356085670214083,-0.8388381537491933,-0.8498971286071046,1.4525413835591037,0.18418478972775332,0.09584118542184047,0.09477567444061313,0.24530227315055986,-0.8436872437837362,-0.8466995920072791,-0.8566133853993037,1.1030205551951218,0.0451670943825563,0.07636808854229493,0.07359451531957036,0.44185195713703274,-0.8688061906902628,-0.8711454039023693,-0.8802040621591266,0.4005454141218925,-0.07647882389331516
0.061853204376195944,0.061961971743907905,0.14972750076937735,-0.8289762865547499,-0.8312736695836853,-0.8426569766658059,1.6345156500069846,0.12856926119306433,0.1292393890385536,0.12870530300861163,0.18961242257651456,-0.8356085670214083,-0.8388381537491933,-0.8498971286071046,1.4525413835591037,0.18418478972775332,0.0736788086919978,0.07129784647119997,0.3826398047706392,-0.8640610598054207,-0.8659147684855246,-0.8746471352022606,0.5335025445432113,-0.08232331483396044
0.062361797359142025,0.0626281019502697,0.11198295835014274,-0.8236592896481445,-0.8255736931313518,-0.8356693274621195,1.8119277188114227,0.16309389854900616,0.061853204376195944,0.061961971743907905,0.14972750076937735,-0.8289762865547499,-0.8312736695836853,-0.8426569766658059,1.6345156500069846,0.12856926119306433,0.09683039362790039,0.09484019641149385,0.3330657395738215,-0.8575236109910513,-0.8601774858592571,-0.868858757103099,0.7395143599000642,-0.12555562347697513
0.04556842672143372,0.04612633802891713,0.07132814580127275,-0.8188268530888367,-0.8205870302031645,-0.8290485279048992,2.141903378145326,0.1726863607770631,0.062361797359142025,0.0626281019502697,0.11198295835014274,-0.8236592896481445,-0.8255736931313518,-0.8356693274621195,1.8119277188114227,0.16309389854900616,0.06925981914995463,0.06752566170838986,0.29435024500414547,-0.8512564618114806,-0.8534779531869121,-0.8627784664073468,0.8639830631453109,-0.07242272746873307
0.029441335406677455,0.030652271223038062,0.026485591140659036,-0.814711282161142,-0.8159592361668235,-0.8231781644990422,2.502657592913063,0.15129344538808476,0.04556842672143372,0.04612633802891713,0.07132814580127275,-0.8188268530888367,-0.8205870302031645,-0.8290485279048992,2.141903378145326,0.1726863607770631,0.09584118542184047,0.09477567444061313,0.24530227315055986,-0.8436872437837362,-0.8466995920072791,-0.8566133853993037,1.1030205551951218,0.0451670943825563
0.01751522286941675,0.01920360766915155,-0.016438892044366386,-0.811238731615157,-0.8122534331052224,-0.818301902934676,3.100594068719536,0.31695726292956006,0.029441335406677455,0.030652271223038062,0.026485591140659036,-0.814711282161142,-0.8159592361668235,-0.8231781644990422,2.502657592913063,0.15129344538808476,0.1292393890385536,0.12870530300861163,0.18961242257651456,-0.8356085670214083,-0.8388381537491933,-0.8498971286071046,1.4525413835591037,0.18418478972775332
-0.006580079704952422,-0.004322948129079671,-0.04500221482594221,-0.8091980765823246,-0.8096856485474553,-0.8142393579273624,3.053726863179425,0.8030503740911071,0.01751522286941675,0.01920360766915155,-0.016438892044366386,-0.811238731615157,-0.8122534331052224,-0.818301902934676,3.100594068719536,0.31695726292956006,0.061853204376195944,0.061961971743907905,0.14972750076937735,-0.8289762865547499,-0.8312736695836853,-0.8426569766658059,1.6345156500069846,0.12856926119306433
0.03545955975897927,0.037840110658386425,-0.06380676265146706,-0.8063194778193605,-0.807453386620588,-0.8108601212744171,3.4188613702010597,0.9171445034519546,-0.006580079704952422,-0.004322948129079671,-0.04500221482594221,-0.8091980765823246,-0.8096856485474553,-0.8142393579273624,3.053726863179425,0.8030503740911071,0.062361797359142025,0.0626281019502697,0.11198295835014274,-0.8236592896481445,-0.8255736931313518,-0.8356693274621195,1.8119277188114227,0.16309389854900616
0.014399766802833657,0.016960271937206527,-0.07446092629382217,-0.8025503789518067,-0.8036092907772798,-0.8077030966183969,3.4753957995823868,0.7492360602215186,0.03545955975897927,0.037840110658386425,-0.06380676265146706,-0.8063194778193605,-0.807453386620588,-0.8108601212744171,3.4188613702010597,0.9171445034519546,0.04556842672143372,0.04612633802891713,0.07132814580127275,-0.8188268530888367,-0.8205870302031645,-0.8290485279048992,2.141903378145326,0.1726863607770631
-0.003944368446323348,-0.0009714597623213927,-0.09466821640521846,-0.8007220234110939,-0.8012587485387032,-0.804901705099798,0.9037541017084094,0.13120196283798083,0.014399766802833657,0.016960271937206527,-0.07446092629382217,-0.8025503789518067,-0.8036092907772798,-0.8077030966183969,3.4753957995823868,0.7492360602215186,0.029441335406677455,0.030652271223038062,0.026485591140659036,-0.814711282161142,-0.8159592361668235,-0.8231781644990422,2.502657592913063,0.15129344538808476
0.03033782091360036,0.03343718108342339,-0.10725638024439407,-0.7980114891357335,-0.7990392061523249,-0.8022524985607292,0.9789723148195852,0.17064488547768328,-0.003944368446323348,-0.0009714597623213927,-0.09466821640521846,-0.8007220234110939,-0.8012587485387032,-0.804901705099798,0.9037541017084094,0.13120196283798083,0.01751522286941675,0.01920360766915155,-0.016438892044366386,-0.811238731615157,-0.8122534331052224,-0.818301902934676,3.100594068719536,0.31695726292956006
0.007005285675371658,0.010238090722630919,-0.11826056864677187,-0.7943770512741781,-0.7954072172975615,-0.7992276465197985,0.48730686314779526,-0.23425720144112686,0.03033782091360036,0.03343718108342339,-0.10725638024439407,-0.7980114891357335,-0.7990392061523249,-0.8022524985607292,0.9789723148195852,0.17064488547768328,-0.006580079704952422,-0.004322948129079671,-0.04500221482594221,-0.8091980765823246,-0.8096856485474553,-0.8142393579273624,3.053726863179425,0.8030503740911071
0.02779247273063801,0.03084501102037011,-0.11232362297001455,-0.7917436065523498,-0.7926821320835942,-0.7964282014976952,0.7093024795732932,-0.09440717137669898,0.007005285675371658,0.010238090722630919,-0.11826056864677187,-0.7943770512741781,-0.7954072172975615,-0.7992276465197985,0.48730686314779526,-0.23425720144112686,0.03545955975897927,0.037840110658386425,-0.06380676265146706,-0.8063194778193605,-0.807453386620588,-0.8108601212744171,3.4188613702010597,0.9171445034519546
0.00022342718596794937,0.0033890258815659578,-0.11350709690427466,-0.7890872814239918,-0.7897439097031753,-0.7935810884452483,0.7240813424225814,-0.05452736163073473,0.02779247273063801,0.03084501102037011,-0.11232362297001455,-0.7917436065523498,-0.7926821320835942,-0.7964282014976952,0.7093024795732932,-0.09440717137669898,0.014399766802833657,0.016960271937206527,-0.07446092629382217,-0.8025503789518067,-0.8036092907772798,-0.8077030966183969,3.4753957995823868,0.7492360602215186
0.003669478043675692,0.006744001542211303,-0.1192232623913062,-0.7871800633148265,-0.787720054741619,-0.7907385221533605,0.617987024447499,-0.01901914966122176,0.00022342718596794937,0.0033890258815659578,-0.11350709690427466,-0.7890872814239918,-0.7897439097031753,-0.7935810884452483,0.7240813424225814,-0.05452736163073473,-0.003944368446323348,-0.0009714597623213927,-0.09466821640521846,-0.8007220234110939,-0.8012587485387032,-0.804901705099798,0.9037541017084094,0.13120196283798083
-0.018254080735049555,-0.015172662820046562,-0.1196879496338251,-0.7854663629879163,-0.7857000096131403,-0.7882378830034661,0.5228213098664214,0.0276010492403297,0.003669478043675692,0.006744001542211303,-0.1192232623913062,-0.7871800633148265,-0.787720054741619,-0.7907385221533605,0.617987024447499,-0.01901914966122176,0.03033782091360036,0.03343718108342339,-0.10725638024439407,-0.7980114891357335,-0.7990392061523249,-0.8022524985607292,0.9789723148195852,0.17064488547768328
0.0009525156577793806,0.0038176520115812285,-0.11291728315942706,-0.7838938100337205,-0.7844018334523095,-0.7861272298667743,0.39920262211997226,0.0688773249713325,-0.018254080735049555,-0.015172662820046562,-0.1196879496338251,-0.7854663629879163,-0.7857000096131403,-0.7882378830034661,0.5228213098664214,0.0276010492403297,0.007005285675371658,0.010238090722630919,-0.11826056864677187,-0.7943770512741781,-0.7954072172975615,-0.7992276465197985,0.48730686314779526,-0.23425720144112686
-0.0026319740036183006,0.00019072958843805582,-0.11020329177837625,-0.7820158996968833,-0.7825215777508732,-0.7842690032856328,0.3925175034109545,0.11114302952457862,0.0009525156577793806,0.0038176520115812285,-0.11291728315942706,-0.7838938100337205,-0.7844018334523095,-0.7861272298667743,0.39920262211997226,0.0688773249713325,0.02779247273063801,0.03084501102037011,-0.11232362297001455,-0.7917436065523498,-0.7926821320835942,-0.7964282014976952,0.7093024795732932,-0.09440717137669898
-0.0003738078850360621,0.0024605230990931634,-0.12237810703315805,-0.7802844565243688,-0.7807272943303557,-0.7825017487340169,0.4245322199837509,0.10698106824333944,-0.0026319740036183006,0.00019072958843805582,-0.11020329177837625,-0.7820158996968833,-0.7825215777508732,-0.7842690032856328,0.3925175034109545,0.11114302952457862,0.00022342718596794937,0.0033890258815659578,-0.11350709690427466,-0.7890872814239918,-0.7897439097031753,-0.7935810884452483,0.7240813424225814,-0.05452736163073473
-0.005063028936581825,-0.0021746716638541674,-0.14048314655603714,-0.7784139474418962,-0.7788951280098182,-0.78078880564705,0.5009840746881262,0.11655556436238783,-0.0003738078850360621,0.0024605230990931634,-0.12237810703315805,-0.7802844565243688,-0.7807272943303557,-0.7825017487340169,0.4245322199837509,0.10698106824333944,0.003669478043675692,0.006744001542211303,-0.1192232623913062,-0.7871800633148265,-0.787720054741619,-0.7907385221533605,0.617987024447499,-0.01901914966122176
-0.009822376984008077,-0.006946991572144734,-0.15705871469024069,-0.7770081139037489,-0.7772882938821721,-0.77900867299288,0.45734814067555574,0.13043651985822924,-0.005063028936581825,-0.0021746716638541674,-0.14048314655603714,-0.7784139474418962,-0.7788951280098182,-0.78078880564705,0.5009840746881262,0.11655556436238783,-0.018254080735049555,-0.015172662820046562,-0.1196879496338251,-0.7854663629879163,-0.7857000096131403,-0.7882378830034661,0.5228213098664214,0.0276010492403297
-0.01097473435722689,-0.008094513172878553,-0.17672496185603784,-0.7759128402848627,-0.7760938009536816,-0.7773782146084313,0.46570872087177095,0.1305659821435257,-0.009822376984008077,-0.006946991572144734,-0.15705871469024069,-0.7770081139037489,-0.7772882938821721,-0.77900867299288,0.45734814067555574,0.13043651985822924,0.0009525156577793806,0.0038176520115812285,-0.11291728315942706,-0.7838938100337205,-0.7844018334523095,-0.7861272298667743,0.39920262211997226,0.0688773249713325
0.0009287567379143331,0.003754695579355701,-0.18424761737960285,-0.7736773821459851,-0.774223018071716,-0.7757364551080357,0.5203489543005357,0.20047871803821607,-0.01097473435722689,-0.008094513172878553,-0.17672496185603784,-0.7759128402848627,-0.7760938009536816,-0.7773782146084313,0.46570872087177095,0.1305659821435257,-0.0026319740036183006,0.00019072958843805582,-0.11020329177837625,-0.7820158996968833,-0.7825215777508732,-0.7842690032856328,0.3925175034109545,0.11114302952457862
-0.006142794976652632,-0.0032728921524538147,-0.19212788122633945,-0.7718384437824324,-0.7722558564064801,-0.774055670638364,0.5391094207454881,0.21187026482326654,0.0009287567379143331,0.003754695579355701,-0.18424761737960285,-0.7736773821459851,-0.774223018071716,-0.7757364551080357,0.5203489543005357,0.20047871803821607,-0.0003738078850360621,0.0024605230990931634,-0.12237810703315805,-0.7802844565243688,-0.7807272943303557,-0.7825017487340169,0.4245322199837509,0.10698106824333944
-0.02165023419710902,-0.018708107001515525,-0.19868546875357643,-0.7703859905571063,-0.7705888969012824,-0.7723827835776624,0.605327859069444,0.2383051335333008,-0.006142794976652632,-0.0032728921524538147,-0.19212788122633945,-0.7718384437824324,-0.7722558564064801,-0.774055670638364,0.5391094207454881,0.21187026482326654,-0.005063028936581825,-0.0021746716638541674,-0.14048314655603714,-0.7784139474418962,-0.7788951280098182,-0.78078880564705,0.5009840746881262,0.11655556436238783
-0.014878046328073723,-0.011960407309238887,-0.2043233491560873,-0.7692834964208443,-0.7694491618332164,-0.7707379259589473,0.5846444818049266,0.2156006919094315,-0.02165023419710902,-0.018708107001515525,-0.19868546875357643,-0.7703859905571063,-0.7705888969012824,-0.7723827835776624,0.605327859069444,0.2383051335333008,-0.009822376984008077,-0.006946991572144734,-0.15705871469024069,-0.7770081139037489,-0.7772882938821721,-0.77900867299288,0.45734814067555574,0.13043651985822924
0.004876163282649115,0.00786096096775692,-0.21696532505829794,-0.7674416804555693,-0.7679648834201579,-0.7691309564938924,0.6841105311176006,0.2295500782052324,-0.014878046328073723,-0.011960407309238887,-0.2043233491560873,-0.7692834964208443,-0.7694491618332164,-0.7707379259589473,0.5846444818049266,0.2156006919094315,-0.01097473435722689,-0.008094513172878553,-0.17672496185603784,-0.7759128402848627,-0.7760938009536816,-0.7773782146084313,0.46570872087177095,0.1305659821435257
0.0022647345461369994,0.005398019500586137,-0.23314107672769174,-0.7654196241550718,-0.7660205777612938,-0.7675484979709237,0.8990247116029377,0.22428126124622372,0.004876163282649115,0.00786096096775692,-0.21696532505829794,-0.7674416804555693,-0.7679648834201579,-0.7691309564938924,0.6841105311176006,0.2295500782052324,0.0009287567379143331,0.003754695579355701,-0.18424761737960285,-0.7736773821459851,-0.774223018071716,-0.7757364551080357,0.5203489543005357,0.20047871803821607
-0.012307751105035056,-0.009259771480855548,-0.23930826657512638,-0.7637878477227129,-0.7640616406139815,-0.7659146238337702,0.785067398415991,0.18279425228499782,0.0022647345461369994,0.005398019500586137,-0.23314107672769174,-0.7654196241550718,-0.7660205777612938,-0.7675484979709237,0.8990247116029377,0.22428126124622372,-0.006142794976652632,-0.0032728921524538147,-0.19212788122633945,-0.7718384437824324,-0.7722558564064801,-0.774055670638364,0.5391094207454881,0.21187026482326654
-0.02558038410489962,-0.02248157740581406,-0.248064803706379,-0.7632916641946208,-0.7631965656969479,-0.7643633664719421,0.8278543123361803,0.21058672244525892,-0.012307751105035056,-0.009259771480855548,-0.23930826657512638,-0.7637878477227129,-0.7640616406139815,-0.7659146238337702,0.785067398415991,0.18279425228499782,-0.02165023419710902,-0.018708107001515525,-0.19868546875357643,-0.7703859905571063,-0.7705888969012824,-0.7723827835776624,0.605327859069444,0.2383051335333008
-0.021680415959360023,-0.018733082187281473,-0.2509362886309324,-0.7626721373808772,-0.7626053177824191,-0.7629906204950803,0.8586677531195264,0.06388416259266388,-0.02558038410489962,-0.02248157740581406,-0.248064803706379,-0.7632916641946208,-0.7631965656969479,-0.7643633664719421,0.8278543123361803,0.21058672244525892,-0.014878046328073723,-0.011960407309238887,-0.2043233491560873,-0.7692834964208443,-0.7694491618332164,-0.7707379259589473,0.5846444818049266,0.2156006919094315
-0.015239150395510648,-0.012311118437329668,-0.2536027307252612,-0.7621319638141046,-0.7620723446354062,-0.7619474259290616,0.8743472434954849,0.028557351714427755,-0.021680415959360023,-0.018733082187281473,-0.2509362886309324,-0.7626721373808772,-0.7626053177824191,-0.7629906204950803,0.8586677531195264,0.06388416259266388,0.004876163282649115,0.00786096096775692,-0.21696532505829794,-0.7674416804555693,-0.7679648834201579,-0.7691309564938924,0.6841105311176006,0.2295500782052324
0.013292105735692651,0.016152920449676013,-0.26808432382152836,-0.7595398772419175,-0.7603709952005291,-0.760984692490744,0.9489915746350834,0.024947565337344126,-0.015239150395510648,-0.012311118437329668,-0.2536027307252612,-0.7621319638141046,-0.7620723446354062,-0.7619474259290616,0.8743472434954849,0.028557351714427755,0.0022647345461369994,0.005398019500586137,-0.23314107672769174,-0.7654196241550718,-0.7660205777612938,-0.7675484979709237,0.8990247116029377,0.22428126124622372
0.016305366126745737,0.019226830720225074,-0.2792695185964644,-0.7568028523013393,-0.7576402719841522,-0.7596293972251207,1.0471246179869675,0.04032629481393162,0.013292105735692651,0.016152920449676013,-0.26808432382152836,-0.7595398772419175,-0.7603709952005291,-0.760984692490744,0.9489915746350834,0.024947565337344126,-0.012307751105035056,-0.009259771480855548,-0.23930826657512638,-0.7637878477227129,-0.7640616406139815,-0.7659146238337702,0.785067398415991,0.18279425228499782
0.01919612783509645,0.02248289023973106,-0.30346148654123806,-0.7531337241406943,-0.7543242084433104,-0.7576152225215416,1.0410584381246482,0.10401957399931026,0.016305366126745737,0.019226830720225074,-0.2792695185964644,-0.7568028523013393,-0.7576402719841522,-0.7596293972251207,1.0471246179869675,0.04032629481393162,-0.02558038410489962,-0.02248157740581406,-0.248064803706379,-0.7632916641946208,-0.7631965656969479,-0.7643633664719421,0.8278543123361803,0.21058672244525892
0.024620185670408308,0.027949677973428184,-0.32558400361050865,-0.7498845488287286,-0.7508736164740129,-0.754905696065486,1.155091479719058,0.11617814844440598,0.01919612783509645,0.02248289023973106,-0.30346148654123806,-0.7531337241406943,-0.7543242084433104,-0.7576152225215416,1.0410584381246482,0.10401957399931026,-0.021680415959360023,-0.018733082187281473,-0.2509362886309324,-0.7626721373808772,-0.7626053177824191,-0.7629906204950803,0.8586677531195264,0.06388416259266388
0.0031974155372569146,0.006578121956014468,-0.3346512695597176,-0.7471147903283581,-0.7477774188698392,-0.7517634198981544,1.1505235808173202,0.1682260620551513,0.024620185670408308,0.027949677973428184,-0.32558400361050865,-0.7498845488287286,-0.7508736164740129,-0.754905696065486,1.155091479719058,0.11617814844440598,-0.015239150395510648,-0.012311118437329668,-0.2536027307252612,-0.7621319638141046,-0.7620723446354062,-0.7619474259290616,0.8743472434954849,0.028557351714427755
0.03070193462260698,0.03397206937248806,-0.3631110775520847,-0.7440380844079555,-0.7450760356767749,-0.7486212172241062,1.179866259375391,0.5345291593399334,0.0031974155372569146,0.006578121956014468,-0.3346512695597176,-0.7471147903283581,-0.7477774188698392,-0.7517634198981544,1.1505235808173202,0.1682260620551513,0.013292105735692651,0.016152920449676013,-0.26808432382152836,-0.7595398772419175,-0.7603709952005291,-0.760984692490744,0.9489915746350834,0.024947565337344126
0.012777482182278768,0.01628989595755415,-0.3693748075939801,-0.7409325621405903,-0.7417435989496647,-0.7454303478714708,1.173587906944582,0.4479201194475581,0.03070193462260698,0.03397206937248806,-0.3631110775520847,-0.7440380844079555,-0.7450760356767749,-0.7486212172241062,1.179866259375391,0.5345291593399334,0.016305366126745737,0.019226830720225074,-0.2792695185964644,-0.7568028523013393,-0.7576402719841522,-0.7596293972251207,1.0471246179869675,0.04032629481393162
0.033544096952041386,0.03704981535839674,-0.3707341310075256,-0.7370475227354437,-0.7383450423346128,-0.7422721066685846,1.2676129087762265,0.40191842313496046,0.012777482182278768,0.01628989595755415,-0.3693748075939801,-0.7409325621405903,-0.7417435989496647,-0.7454303478714708,1.173587906944582,0.4479201194475581,0.01919612783509645,0.02248289023973106,-0.30346148654123806,-0.7531337241406943,-0.7543242084433104,-0.7576152225215416,1.0410584381246482,0.10401957399931026
0.023206167029449918,0.026836922050948467,-0.37847020701698625,-0.7332192003897268,-0.7343970674264231,-0.7389327637113745,1.493119631728967,0.40099037063190085,0.033544096952041386,0.03704981535839674,-0.3707341310075256,-0.7370475227354437,-0.7383450423346128,-0.7422721066685846,1.2676129087762265,0.40191842313496046,0.024620185670408308,0.027949677973428184,-0.32558400361050865,-0.7498845488287286,-0.7508736164740129,-0.754905696065486,1.155091479719058,0.11617814844440598
0.03226593154776118,0.036022639212071356,-0.38848850812413505,-0.7285592967039825,-0.7301021979859068,-0.7351968329648004,1.8621298168246057,0.3803498671967665,0.023206167029449918,0.026836922050948467,-0.37847020701698625,-0.7332192003897268,-0.7343970674264231,-0.7389327637113745,1.493119631728967,0.40099037063190085,0.0031974155372569146,0.006578121956014468,-0.3346512695597176,-0.7471147903283581,-0.7477774188698392,-0.7517634198981544,1.1505235808173202,0.1682260620551513
0.03471928903368198,0.03850192825988655,-0.40098065070210875,-0.72457777362085,-0.7259048577887397,-0.7312522586229626,1.7925652284129967,0.26334554134336274,0.03226593154776118,0.036022639212071356,-0.38848850812413505,-0.7285592967039825,-0.7301021979859068,-0.7351968329648004,1.8621298168246057,0.3803498671967665,0.03070193462260698,0.03397206937248806,-0.3631110775520847,-0.7440380844079555,-0.7450760356767749,-0.7486212172241062,1.179866259375391,0.5345291593399334
0.02206925231094687,0.02599450621103399,-0.4164989037703858,-0.7208793996761829,-0.7219865277982243,-0.7271457102472133,1.9713952162885668,0.21593544240443063,0.03471928903368198,0.03850192825988655,-0.40098065070210875,-0.72457777362085,-0.7259048577887397,-0.7312522586229626,1.7925652284129967,0.26334554134336274,0.012777482182278768,0.01628989595755415,-0.3693748075939801,-0.7409325621405903,-0.7417435989496647,-0.7454303478714708,1.173587906944582,0.4479201194475581
0.013869752180292967,0.017726932341680712,-0.4033389764015904,-0.7175404085367828,-0.7184539202928926,-0.7231414206050826,1.673099888366492,0.2021430028206295,0.02206925231094687,0.02599450621103399,-0.4164989037703858,-0.7208793996761829,-0.7219865277982243,-0.7271457102472133,1.9713952162885668,0.21593544240443063,0.033544096952041386,0.03704981535839674,-0.3707341310075256,-0.7370475227354437,-0.7383450423346128,-0.7422721066685846,1.2676129087762265,0.40191842313496046
0.021285079157248005,0.024976712818810108,-0.3810138489177468,-0.7146732507239308,-0.7156050421335378,-0.719443721924884,1.464547312553358,0.07178011290336983,0.013869752180292967,0.017726932341680712,-0.4033389764015904,-0.7175404085367828,-0.7184539202928926,-0.7231414206050826,1.673099888366492,0.2021430028206295,0.023206167029449918,0.026836922050948467,-0.37847020701698625,-0.7332192003897268,-0.7343970674264231,-0.7389327637113745,1.493119631728967,0.40099037063190085
0.03637845722995979,0.04002578493384335,-0.3630579309446341,-0.7106288334093354,-0.7119823187461425,-0.7159162848472758,1.46203953290052,0.02177064046784454,0.021285079157248005,0.024976712818810108,-0.3810138489177468,-0.7146732507239308,-0.7156050421335378,-0.719443721924884,1.464547312553358,0.07178011290336983,0.03226593154776118,0.036022639212071356,-0.38848850812413505,-0.7285592967039825,-0.7301021979859068,-0.7351968329648004,1.8621298168246057,0.3803498671967665
0.02269476307443794,0.026503221312741035,-0.3540622339673908,-0.7063329594112653,-0.7075967927522069,-0.7122904834989054,1.553847281337748,-0.061834503763846936,0.03637845722995979,0.04002578493384335,-0.3630579309446341,-0.7106288334093354,-0.7119823187461425,-0.7159162848472758,1.46203953290052,0.02177064046784454,0.03471928903368198,0.03850192825988655,-0.40098065070210875,-0.72457777362085,-0.7259048577887397,-0.7312522586229626,1.7925652284129967,0.26334554134336274
0.008680755020182711,0.012562493970632506,-0.3572800113611792,-0.703048236419785,-0.7038740765810051,-0.7086363768398586,1.543461755513884,-0.07729500414739507,0.02269476307443794,0.026503221312741035,-0.3540622339673908,-0.7063329594112653,-0.7075967927522069,-0.7122904834989054,1.553847281337748,-0.061834503763846936,0.02206925231094687,0.02599450621103399,-0.4164989037703858,-0.7208793996761829,-0.7219865277982243,-0.7271457102472133,1.9713952162885668,0.21593544240443063
0.013380573665156357,0.017221078944718304,-0.36735981838616083,-0.6999420412432188,-0.7008388876204824,-0.7049602728524154,1.4385910994549809,-0.09303644801652242,0.008680755020182711,0.012562493970632506,-0.3572800113611792,-0.703048236419785,-0.7038740765810051,-0.7086363768398586,1.543461755513884,-0.07729500414739507,0.013869752180292967,0.017726932341680712,-0.4033389764015904,-0.7175404085367828,-0.7184539202928926,-0.7231414206050826,1.673099888366492,0.2021430028206295
0.022413835629151356,0.026249726724346088,-0.37110836135729947,-0.6963895257825207,-0.6974406997809957,-0.7012814640611942,1.5148331974965847,-0.1429879837348532,0.013380573665156357,0.017221078944718304,-0.36735981838616083,-0.6999420412432188,-0.7008388876204824,-0.7049602728524154,1.4385910994549809,-0.09303644801652242,0.021285079157248005,0.024976712818810108,-0.3810138489177468,-0.7146732507239308,-0.7156050421335378,-0.719443721924884,1.464547312553358,0.07178011290336983
0.009158070966774758,0.012816174451401992,-0.3714393847679792,-0.6925512307880117,-0.6935980745518063,-0.6977206822922497,1.4919649906187988,-0.2760907322274452,0.022413835629151356,0.026249726724346088,-0.37110836135729947,-0.6963895257825207,-0.6974406997809957,-0.7012814640611942,1.5148331974965847,-0.1429879837348532,0.03637845722995979,0.04002578493384335,-0.3630579309446341,-0.7106288334093354,-0.7119823187461425,-0.7159162848472758,1.46203953290052,0.02177064046784454
0.02795438770563973,0.03144236195789059,-0.3517995489463127,-0.6889134276336039,-0.6900240190666524,-0.6942440622708471,1.2817491217875991,-0.32513141181058924,0.009158070966774758,0.012816174451401992,-0.3714393847679792,-0.6925512307880117,-0.6935980745518063,-0.6977206822922497,1.4919649906187988,-0.2760907322274452,0.02269476307443794,0.026503221312741035,-0.3540622339673908,-0.7063329594112653,-0.7075967927522069,-0.7122904834989054,1.553847281337748,-0.061834503763846936
0.038519976006426454,0.04207812962554564,-0.3504390873811127,-0.684801465470903,-0.6860982996516023,-0.690562610553608,1.46089199735085,-0.3055464804969836,0.02795438770563973,0.03144236195789059,-0.3517995489463127,-0.6889134276336039,-0.6900240190666524,-0.6942440622708471,1.2817491217875991,-0.32513141181058924,0.008680755020182711,0.012562493970632506,-0.3572800113611792,-0.703048236419785,-0.7038740765810051,-0.7086363768398586,1.543461755513884,-0.07729500414739507
0.05780474304038883,0.06129854287554335,-0.34945915471232863,-0.679116521663794,-0.6811214896884072,-0.6864814427785138,1.4120573867448458,-0.3236058777310153,0.038519976006426454,0.04207812962554564,-0.3504390873811127,-0.684801465470903,-0.6860982996516023,-0.690562610553608,1.46089199735085,-0.3055464804969836,0.013380573665156357,0.017221078944718304,-0.36735981838616083,-0.6999420412432188,-0.7008388876204824,-0.7049602728524154,1.4385910994549809,-0.09303644801652242
0.05672384640782961,0.06028340727139139,-0.35146046863196445,-0.6726729253852183,-0.6748234141746906,-0.6817981473656216,1.5944247251767587,-0.33317354039164276,0.05780474304038883,0.06129854287554335,-0.34945915471232863,-0.679116521663794,-0.6811214896884072,-0.6864814427785138,1.4120573867448458,-0.3236058777310153,0.022413835629151356,0.026249726724346088,-0.37110836135729947,-0.6963895257825207,-0.6974406997809957,-0.7012814640611942,1.5148331974965847,-0.1429879837348532
0.09413304086581607,0.09776349296841216,-0.3642101516725078,-0.6641876344627028,-0.6672451419919858,-0.6761649292540981,1.3560344885368796,-0.16683863316105743,0.05672384640782961,0.06028340727139139,-0.35146046863196445,-0.6726729253852183,-0.6748234141746906,-0.6817981473656216,1.5944247251767587,-0.33317354039164276,0.009158070966774758,0.012816174451401992,-0.3714393847679792,-0.6925512307880117,-0.6935980745518063,-0.6977206822922497,1.4919649906187988,-0.2760907322274452
0.08534343335991079,0.08915111934898343,-0.37368828984890123,-0.6553696366182091,-0.6583011646339183,-0.6693064048094173,1.4656556486906567,-0.22102370533519647,0.09413304086581607,0.09776349296841216,-0.3642101516725078,-0.6641876344627028,-0.6672451419919858,-0.6761649292540981,1.3560344885368796,-0.16683863316105743,0.02795438770563973,0.03144236195789059,-0.3517995489463127,-0.6889134276336039,-0.6900240190666524,-0.6942440622708471,1.2817491217875991,-0.32513141181058924
0.06389089291479305,0.06772450877733815,-0.36613271012327103,-0.6480891967152214,-0.6504503887022064,-0.661683673436305,1.3621867238512229,-0.2434836381813405,0.08534343335991079,0.08915111934898343,-0.37368828984890123,-0.6553696366182091,-0.6583011646339183,-0.6693064048094173,1.4656556486906567,-0.22102370533519647,0.038519976006426454,0.04207812962554564,-0.3504390873811127,-0.684801465470903,-0.6860982996516023,-0.690562610553608,1.46089199735085,-0.3055464804969836
0.06226282996399607,0.06594402726863782,-0.3613268498496013,-0.6414457187705925,-0.6437284275936983,-0.6539229475611537,0.9924063036715309,-0.26244667165316826,0.06389089291479305,0.06772450877733815,-0.36613271012327103,-0.6480891967152214,-0.6504503887022064,-0.661683673436305,1.3621867238512229,-0.2434836381813405,0.05780474304038883,0.06129854287554335,-0.34945915471232863,-0.679116521663794,-0.6811214896884072,-0.6864814427785138,1.4120573867448458,-0.3236058777310153
0.06376491196024811,0.06732136432986018,-0.35392129154051644,-0.6349630257952734,-0.6371284955912629,-0.646298659277648,0.7086101726605953,-0.21730146959551833,0.06226282996399607,0.06594402726863782,-0.3613268498496013,-0.6414457187705925,-0.6437284275936983,-0.6539229475611537,0.9924063036715309,-0.26244667165316826,0.05672384640782961,0.06028340727139139,-0.35146046863196445,-0.6726729253852183,-0.6748234141746906,-0.6817981473656216,1.5944247251767587,-0.33317354039164276
0.03524145697337037,0.03863980988558732,-0.33210636732794363,-0.629917492111186,-0.631247710499111,-0.6393924455433468,1.0080508950571012,-0.4442295031588419,0.06376491196024811,0.06732136432986018,-0.35392129154051644,-0.6349630257952734,-0.6371284955912629,-0.646298659277648,0.7086101726605953,-0.21730146959551833,0.09413304086581607,0.09776349296841216,-0.3642101516725078,-0.6641876344627028,-0.6672451419919858,-0.6761649292540981,1.3560344885368796,-0.16683863316105743
0.05378054858254798,0.05712805526903199,-0.3157740753700683,-0.6243294606722751,-0.6261718266241255,-0.6332249968326688,1.0749715861664955,-0.5001147699600377,0.03524145697337037,0.03863980988558732,-0.33210636732794363,-0.629917492111186,-0.631247710499111,-0.6393924455433468,1.0080508950571012,-0.4442295031588419,0.08534343335991079,0.08915111934898343,-0.37368828984890123,-0.6553696366182091,-0.6583011646339183,-0.6693064048094173,1.4656556486906567,-0.22102370533519647
0.04707054518547533,0.05071861701952313,-0.32232419969344506,-0.6183592272630267,-0.6201598711304266,-0.6272582653053248,1.0011617983427357,-0.8662766721231362,0.05378054858254798,0.05712805526903199,-0.3157740753700683,-0.6243294606722751,-0.6261718266241255,-0.6332249968326688,1.0749715861664955,-0.5001147699600377,0.06389089291479305,0.06772450877733815,-0.36613271012327103,-0.6480891967152214,-0.6504503887022064,-0.661683673436305,1.3621867238512229,-0.2434836381813405
0.055624555624031485,0.05921146388445883,-0.3299081163481845,-0.6118088079557666,-0.6138793340739217,-0.6213757897403271,0.9890639004743305,-0.8556744290635646,0.04707054518547533,0.05071861701952313,-0.32232419969344506,-0.6183592272630267,-0.6201598711304266,-0.6272582653053248,1.0011617983427357,-0.8662766721231362,0.06226282996399607,0.06594402726863782,-0.3613268498496013,-0.6414457187705925,-0.6437284275936983,-0.6539229475611537,0.9924063036715309,-0.26244667165316826
0.051471597205623776,0.05506638327798473,-0.33570757608819113,-0.6052455398916865,-0.6072884232343931,-0.6153921308097716,0.9474240256382198,-0.8356160173041759,0.055624555624031485,0.05921146388445883,-0.3299081163481845,-0.6118088079557666,-0.6138793340739217,-0.6213757897403271,0.9890639004743305,-0.8556744290635646,0.06376491196024811,0.06732136432986018,-0.35392129154051644,-0.6349630257952734,-0.6371284955912629,-0.646298659277648,0.7086101726605953,-0.21730146959551833
0.04523603987064821,0.04885560734872365,-0.34643988840707063,-0.5994113140536856,-0.6011622945265848,-0.6091307562848867,0.9301757895284952,-0.8117850406524324,0.051471597205623776,0.05506638327798473,-0.33570757608819113,-0.6052455398916865,-0.6072884232343931,-0.6153921308097716,0.9474240256382198,-0.8356160173041759,0.03524145697337037,0.03863980988558732,-0.33210636732794363,-0.629917492111186,-0.631247710499111,-0.6393924455433468,1.0080508950571012,-0.4442295031588419
0.04912215765653238,0.052756887002331006,-0.3571956904959749,-0.5933226926890287,-0.5951745187415693,-0.6028568294657197,1.0151660733709376,-0.7990664731428072,0.04523603987064821,0.04885560734872365,-0.34643988840707063,-0.5994113140536856,-0.6011622945265848,-0.6091307562848867,0.9301757895284952,-0.8117850406524324,0.05378054858254798,0.05712805526903199,-0.3157740753700683,-0.6243294606722751,-0.6261718266241255,-0.6332249968326688,1.0749715861664955,-0.5001147699600377
0.03784864300843678,0.041534426306758805,-0.3719078688777291,-0.5878764195437275,-0.5894531067794111,-0.5966890378102865,0.9950680970715111,-0.7757923127725844,0.04912215765653238,0.052756887002331006,-0.3571956904959749,-0.5933226926890287,-0.5951745187415693,-0.6028568294657197,1.0151660733709376,-0.7990664731428072,0.04707054518547533,0.05071861701952313,-0.32232419969344506,-0.6183592272630267,-0.6201598711304266,-0.6272582653053248,1.0011617983427357,-0.8662766721231362
0.015486180401695734,0.019144234053897376,-0.37668833038068994,-0.5839210831590594,-0.5848644330234951,-0.5910004336189106,0.7085592001494772,-0.7021894656163427,0.03784864300843678,0.041534426306758805,-0.3719078688777291,-0.5878764195437275,-0.5894531067794111,-0.5966890378102865,0.9950680970715111,-0.7757923127725844,0.055624555624031485,0.05921146388445883,-0.3299081163481845,-0.6118088079557666,-0.6138793340739217,-0.6213757897403271,0.9890639004743305,-0.8556744290635646
0.02681456104296821,0.030537449921743336,-0.40035086277573756,-0.579467543771849,-0.5806409387845285,-0.5858027611899624,0.860956089578794,-0.7152205143769402,0.015486180401695734,0.019144234053897376,-0.37668833038068994,-0.5839210831590594,-0.5848644330234951,-0.5910004336189106,0.7085592001494772,-0.7021894656163427,0.051471597205623776,0.05506638327798473,-0.33570757608819113,-0.6052455398916865,-0.6072884232343931,-0.6153921308097716,0.9474240256382198,-0.8356160173041759
0.016424645538693987,0.020229085619710672,-0.4207305893076303,-0.5757647656700693,-0.5766661602509682,-0.5810752599256763,0.9280759673929344,-0.7313095763890723,0.02681456104296821,0.030537449921743336,-0.40035086277573756,-0.579467543771849,-0.5806409387845285,-0.5858027611899624,0.860956089578794,-0.7152205143769402,0.04523603987064821,0.04885560734872365,-0.34643988840707063,-0.5994113140536856,-0.6011622945265848,-0.6091307562848867,0.9301757895284952,-0.8117850406524324
0.022133723756967927,0.02588252642731162,-0.4292100994321242,-0.5718624733509898,-0.5728917124230446,-0.5768451518098832,0.8429270168195715,-0.7197519863950107,0.016424645538693987,0.020229085619710672,-0.4207305893076303,-0.5757647656700693,-0.5766661602509682,-0.5810752599256763,0.9280759673929344,-0.7313095763890723,0.04912215765653238,0.052756887002331006,-0.3571956904959749,-0.5933226926890287,-0.5951745187415693,-0.6028568294657197,1.0151660733709376,-0.7990664731428072
0.03866892105726051,0.0423367777167783,-0.4403215451755221,-0.5672168232413852,-0.5686348340467405,-0.5727661215779708,0.8549111739356849,-0.7501628779400474,0.022133723756967927,0.02588252642731162,-0.4292100994321242,-0.5718624733509898,-0.5728917124230446,-0.5768451518098832,0.8429270168195715,-0.7197519863950107,0.03784864300843678,0.041534426306758805,-0.3719078688777291,-0.5878764195437275,-0.5894531067794111,-0.5966890378102865,0.9950680970715111,-0.7757923127725844
0.023278855687337632,0.027024877281310512,-0.4403831093296946,-0.562788796149744,-0.5639071558395992,-0.5685423567929344,0.8731593073674575,-0.7044855978726369,0.03866892105726051,0.0423367777167783,-0.4403215451755221,-0.5672168232413852,-0.5686348340467405,-0.5727661215779708,0.8549111739356849,-0.7501628779400474,0.015486180401695734,0.019144234053897376,-0.37668833038068994,-0.5839210831590594,-0.5848644330234951,-0.5910004336189106,0.7085592001494772,-0.7021894656163427
0.019808669566322306,0.023555125965199743,-0.4418810161748321,-0.5589791322841268,-0.5599062108470502,-0.564348359906613,0.8161247890172003,-0.6729962317476509,0.023278855687337632,0.027024877281310512,-0.4403831093296946,-0.562788796149744,-0.5639071558395992,-0.5685423567929344,0.8731593073674575,-0.7044855978726369,0.02681456104296821,0.030537449921743336,-0.40035086277573756,-0.579467543771849,-0.5806409387845285,-0.5858027611899624,0.860956089578794,-0.7152205143769402
0.011299912221081052,0.014900662876055445,-0.4412626563685468,-0.5556853530251972,-0.556290472502708,-0.5601828180780142,0.768335228562183,-0.4719418154224919,0.019808669566322306,0.023555125965199743,-0.4418810161748321,-0.5589791322841268,-0.5599062108470502,-0.564348359906613,0.8161247890172003,-0.6729962317476509,0.016424645538693987,0.020229085619710672,-0.4207305893076303,-0.5757647656700693,-0.5766661602509682,-0.5810752599256763,0.9280759673929344,-0.7313095763890723
0.041108351592767066,0.04484376344580601,-0.44795275412267715,-0.5513724695853357,-0.5526912666736312,-0.5561391941136602,0.6448776113936732,-0.36987747298831164,0.011299912221081052,0.014900662876055445,-0.4412626563685468,-0.5556853530251972,-0.556290472502708,-0.5601828180780142,0.768335228562183,-0.4719418154224919,0.022133723756967927,0.02588252642731162,-0.4292100994321242,-0.5718624733509898,-0.5728917124230446,-0.5768451518098832,0.8429270168195715,-0.7197519863950107
0.03702374085054336,0.040814712938969,-0.4575866291608696,-0.5457110200930397,-0.5472556058063209,-0.5519363597854996,0.7439931625470324,-0.37826300967021237,0.041108351592767066,0.04484376344580601,-0.44795275412267715,-0.5513724695853357,-0.5526912666736312,-0.5561391941136602,0.6448776113936732,-0.36987747298831164,0.03866892105726051,0.0423367777167783,-0.4403215451755221,-0.5672168232413852,-0.5686348340467405,-0.5727661215779708,0.8549111739356849,-0.7501628779400474
0.03704815254139178,0.040862805268883653,-0.46107367457929455,-0.54037352671572,-0.5418600219414389,-0.5474290053210278,0.7978969066948807,-0.37132886388421193,0.03702374085054336,0.040814712938969,-0.4575866291608696,-0.5457110200930397,-0.5472556058063209,-0.5519363597854996,0.7439931625470324,-0.37826300967021237,0.023278855687337632,0.027024877281310512,-0.4403831093296946,-0.562788796149744,-0.5639071558395992,-0.5685423567929344,0.8731593073674575,-0.7044855978726369
0.013487854247057958,0.017363054127588394,-0.4639787215047466,-0.535956083940613,-0.5369536686069869,-0.542637139176994,0.7773881348569969,-0.3427172707903135,0.03704815254139178,0.040862805268883653,-0.46107367457929455,-0.54037352671572,-0.5418600219414389,-0.5474290053210278,0.7978969066948807,-0.37132886388421193,0.019808669566322306,0.023555125965199743,-0.4418810161748321,-0.5589791322841268,-0.5599062108470502,-0.564348359906613,0.8161247890172003,-0.6729962317476509
0.01915944794649813,0.022985531376089982,-0.4618237730938327,-0.5317984812072292,-0.5327803124355666,-0.5376587676939448,0.7350659993666446,-0.32912218088516554,0.013487854247057958,0.017363054127588394,-0.4639787215047466,-0.535956083940613,-0.5369536686069869,-0.542637139176994,0.7773881348569969,-0.3427172707903135,0.011299912221081052,0.014900662876055445,-0.4412626563685468,-0.5556853530251972,-0.556290472502708,-0.5601828180780142,0.768335228562183,-0.4719418154224919
0.02235242423725809,0.026199766794109274,-0.4680839840561941,-0.5278457752179062,-0.5287447581928602,-0.5329511751864955,0.8146717550139093,-0.3466067545784293,0.01915944794649813,0.022985531376089982,-0.4618237730938327,-0.5317984812072292,-0.5327803124355666,-0.5376587676939448,0.7350659993666446,-0.32912218088516554,0.041108351592767066,0.04484376344580601,-0.44795275412267715,-0.5513724695853357,-0.5526912666736312,-0.5561391941136602,0.6448776113936732,-0.36987747298831164
0.02626690626881521,0.030131019653062065,-0.47899767809678173,-0.5231954147438944,-0.5243991253371865,-0.5285107373602681,0.9134498798256905,-0.36550837799567637,0.02235242423725809,0.026199766794109274,-0.4680839840561941,-0.5278457752179062,-0.5287447581928602,-0.5329511751864955,0.8146717550139093,-0.3466067545784293,0.03702374085054336,0.040814712938969,-0.4575866291608696,-0.5457110200930397,-0.5472556058063209,-0.5519363597854996,0.7439931625470324,-0.37826300967021237
0.038447683786459005,0.04240433340992875,-0.49715504067360206,-0.5180256826342718,-0.5194855176712362,-0.5241127257007667,1.1622523136802325,-0.30132787926549726,0.02626690626881521,0.030131019653062065,-0.47899767809678173,-0.5231954147438944,-0.5243991253371865,-0.5285107373602681,0.9134498798256905,-0.36550837799567637,0.03704815254139178,0.040862805268883653,-0.46107367457929455,-0.54037352671572,-0.5418600219414389,-0.5474290053210278,0.7978969066948807,-0.37132886388421193
0.022104408221132327,0.026225822751460723,-0.509085650302441,-0.5132361957556899,-0.5144196840898312,-0.5195133189630561,1.4338649839955586,-0.351522464115041,0.038447683786459005,0.04240433340992875,-0.49715504067360206,-0.5180256826342718,-0.5194855176712362,-0.5241127257007667,1.1622523136802325,-0.30132787926549726,0.013487854247057958,0.017363054127588394,-0.4639787215047466,-0.535956083940613,-0.5369536686069869,-0.542637139176994,0.7773881348569969,-0.3427172707903135
0.05666392267881166,0.06091234117496637,-0.5152477143789087,-0.5079047608017209,-0.5095766940272721,-0.5147302586049738,0.628069798061575,0.11903372166536719,0.022104408221132327,0.026225822751460723,-0.509085650302441,-0.5132361957556899,-0.5144196840898312,-0.5195133189630561,1.4338649839955586,-0.351522464115041,0.01915944794649813,0.022985531376089982,-0.4618237730938327,-0.5317984812072292,-0.5327803124355666,-0.5376587676939448,0.7350659993666446,-0.32912218088516554
0.054500458333430236,0.05885553826711418,-0.5573720607366113,-0.5004663500491453,-0.5027049585753915,-0.5093083689596791,0.8850921997432173,0.18103256126361822,0.05666392267881166,0.06091234117496637,-0.5152477143789087,-0.5079047608017209,-0.5095766940272721,-0.5147302586049738,0.628069798061575,0.11903372166536719,0.02235242423725809,0.026199766794109274,-0.4680839840561941,-0.5278457752179062,-0.5287447581928602,-0.5329511751864955,0.8146717550139093,-0.3466067545784293
0.045933758329604016,0.050312590404209774,-0.577769467678936,-0.4937746616331,-0.4956540942451702,-0.5033493887509984,0.8899299196580079,0.1777064338622406,0.054500458333430236,0.05885553826711418,-0.5573720607366113,-0.5004663500491453,-0.5027049585753915,-0.5093083689596791,0.8850921997432173,0.18103256126361822,0.02626690626881521,0.030131019653062065,-0.47899767809678173,-0.5231954147438944,-0.5243991253371865,-0.5285107373602681,0.9134498798256905,-0.36550837799567637
0.027444651402349945,0.03186177417040941,-0.5801986636081641,-0.48841844704052767,-0.48970481324336396,-0.4971969570842212,0.902194366121142,0.15411638771334474,0.045933758329604016,0.050312590404209774,-0.577769467678936,-0.4937746616331,-0.4956540942451702,-0.5033493887509984,0.8899299196580079,0.1777064338622406,0.038447683786459005,0.04240433340992875,-0.49715504067360206,-0.5180256826342718,-0.5194855176712362,-0.5241127257007667,1.1622523136802325,-0.30132787926549726
0.02498279439327068,0.029405304791688232,-0.5777113737548639,-0.483520851062624,-0.48471000000118014,-0.4909821286519721,0.896603379153444,0.16790643549618758,0.027444651402349945,0.03186177417040941,-0.5801986636081641,-0.48841844704052767,-0.48970481324336396,-0.4971969570842212,0.902194366121142,0.15411638771334474,0.022104408221132327,0.026225822751460723,-0.509085650302441,-0.5132361957556899,-0.5144196840898312,-0.5195133189630561,1.4338649839955586,-0.351522464115041
0.00013304960885591154,0.004399160222276146,-0.5585460150111552,-0.4803929360798592,-0.4808007768970597,-0.4853760794298633,0.9640211218748673,-0.05895743449275368,0.02498279439327068,0.029405304791688232,-0.5777113737548639,-0.483520851062624,-0.48471000000118014,-0.4909821286519721,0.896603379153444,0.16790643549618758,0.05666392267881166,0.06091234117496637,-0.5152477143789087,-0.5079047608017209,-0.5095766940272721,-0.5147302586049738,0.628069798061575,0.11903372166536719
-0.014790355517330003,-0.010679832746626013,-0.5314246520765475,-0.4782396460545216,-0.4781486371354857,-0.4808599589016632,1.184006256082058,-0.2775067233795288,0.00013304960885591154,0.004399160222276146,-0.5585460150111552,-0.4803929360798592,-0.4808007768970597,-0.4853760794298633,0.9640211218748673,-0.05895743449275368,0.054500458333430236,0.05885553826711418,-0.5573720607366113,-0.5004663500491453,-0.5027049585753915,-0.5093083689596791,0.8850921997432173,0.18103256126361822
0.016734613856815968,0.02065331792276643,-0.5068071913002496,-0.4750277287018374,-0.4757575174667875,-0.47726060090267497,0.9964330049372405,-0.29435005168569,-0.014790355517330003,-0.010679832746626013,-0.5314246520765475,-0.4782396460545216,-0.4781486371354857,-0.4808599589016632,1.184006256082058,-0.2775067233795288,0.045933758329604016,0.050312590404209774,-0.577769467678936,-0.4937746616331,-0.4956540942451702,-0.5033493887509984,0.8899299196580079,0.1777064338622406
0.037682152525142024,0.04159111625977973,-0.4908761046023559,-0.47018470633230136,-0.47151673131914107,-0.4738639482416608,1.0949362517147794,-0.3336021505350286,0.016734613856815968,0.02065331792276643,-0.5068071913002496,-0.4750277287018374,-0.4757575174667875,-0.47726060090267497,0.9964330049372405,-0.29435005168569,0.027444651402349945,0.03186177417040941,-0.5801986636081641,-0.48841844704052767,-0.48970481324336396,-0.4971969570842212,0.902194366121142,0.15411638771334474
0.03973799958732617,0.043676003548450186,-0.47374325501439596,-0.46426990316499817,-0.46587983388978627,-0.4701382347105812,1.2243062353092178,-0.3471688465200132,0.037682152525142024,0.04159111625977973,-0.4908761046023559,-0.47018470633230136,-0.47151673131914107,-0.4738639482416608,1.0949362517147794,-0.3336021505350286,0.02498279439327068,0.029405304791688232,-0.5777113737548639,-0.483520851062624,-0.48471000000118014,-0.4909821286519721,0.896603379153444,0.16790643549618758
0.05958060527220377,0.063472872176239,-0.45688212239198506,-0.4573161730020968,-0.4594649989456555,-0.4655576354418197,1.2205976681676391,-0.28389954688515345,0.03973799958732617,0.043676003548450186,-0.47374325501439596,-0.46426990316499817,-0.46587983388978627,-0.4701382347105812,1.2243062353092178,-0.3471688465200132,0.00013304960885591154,0.004399160222276146,-0.5585460150111552,-0.4803929360798592,-0.4808007768970597,-0.4853760794298633,0.9640211218748673,-0.05895743449275368
0.0337766312727146,0.03773297823778762,-0.45025067847413835,-0.45081518750173744,-0.45247640427703134,-0.4598245079439166,1.1590846706605396,-0.22475618992788163,0.05958060527220377,0.063472872176239,-0.45688212239198506,-0.4573161730020968,-0.4594649989456555,-0.4655576354418197,1.2205976681676391,-0.28389954688515345,-0.014790355517330003,-0.010679832746626013,-0.5314246520765475,-0.4782396460545216,-0.4781486371354857,-0.4808599589016632,1.184006256082058,-0.2775067233795288
0.0328042338079692,0.03672676987843629,-0.44453816604333685,-0.44553606246269717,-0.4469151000039028,-0.453696642500515,1.0345154011016513,-0.20530439542170784,0.0337766312727146,0.03773297823778762,-0.45025067847413835,-0.45081518750173744,-0.45247640427703134,-0.4598245079439166,1.1590846706605396,-0.22475618992788163,0.016734613856815968,0.02065331792276643,-0.5068071913002496,-0.4750277287018374,-0.4757575174667875,-0.47726060090267497,0.9964330049372405,-0.29435005168569
0.023171841221985397,0.027160612340011162,-0.43855051673104045,-0.44108931415580316,-0.4420592286781831,-0.44770448957478104,1.118174252027595,-0.19568117717901246,0.0328042338079692,0.03672676987843629,-0.44453816604333685,-0.44553606246269717,-0.4469151000039028,-0.453696642500515,1.0345154011016513,-0.20530439542170784,0.037682152525142024,0.04159111625977973,-0.4908761046023559,-0.47018470633230136,-0.47151673131914107,-0.4738639482416608,1.0949362517147794,-0.3336021505350286
0.04467523219072222,0.04859536088907518,-0.43649711140367925,-0.4353811224934107,-0.43700920412375444,-0.44198952083316306,1.1438899098620459,-0.28028048902665703,0.023171841221985397,0.027160612340011162,-0.43855051673104045,-0.44108931415580316,-0.4420592286781831,-0.44770448957478104,1.118174252027595,-0.19568117717901246,0.03973799958732617,0.043676003548450186,-0.47374325501439596,-0.46426990316499817,-0.46587983388978627,-0.4701382347105812,1.2243062353092178,-0.3471688465200132
0.02761791801609876,0.03138873829732175,-0.42514827075976847,-0.43028346261877126,-0.4315248774486686,-0.4366567587510857,1.1093407739209207,-0.4026090312646405,0.04467523219072222,0.04859536088907518,-0.43649711140367925,-0.4353811224934107,-0.43700920412375444,-0.44198952083316306,1.1438899098620459,-0.28028048902665703,0.05958060527220377,0.063472872176239,-0.45688212239198506,-0.4573161730020968,-0.4594649989456555,-0.4655576354418197,1.2205976681676391,-0.28389954688515345
0.025619608722537355,0.029512568672254477,-0.41728182609954545,-0.42539694088907315,-0.42650880119086965,-0.431513304002187,0.9531941456578186,-0.5771033864302545,0.02761791801609876,0.03138873829732175,-0.42514827075976847,-0.43028346261877126,-0.4315248774486686,-0.4366567587510857,1.1093407739209207,-0.4026090312646405,0.0337766312727146,0.03773297823778762,-0.45025067847413835,-0.45081518750173744,-0.45247640427703134,-0.4598245079439166,1.1590846706605396,-0.22475618992788163
0.01213427668220721,0.016129368325450262,-0.4241463436913224,-0.42094945917836624,-0.4217461587216375,-0.4264321460678948,1.0530810838152744,-0.6000489732744342,0.025619608722537355,0.029512568672254477,-0.41728182609954545,-0.42539694088907315,-0.42650880119086965,-0.431513304002187,0.9531941456578186,-0.5771033864302545,0.0328042338079692,0.03672676987843629,-0.44453816604333685,-0.44553606246269717,-0.4469151000039028,-0.453696642500515,1.0345154011016513,-0.20530439542170784
0.011812204485458992,0.01582187366490774,-0.422694471843012,-0.4171468321057483,-0.4178441299575339,-0.4215655348527815,1.1028406734375054,-0.6038422424263651,0.01213427668220721,0.016129368325450262,-0.4241463436913224,-0.42094945917836624,-0.4217461587216375,-0.4264321460678948,1.0530810838152744,-0.6000489732744342,0.023171841221985397,0.027160612340011162,-0.43855051673104045,-0.44108931415580316,-0.4420592286781831,-0.44770448957478104,1.118174252027595,-0.19568117717901246
0.008777271062163656,0.012784228182273458,-0.4257935544436575,-0.41370028378700374,-0.4142553301819942,-0.41718246340981224,1.0682469133901167,-0.5983706794766341,0.011812204485458992,0.01582187366490774,-0.422694471843012,-0.4171468321057483,-0.4178441299575339,-0.4215655348527815,1.1028406734375054,-0.6038422424263651,0.04467523219072222,0.04859536088907518,-0.43649711140367925,-0.4353811224934107,-0.43700920412375444,-0.44198952083316306,1.1438899098620459,-0.28028048902665703
0.007065888178480494,0.011129247142737053,-0.43501303985413964,-0.40997902868895986,-0.4105311553650487,-0.4131191106933902,1.1196827598214707,-0.611069663993273,0.008777271062163656,0.012784228182273458,-0.4257935544436575,-0.41370028378700374,-0.4142553301819942,-0.41718246340981224,1.0682469133901167,-0.5983706794766341,0.02761791801609876,0.03138873829732175,-0.42514827075976847,-0.43028346261877126,-0.4315248774486686,-0.4366567587510857,1.1093407739209207,-0.4026090312646405
0.007703571970167149,0.011758851794878901,-0.4444108500846907,-0.4068652470399583,-0.40725346467959234,-0.40943267795991356,1.102408870406692,-0.6180566397347234,0.007065888178480494,0.011129247142737053,-0.43501303985413964,-0.40997902868895986,-0.4105311553650487,-0.4131191106933902,1.1196827598214707,-0.611069663993273,0.025619608722537355,0.029512568672254477,-0.41728182609954545,-0.42539694088907315,-0.42650880119086965,-0.431513304002187,0.9531941456578186,-0.5771033864302545
0.012008961207621176,0.01606736446802253,-0.4533332563686816,-0.4030846452339864,-0.40373479120563643,-0.40586906472779144,1.1759533946623133,-0.6518268495972731,0.007703571970167149,0.011758851794878901,-0.4444108500846907,-0.4068652470399583,-0.40725346467959234,-0.40943267795991356,1.102408870406692,-0.6180566397347234,0.01213427668220721,0.016129368325450262,-0.4241463436913224,-0.42094945917836624,-0.4217461587216375,-0.4264321460678948,1.0530810838152744,-0.6000489732744342
0.02342255780344018,0.027441169094646653,-0.45705453199453905,-0.39891541857296087,-0.3998493202399908,-0.40225145157084063,1.2026806261820298,-0.6995087142163025,0.012008961207621176,0.01606736446802253,-0.4533332563686816,-0.4030846452339864,-0.40373479120563643,-0.40586906472779144,1.1759533946623133,-0.6518268495972731,0.011812204485458992,0.01582187366490774,-0.422694471843012,-0.4171468321057483,-0.4178441299575339,-0.4215655348527815,1.1028406734375054,-0.6038422424263651
0.016230226751471774,0.020292637852062038,-0.4666040313030234,-0.39460327003060636,-0.3953745623781145,-0.3984407865800024,1.234997308101386,-0.7110250824644981,0.02342255780344018,0.027441169094646653,-0.45705453199453905,-0.39891541857296087,-0.3998493202399908,-0.40225145157084063,1.2026806261820298,-0.6995087142163025,0.008777271062163656,0.012784228182273458,-0.4257935544436575,-0.41370028378700374,-0.4142553301819942,-0.41718246340981224,1.0682469133901167,-0.5983706794766341
0.03221095324480823,0.036277462045923324,-0.4752527384310694,-0.3891987837251586,-0.3905404199370199,-0.3942863028376102,1.4772049934714797,-0.7750043981357483,0.016230226751471774,0.020292637852062038,-0.4666040313030234,-0.39460327003060636,-0.3953745623781145,-0.3984407865800024,1.234997308101386,-0.7110250824644981,0.007065888178480494,0.011129247142737053,-0.43501303985413964,-0.40997902868895986,-0.4105311553650487,-0.4131191106933902,1.1196827598214707,-0.611069663993273
0.01263668716123667,0.016832119480839527,-0.48677150846800943,-0.3849892370319054,-0.3857470646718244,-0.3897943529955201,1.4714615518412355,-0.8351052022236732,0.03221095324480823,0.036277462045923324,-0.4752527384310694,-0.3891987837251586,-0.3905404199370199,-0.3942863028376102,1.4772049934714797,-0.7750043981357483,0.007703571970167149,0.011758851794878901,-0.4444108500846907,-0.4068652470399583,-0.40725346467959234,-0.40943267795991356,1.102408870406692,-0.6180566397347234
0.014262334542968873,0.018446745389966414,-0.48127873226124784,-0.38089061355769593,-0.3816450121909113,-0.385231847952356,1.4386057093287716,-0.8249661699413315,0.01263668716123667,0.016832119480839527,-0.48677150846800943,-0.3849892370319054,-0.3857470646718244,-0.3897943529955201,1.4714615518412355,-0.8351052022236732,0.012008961207621176,0.01606736446802253,-0.4533332563686816,-0.4030846452339864,-0.40373479120563643,-0.40586906472779144,1.1759533946623133,-0.6518268495972731
0.015245898773558916,0.019420215597777703,-0.4867863680441051,-0.3767068861141537,-0.37747916916710583,-0.3807365088509934,1.4095487345129607,-0.8282908254392263,0.014262334542968873,0.018446745389966414,-0.48127873226124784,-0.38089061355769593,-0.3816450121909113,-0.385231847952356,1.4386057093287716,-0.8249661699413315,0.02342255780344018,0.027441169094646653,-0.45705453199453905,-0.39891541857296087,-0.3998493202399908,-0.40225145157084063,1.2026806261820298,-0.6995087142163025
0.01586634808668167,0.02004427845474406,-0.49418942571961333,-0.3725443885451387,-0.37329441566146143,-0.3763443507343288,1.406135832115055,-0.8295848946102872,0.015245898773558916,0.019420215597777703,-0.4867863680441051,-0.3767068861141537,-0.37747916916710583,-0.3807365088509934,1.4095487345129607,-0.8282908254392263,0.016230226751471774,0.020292637852062038,-0.4666040313030234,-0.39460327003060636,-0.3953745623781145,-0.3984407865800024,1.234997308101386,-0.7110250824644981
0.03102600275402894,0.03533009823718511,-0.509318286859535,-0.36791856199704753,-0.36895203012522476,-0.3721176201905836,1.3626683023689665,-0.7224760771249525,0.01586634808668167,0.02004427845474406,-0.49418942571961333,-0.3725443885451387,-0.37329441566146143,-0.3763443507343288,1.406135832115055,-0.8295848946102872,0.03221095324480823,0.036277462045923324,-0.4752527384310694,-0.3891987837251586,-0.3905404199370199,-0.3942863028376102,1.4772049934714797,-0.7750043981357483
0.017361702470582035,0.021623943974249896,-0.5211590341574912,-0.3632684457420243,-0.3641031816925453,-0.36771725645921394,1.6231031160180907,-0.863666988553858,0.03102600275402894,0.03533009823718511,-0.509318286859535,-0.36791856199704753,-0.36895203012522476,-0.3721176201905836,1.3626683023689665,-0.7224760771249525,0.01263668716123667,0.016832119480839527,-0.48677150846800943,-0.3849892370319054,-0.3857470646718244,-0.3897943529955201,1.4714615518412355,-0.8351052022236732
0.01645115552666446,0.020956265186889887,-0.5468248669128151,-0.35829504628122594,-0.35927723863578603,-0.3631546250793034,1.2232772025895349,-0.7182173800934472,0.017361702470582035,0.021623943974249896,-0.5211590341574912,-0.3632684457420243,-0.3641031816925453,-0.36771725645921394,1.6231031160180907,-0.863666988553858,0.014262334542968873,0.018446745389966414,-0.48127873226124784,-0.38089061355769593,-0.3816450121909113,-0.385231847952356,1.4386057093287716,-0.8249661699413315
0.017447739949962487,0.021956981493000204,-0.5673857902485537,-0.3539940324816888,-0.3547892684355665,-0.35852035172983604,1.2267174430994734,-0.7473148767892615,0.01645115552666446,0.020956265186889887,-0.5468248669128151,-0.35829504628122594,-0.35927723863578603,-0.3631546250793034,1.2232772025895349,-0.7182173800934472,0.015245898773558916,0.019420215597777703,-0.4867863680441051,-0.3767068861141537,-0.37747916916710583,-0.3807365088509934,1.4095487345129607,-0.8282908254392263
0.020252043305302593,0.024780571739311807,-0.5922172007182891,-0.34927037569036257,-0.35024307179014647,-0.35381499743344136,1.3786057952503556,-0.7810531803020703,0.017447739949962487,0.021956981493000204,-0.5673857902485537,-0.3539940324816888,-0.3547892684355665,-0.35852035172983604,1.2267174430994734,-0.7473148767892615,0.01586634808668167,0.02004427845474406,-0.49418942571961333,-0.3725443885451387,-0.37329441566146143,-0.3763443507343288,1.406135832115055,-0.8295848946102872
0.021111935743417624,0.025662349113634887,-0.6206096778908295,-0.34466045623780206,-0.34555564158359564,-0.34914715848258343,1.5050715368585328,-0.789701832803106,0.020252043305302593,0.024780571739311807,-0.5922172007182891,-0.34927037569036257,-0.35024307179014647,-0.35381499743344136,1.3786057952503556,-0.7810531803020703,0.03102600275402894,0.03533009823718511,-0.509318286859535,-0.36791856199704753,-0.36895203012522476,-0.3721176201905836,1.3626683023689665,-0.7224760771249525
0.008528189355033952,0.013152258644032848,-0.6441241873210026,-0.34092182723660164,-0.3414312107840912,-0.3446319074337002,1.375467537519345,-0.8811241144204431,0.021111935743417624,0.025662349113634887,-0.6206096778908295,-0.34466045623780206,-0.34555564158359564,-0.34914715848258343,1.5050715368585328,-0.789701832803106,0.017361702470582035,0.021623943974249896,-0.5211590341574912,-0.3632684457420243,-0.3641031816925453,-0.36771725645921394,1.6231031160180907,-0.863666988553858
0.016717057629338426,0.021377336596358605,-0.6567272872919507,-0.3367275759711371,-0.3375358006811509,-0.3402909300395174,1.6387497396145267,-0.9354786811866507,0.008528189355033952,0.013152258644032848,-0.6441241873210026,-0.34092182723660164,-0.3414312107840912,-0.3446319074337002,1.375467537519345,-0.8811241144204431,0.01645115552666446,0.020956265186889887,-0.5468248669128151,-0.35829504628122594,-0.35927723863578603,-0.3631546250793034,1.2232772025895349,-0.7182173800934472
0.016152082562627436,0.02080562718828395,-0.6653263878087747,-0.3326398415270623,-0.33328101811697225,-0.33599949755073183,1.6092233265187792,-0.9392312872704064,0.016717057629338426,0.021377336596358605,-0.6567272872919507,-0.3367275759711371,-0.3375358006811509,-0.3402909300395174,1.6387497396145267,-0.9354786811866507,0.017447739949962487,0.021956981493000204,-0.5673857902485537,-0.3539940324816888,-0.3547892684355665,-0.35852035172983604,1.2267174430994734,-0.7473148767892615
-0.005969788390455326,-0.0013866580301755641,-0.6645673213381214,-0.32928763418208856,-0.3295812554944012,-0.3319502035257966,1.3501270062436568,-0.9395622543505547,0.016152082562627436,0.02080562718828395,-0.6653263878087747,-0.3326398415270623,-0.33328101811697225,-0.33599949755073183,1.6092233265187792,-0.9392312872704064,0.020252043305302593,0.024780571739311807,-0.5922172007182891,-0.34927037569036257,-0.35024307179014647,-0.35381499743344136,1.3786057952503556,-0.7810531803020703
0.01112597469508234,0.01556592134842421,-0.6537490548849242,-0.3267941127506434,-0.32697035546291875,-0.3283054270003899,1.5205432795275176,-0.7612075152341112,-0.005969788390455326,-0.0013866580301755641,-0.6645673213381214,-0.32928763418208856,-0.3295812554944012,-0.3319502035257966,1.3501270062436568,-0.9395622543505547,0.021111935743417624,0.025662349113634887,-0.6206096778908295,-0.34466045623780206,-0.34555564158359564,-0.34914715848258343,1.5050715368585328,-0.789701832803106
-0.019636199335527238,-0.015183625080942478,-0.6325615783790433,-0.3252905721990259,-0.3248471193015353,-0.3250634528205316,1.337282402971029,-0.7749154278135248,0.01112597469508234,0.01556592134842421,-0.6537490548849242,-0.3267941127506434,-0.32697035546291875,-0.3283054270003899,1.5205432795275176,-0.7612075152341112,0.008528189355033952,0.013152258644032848,-0.6441241873210026,-0.34092182723660164,-0.3414312107840912,-0.3446319074337002,1.375467537519345,-0.8811241144204431
-0.01448724555258979,-0.010204803276170453,-0.6087866786258009,-0.32406485800687734,-0.32370570462159604,-0.3225726607309367,1.2955072260590796,-0.48023225116571294,-0.019636199335527238,-0.015183625080942478,-0.6325615783790433,-0.3252905721990259,-0.3248471193015353,-0.3250634528205316,1.337282402971029,-0.7749154278135248,0.016717057629338426,0.021377336596358605,-0.6567272872919507,-0.3367275759711371,-0.3375358006811509,-0.3402909300395174,1.6387497396145267,-0.9354786811866507
0.00425118625928841,0.008414683537487103,-0.5908139850899157,-0.32113290822418317,-0.3214358304295959,-0.32045982563243963,1.1674086246143602,-0.4477362087038906,-0.01448724555258979,-0.010204803276170453,-0.6087866786258009,-0.32406485800687734,-0.32370570462159604,-0.3225726607309367,1.2955072260590796,-0.48023225116571294,0.016152082562627436,0.02080562718828395,-0.6653263878087747,-0.3326398415270623,-0.33328101811697225,-0.33599949755073183,1.6092233265187792,-0.9392312872704064
0.02126157577791882,0.02534816423907699,-0.5743206709834536,-0.3170641407080439,-0.3178119787236161,-0.31814547170021434,1.1253830824371613,-0.4639849762811688,0.00425118625928841,0.008414683537487103,-0.5908139850899157,-0.32113290822418317,-0.3214358304295959,-0.32045982563243963,1.1674086246143602,-0.4477362087038906,-0.005969788390455326,-0.0013866580301755641,-0.6645673213381214,-0.32928763418208856,-0.3295812554944012,-0.3319502035257966,1.3501270062436568,-0.9395622543505547
0.015695298643045936,0.019827822152807737,-0.5656067620679603,-0.3124577687790183,-0.31326540223188404,-0.3152979242128372,1.2134924346492815,-0.4659199172614489,0.02126157577791882,0.02534816423907699,-0.5743206709834536,-0.3170641407080439,-0.3178119787236161,-0.31814547170021434,1.1253830824371613,-0.4639849762811688,0.01112597469508234,0.01556592134842421,-0.6537490548849242,-0.3267941127506434,-0.32697035546291875,-0.3283054270003899,1.5205432795275176,-0.7612075152341112
0.02739368925070522,0.031548963591969126,-0.5626192180142051,-0.30740513855416685,-0.30848849390807,-0.3115925248705653,1.4685267638817745,-0.5115124173477256,0.015695298643045936,0.019827822152807737,-0.5656067620679603,-0.3124577687790183,-0.31326540223188404,-0.3152979242128372,1.2134924346492815,-0.4659199172614489,-0.019636199335527238,-0.015183625080942478,-0.6325615783790433,-0.3252905721990259,-0.3248471193015353,-0.3250634528205316,1.337282402971029,-0.7749154278135248
0.02230512737784838,0.02649680228511274,-0.5571682443125834,-0.3023712302914151,-0.3033568469787369,-0.30711944401668007,1.5430833531563852,-0.5060234756006374,0.02739368925070522,0.031548963591969126,-0.5626192180142051,-0.30740513855416685,-0.30848849390807,-0.3115925248705653,1.4685267638817745,-0.5115124173477256,-0.01448724555258979,-0.010204803276170453,-0.6087866786258009,-0.32406485800687734,-0.32370570462159604,-0.3225726607309367,1.2955072260590796,-0.48023225116571294
0.01595094284400634,0.020133343853709677,-0.5466211272341617,-0.29800830063006367,-0.2987580244893531,-0.3023581570655077,1.4003213876204397,-0.46920453908496956,0.02230512737784838,0.02649680228511274,-0.5571682443125834,-0.3023712302914151,-0.3033568469787369,-0.30711944401668007,1.5430833531563852,-0.5060234756006374,0.00425118625928841,0.008414683537487103,-0.5908139850899157,-0.32113290822418317,-0.3214358304295959,-0.32045982563243963,1.1674086246143602,-0.4477362087038906
-0.0008159655948719972,0.0033172949920619484,-0.5278662469240947,-0.29481999783456936,-0.2949277995442408,-0.2977427261032617,1.2235871367331264,-0.4813503587749802,0.01595094284400634,0.020133343853709677,-0.5466211272341617,-0.29800830063006367,-0.2987580244893531,-0.3023581570655077,1.4003213876204397,-0.46920453908496956,0.02126157577791882,0.02534816423907699,-0.5743206709834536,-0.3170641407080439,-0.3178119787236161,-0.31814547170021434,1.1253830824371613,-0.4639849762811688
0.003414711923762498,0.007142048615936758,-0.48907353282514,-0.29276551642211535,-0.29266579321257935,-0.2937085299289887,1.2614881372333633,-0.09283446096994755,-0.0008159655948719972,0.0033172949920619484,-0.5278662469240947,-0.29481999783456936,-0.2949277995442408,-0.2977427261032617,1.2235871367331264,-0.4813503587749802,0.015695298643045936,0.019827822152807737,-0.5656067620679603,-0.3124577687790183,-0.31326540223188404,-0.3152979242128372,1.2134924346492815,-0.4659199172614489
0.011141308876415608,0.014858005323623457,-0.4604975282007733,-0.2890484839973486,-0.2895732853089158,-0.2901638796489228,1.299803252803895,-0.12409692179701236,0.003414711923762498,0.007142048615936758,-0.48907353282514,-0.29276551642211535,-0.29266579321257935,-0.2937085299289887,1.2614881372333633,-0.09283446096994755,0.02739368925070522,0.031548963591969126,-0.5626192180142051,-0.30740513855416685,-0.30848849390807,-0.3115925248705653,1.4685267638817745,-0.5115124173477256
-0.015121678019942724,-0.011481382935201265,-0.4566463849042798,-0.28609799523008433,-0.28599036769064246,-0.2868948833152637,1.0858198412599185,-0.13182155419113661,0.011141308876415608,0.014858005323623457,-0.4604975282007733,-0.2890484839973486,-0.2895732853089158,-0.2901638796489228,1.299803252803895,-0.12409692179701236,0.02230512737784838,0.02649680228511274,-0.5571682443125834,-0.3023712302914151,-0.3033568469787369,-0.30711944401668007,1.5430833531563852,-0.5060234756006374
-0.00923830916117193,-0.005783014812268901,-0.4241950691878902,-0.28426615340729555,-0.284106814252988,-0.2841487606099171,0.8165063991088268,-0.0631347404611216,-0.015121678019942724,-0.011481382935201265,-0.4566463849042798,-0.28609799523008433,-0.28599036769064246,-0.2868948833152637,1.0858198412599185,-0.13182155419113661,0.01595094284400634,0.020133343853709677,-0.5466211272341617,-0.29800830063006367,-0.2987580244893531,-0.3023581570655077,1.4003213876204397,-0.46920453908496956
-0.008860235242306481,-0.005444339172746542,-0.3951372046119778,-0.2829733820581717,-0.28247969627243374,-0.28160920483060103,0.7377287267899626,-0.02126271406723854,-0.00923830916117193,-0.005783014812268901,-0.4241950691878902,-0.28426615340729555,-0.284106814252988,-0.2841487606099171,0.8165063991088268,-0.0631347404611216,-0.0008159655948719972,0.0033172949920619484,-0.5278662469240947,-0.29481999783456936,-0.2949277995442408,-0.2977427261032617,1.2235871367331264,-0.4813503587749802
-0.016298133681847602,-0.012972662459142349,-0.37533868422787664,-0.2809950095890601,-0.28069233640744135,-0.2793026007113229,0.5816736224645931,0.007676709836344857,-0.008860235242306481,-0.005444339172746542,-0.3951372046119778,-0.2829733820581717,-0.28247969627243374,-0.28160920483060103,0.7377287267899626,-0.02126271406723854,0.003414711923762498,0.007142048615936758,-0.48907353282514,-0.29276551642211535,-0.29266579321257935,-0.2937085299289887,1.2614881372333633,-0.09283446096994755
0.009205178455384946,0.012354799825252186,-0.34204886874293194,-0.2793960862120231,-0.27923744663922034,-0.27754274044441496,0.25434401825535025,0.022455392840315464,-0.016298133681847602,-0.012972662459142349,-0.37533868422787664,-0.2809950095890601,-0.28069233640744135,-0.2793026007113229,0.5816736224645931,0.007676709836344857,0.011141308876415608,0.014858005323623457,-0.4604975282007733,-0.2890484839973486,-0.2895732853089158,-0.2901638796489228,1.299803252803895,-0.12409692179701236
0.022153234839368957,0.025247845625846935,-0.3233084240789269,-0.2753539930854784,-0.2760314750964998,-0.2755196813708466,0.22030566481393699,0.00257818010202521,0.009205178455384946,0.012354799825252186,-0.34204886874293194,-0.2793960862120231,-0.27923744663922034,-0.27754274044441496,0.25434401825535025,0.022455392840315464,-0.015121678019942724,-0.011481382935201265,-0.4566463849042798,-0.28609799523008433,-0.28599036769064246,-0.2868948833152637,1.0858198412599185,-0.13182155419113661
0.016510899180562172,0.01964855374975693,-0.30595720291750234,-0.2707662213824819,-0.2715679419250335,-0.2728427971895909,0.2671145455795716,0.016538224619024173,0.022153234839368957,0.025247845625846935,-0.3233084240789269,-0.2753539930854784,-0.2760314750964998,-0.2755196813708466,0.22030566481393699,0.00257818010202521,-0.00923830916117193,-0.005783014812268901,-0.4241950691878902,-0.28426615340729555,-0.284106814252988,-0.2841487606099171,0.8165063991088268,-0.0631347404611216
0.008665048910958583,0.011841384134737955,-0.2910817118803675,-0.266731471256231,-0.26722124328553654,-0.2695196977895538,0.3016514051248893,0.045025860680426064,0.016510899180562172,0.01964855374975693,-0.30595720291750234,-0.2707662213824819,-0.2715679419250335,-0.2728427971895909,0.2671145455795716,0.016538224619024173,-0.008860235242306481,-0.005444339172746542,-0.3951372046119778,-0.2829733820581717,-0.28247969627243374,-0.28160920483060103,0.7377287267899626,-0.02126271406723854
0.0025658739408172676,0.005737382343015254,-0.27152049921240695,-0.2633313596471354,-0.26357545519322445,-0.26568979892532196,0.2579901993954419,0.06878183072432197,0.008665048910958583,0.011841384134737955,-0.2910817118803675,-0.266731471256231,-0.26722124328553654,-0.2695196977895538,0.3016514051248893,0.045025860680426064,-0.016298133681847602,-0.012972662459142349,-0.37533868422787664,-0.2809950095890601,-0.28069233640744135,-0.2793026007113229,0.5816736224645931,0.007676709836344857
-0.01901915288323691,-0.015952214938116306,-0.24771188982846865,-0.2613466247879197,-0.2608823937611334,-0.2618655330165258,0.12580625736956552,0.05008340263782733,0.0025658739408172676,0.005737382343015254,-0.27152049921240695,-0.2633313596471354,-0.26357545519322445,-0.26568979892532196,0.2579901993954419,0.06878183072432197,0.009205178455384946,0.012354799825252186,-0.34204886874293194,-0.2793960862120231,-0.27923744663922034,-0.27754274044441496,0.25434401825535025,0.022455392840315464
0.00679113904622055,0.009661023493586704,-0.22349380880542222,-0.25886472803096333,-0.2589189710163513,-0.2586141849297109,-0.04050066730324797,0.013073018981419262,-0.01901915288323691,-0.015952214938116306,-0.24771188982846865,-0.2613466247879197,-0.2608823937611334,-0.2618655330165258,0.12580625736956552,0.05008340263782733,0.022153234839368957,0.025247845625846935,-0.3233084240789269,-0.2753539930854784,-0.2760314750964998,-0.2755196813708466,0.22030566481393699,0.00257818010202521
-0.013099016585977879,-0.010273894050626401,-0.201827778295047,-0.2561243982921447,-0.25597278143807844,-0.25572499284978767,-0.13999271683447523,0.05301530150457972,0.00679113904622055,0.009661023493586704,-0.22349380880542222,-0.25886472803096333,-0.2589189710163513,-0.2586141849297109,-0.04050066730324797,0.013073018981419262,0.016510899180562172,0.01964855374975693,-0.30595720291750234,-0.2707662213824819,-0.2715679419250335,-0.2728427971895909,0.2671145455795716,0.016538224619024173
-0.004689576582198263,-0.001804988128864718,-0.1928787749743014,-0.25363558946564807,-0.2536140665944063,-0.25317469149204574,-0.07653572922019114,0.07897020277835642,-0.013099016585977879,-0.010273894050626401,-0.201827778295047,-0.2561243982921447,-0.25597278143807844,-0.25572499284978767,-0.13999271683447523,0.05301530150457972,0.008665048910958583,0.011841384134737955,-0.2910817118803675,-0.266731471256231,-0.26722124328553654,-0.2695196977895538,0.3016514051248893,0.045025860680426064
0.009928588966013875,0.012853807230576393,-0.1973002116555095,-0.2500462432421865,-0.2505114849092256,-0.2505941964764513,0.005633040524796851,0.04049837505216326,-0.004689576582198263,-0.001804988128864718,-0.1928787749743014,-0.25363558946564807,-0.2536140665944063,-0.25317469149204574,-0.07653572922019114,0.07897020277835642,0.0025658739408172676,0.005737382343015254,-0.27152049921240695,-0.2633313596471354,-0.26357545519322445,-0.26568979892532196,0.2579901993954419,0.06878183072432197
0.03445437677645993,0.03765398312285926,-0.21699626603279376,-0.2451590478564403,-0.24619622135714328,-0.24742625534323376,0.14765910044912856,0.08591213927088749,0.009928588966013875,0.012853807230576393,-0.1973002116555095,-0.2500462432421865,-0.2505114849092256,-0.2505941964764513,0.005633040524796851,0.04049837505216326,-0.01901915288323691,-0.015952214938116306,-0.24771188982846865,-0.2613466247879197,-0.2608823937611334,-0.2618655330165258,0.12580625736956552,0.05008340263782733
0.04340127960965746,0.04666460343509455,-0.24893711201309987,-0.2382130281425863,-0.23996313831041172,-0.24345825715044572,0.19222174702779293,0.09497518043433566,0.03445437677645993,0.03765398312285926,-0.21699626603279376,-0.2451590478564403,-0.24619622135714328,-0.24742625534323376,0.14765910044912856,0.08591213927088749,0.00679113904622055,0.009661023493586704,-0.22349380880542222,-0.25886472803096333,-0.2589189710163513,-0.2586141849297109,-0.04050066730324797,0.013073018981419262
0.008667960067053386,0.01219213636167786,-0.27040154453481036,-0.23303748332229585,-0.2337526301628364,-0.23857931161137372,0.33928229675612886,0.10470091264228189,0.04340127960965746,0.04666460343509455,-0.24893711201309987,-0.2382130281425863,-0.23996313831041172,-0.24345825715044572,0.19222174702779293,0.09497518043433566,-0.013099016585977879,-0.010273894050626401,-0.201827778295047,-0.2561243982921447,-0.25597278143807844,-0.25572499284978767,-0.13999271683447523,0.05301530150457972
-0.007915455965186256,-0.0043481086692695285,-0.281239221317981,-0.22974156509338647,-0.2296981781546898,-0.23341943717237473,0.35117805206025965,0.11744116142783513,0.008667960067053386,0.01219213636167786,-0.27040154453481036,-0.23303748332229585,-0.2337526301628364,-0.23857931161137372,0.33928229675612886,0.10470091264228189,-0.004689576582198263,-0.001804988128864718,-0.1928787749743014,-0.25363558946564807,-0.2536140665944063,-0.25317469149204574,-0.07653572922019114,0.07897020277835642
-0.0020906014347346555,0.0013750551816231749,-0.29293521642656406,-0.22715039490254185,-0.22700831497169688,-0.22858676429507457,0.2068091295182355,0.1330938228402066,-0.007915455965186256,-0.0043481086692695285,-0.281239221317981,-0.22974156509338647,-0.2296981781546898,-0.23341943717237473,0.35117805206025965,0.11744116142783513,0.009928588966013875,0.012853807230576393,-0.1973002116555095,-0.2500462432421865,-0.2505114849092256,-0.2505941964764513,0.005633040524796851,0.04049837505216326
-0.0016419449000043308,0.0018209092640815716,-0.29723705105697096,-0.2244517295206588,-0.2244149397833992,-0.22452746113026245,0.20243753313862234,0.130979217975938,-0.0020906014347346555,0.0013750551816231749,-0.29293521642656406,-0.22715039490254185,-0.22700831497169688,-0.22858676429507457,0.2068091295182355,0.1330938228402066,0.03445437677645993,0.03765398312285926,-0.21699626603279376,-0.2451590478564403,-0.24619622135714328,-0.24742625534323376,0.14765910044912856,0.08591213927088749
-0.016184769685056215,-0.012746079304022245,-0.29678747513268994,-0.2224704824372133,-0.22204986180337694,-0.2214746409514986,0.10742421146435666,0.17605760385932864,-0.0016419449000043308,0.0018209092640815716,-0.29723705105697096,-0.2244517295206588,-0.2244149397833992,-0.22452746113026245,0.20243753313862234,0.130979217975938,0.04340127960965746,0.04666460343509455,-0.24893711201309987,-0.2382130281425863,-0.23996313831041172,-0.24345825715044572,0.19222174702779293,0.09497518043433566
-0.017501276313499903,-0.014064750846499031,-0.2947708302660456,-0.22128477908260955,-0.2205998380773566,-0.21913615695164618,0.10299790312035073,0.17626398409341862,-0.016184769685056215,-0.012746079304022245,-0.29678747513268994,-0.2224704824372133,-0.22204986180337694,-0.2214746409514986,0.10742421146435666,0.17605760385932864,0.008667960067053386,0.01219213636167786,-0.27040154453481036,-0.23303748332229585,-0.2337526301628364,-0.23857931161137372,0.33928229675612886,0.10470091264228189
-0.019223216470599713,-0.015823609530195203,-0.2991269187047249,-0.2205559833160602,-0.21979709520707655,-0.21728372081666897,0.0466369631504695,0.19668826405240109,-0.017501276313499903,-0.014064750846499031,-0.2947708302660456,-0.22128477908260955,-0.2205998380773566,-0.21913615695164618,0.10299790312035073,0.17626398409341862,-0.007915455965186256,-0.0043481086692695285,-0.281239221317981,-0.22974156509338647,-0.2296981781546898,-0.23341943717237473,0.35117805206025965,0.11744116142783513
0.008075598758493317,0.011547244479887173,-0.31191899957111846,-0.2181139771542719,-0.21824650301839624,-0.21567601100537348,0.05965063003047799,0.24561176278075786,-0.019223216470599713,-0.015823609530195203,-0.2991269187047249,-0.2205559833160602,-0.21979709520707655,-0.21728372081666897,0.0466369631504695,0.19668826405240109,-0.0020906014347346555,0.0013750551816231749,-0.29293521642656406,-0.22715039490254185,-0.22700831497169688,-0.22858676429507457,0.2068091295182355,0.1330938228402066
-0.023092959440006,-0.019234363433398544,-0.3454739116493106,-0.21589075461077809,-0.21522837258323446,-0.21394624530586204,-0.2570811542024005,0.0520236997286977,0.008075598758493317,0.011547244479887173,-0.31191899957111846,-0.2181139771542719,-0.21824650301839624,-0.21567601100537348,0.05965063003047799,0.24561176278075786,-0.0016419449000043308,0.0018209092640815716,-0.29723705105697096,-0.2244517295206588,-0.2244149397833992,-0.22452746113026245,0.20243753313862234,0.130979217975938
-0.033643652179336236,-0.02991374643294456,-0.3340535409959603,-0.21638039202438944,-0.21507904929800722,-0.21256635968955603,-0.1456411420280843,-0.05895953495788302,-0.023092959440006,-0.019234363433398544,-0.3454739116493106,-0.21589075461077809,-0.21522837258323446,-0.21394624530586204,-0.2570811542024005,0.0520236997286977,-0.016184769685056215,-0.012746079304022245,-0.29678747513268994,-0.2224704824372133,-0.22204986180337694,-0.2214746409514986,0.10742421146435666,0.17605760385932864
-0.0069701369185606946,-0.003279445358561922,-0.32984203172365295,-0.2152218514973575,-0.21477163978234382,-0.2113271054425926,-0.15597444223101764,-0.09477528371216619,-0.033643652179336236,-0.02991374643294456,-0.3340535409959603,-0.21638039202438944,-0.21507904929800722,-0.21256635968955603,-0.1456411420280843,-0.05895953495788302,-0.017501276313499903,-0.014064750846499031,-0.2947708302660456,-0.22128477908260955,-0.2205998380773566,-0.21913615695164618,0.10299790312035073,0.17626398409341862
0.006345526713510151,0.010137698188167229,-0.34971527069829633,-0.21261520588858282,-0.2127329174057405,-0.20988864051705108,-0.054281040142669656,-0.23564655884794355,-0.0069701369185606946,-0.003279445358561922,-0.32984203172365295,-0.2152218514973575,-0.21477163978234382,-0.2113271054425926,-0.15597444223101764,-0.09477528371216619,-0.019223216470599713,-0.015823609530195203,-0.2991269187047249,-0.2205559833160602,-0.21979709520707655,-0.21728372081666897,0.0466369631504695,0.19668826405240109
-0.02888410868913801,-0.024911254864222965,-0.36210808031051994,-0.21045616738142447,-0.2098118060619293,-0.20848392679032826,-0.05283440750973156,-0.21096370494738362,0.006345526713510151,0.010137698188167229,-0.34971527069829633,-0.21261520588858282,-0.2127329174057405,-0.20988864051705108,-0.054281040142669656,-0.23564655884794355,0.008075598758493317,0.011547244479887173,-0.31191899957111846,-0.2181139771542719,-0.21824650301839624,-0.21567601100537348,0.05965063003047799,0.24561176278075786
-0.006287616527463891,-0.0022773475727085463,-0.3644293870711568,-0.20831199411814816,-0.20816350106494325,-0.20685022950310947,0.08047967871115214,-0.19822355048059434,-0.02888410868913801,-0.024911254864222965,-0.36210808031051994,-0.21045616738142447,-0.2098118060619293,-0.20848392679032826,-0.05283440750973156,-0.21096370494738362,-0.023092959440006,-0.019234363433398544,-0.3454739116493106,-0.21589075461077809,-0.21522837258323446,-0.21394624530586204,-0.2570811542024005,0.0520236997286977
-0.017593422736570722,-0.013422468477473706,-0.38548332391446016,-0.2065464723142864,-0.20590378488190156,-0.20466957666701413,0.22077817059751448,-0.20797829139261523,-0.006287616527463891,-0.0022773475727085463,-0.3644293870711568,-0.20831199411814816,-0.20816350106494325,-0.20685022950310947,0.08047967871115214,-0.19822355048059434,-0.033643652179336236,-0.02991374643294456,-0.3340535409959603,-0.21638039202438944,-0.21507904929800722,-0.21256635968955603,-0.1456411420280843,-0.05895953495788302
-0.026240411154012058,-0.02201825354301533,-0.39655003945874323,-0.20581425001342585,-0.20489209587100188,-0.20266552363766122,0.2718498168023027,-0.2327865963923522,-0.017593422736570722,-0.013422468477473706,-0.38548332391446016,-0.2065464723142864,-0.20590378488190156,-0.20466957666701413,0.22077817059751448,-0.20797829139261523,-0.0069701369185606946,-0.003279445358561922,-0.32984203172365295,-0.2152218514973575,-0.21477163978234382,-0.2113271054425926,-0.15597444223101764,-0.09477528371216619
-0.099674649609091,-0.0962870893574479,-0.3861172660577744,-0.20843527466864648,-0.20556805504850373,-0.20154493745365643,3.9151625510628616,-1.2342905921387248,-0.026240411154012058,-0.02201825354301533,-0.39655003945874323,-0.20581425001342585,-0.20489209587100188,-0.20266552363766122,0.2718498168023027,-0.2327865963923522,0.006345526713510151,0.010137698188167229,-0.34971527069829633,-0.21261520588858282,-0.2127329174057405,-0.20988864051705108,-0.054281040142669656,-0.23564655884794355
-0.07075175203514501,-0.06817127610845303,-0.33016921724998194,-0.21331396496007354,-0.2105456242555089,-0.20201285008009717,4.295067424936012,-0.24170315391472588,-0.099674649609091,-0.0962870893574479,-0.3861172660577744,-0.20843527466864648,-0.20556805504850373,-0.20154493745365643,3.9151625510628616,-1.2342905921387248,-0.02888410868913801,-0.024911254864222965,-0.36210808031051994,-0.21045616738142447,-0.2098118060619293,-0.20848392679032826,-0.05283440750973156,-0.21096370494738362
-0.060793145082002065,-0.05881486240815626,-0.2898482860039781,-0.21815668112231507,-0.21529998206573137,-0.20417974999261448,3.3868108951790736,-0.24627908682453664,-0.07075175203514501,-0.06817127610845303,-0.33016921724998194,-0.21331396496007354,-0.2105456242555089,-0.20201285008009717,4.295067424936012,-0.24170315391472588,-0.006287616527463891,-0.0022773475727085463,-0.3644293870711568,-0.20831199411814816,-0.20816350106494325,-0.20685022950310947,0.08047967871115214,-0.19822355048059434
-0.05238363273308349,-0.05039784196963598,-0.266557106726,-0.22119545243999955,-0.2189689817747673,-0.20751790318319413,3.4377579055038927,-0.25896746975536233,-0.060793145082002065,-0.05881486240815626,-0.2898482860039781,-0.21815668112231507,-0.21529998206573137,-0.20417974999261448,3.3868108951790736,-0.24627908682453664,-0.017593422736570722,-0.013422468477473706,-0.38548332391446016,-0.2065464723142864,-0.20590378488190156,-0.20466957666701413,0.22077817059751448,-0.20797829139261523
-0.08099335924326048,-0.07896781562695553,-0.24455903123468575,-0.2248607881112738,-0.2220210459949037,-0.21158641570170914,3.3854487021627033,-0.2326716488614812,-0.05238363273308349,-0.05039784196963598,-0.266557106726,-0.22119545243999955,-0.2189689817747673,-0.20751790318319413,3.4377579055038927,-0.25896746975536233,-0.026240411154012058,-0.02201825354301533,-0.39655003945874323,-0.20581425001342585,-0.20489209587100188,-0.20266552363766122,0.2718498168023027,-0.2327865963923522
-0.08606974622421876,-0.08416858669951784,-0.22907267719501945,-0.2297916665815588,-0.22664817877850757,-0.2156793248712925,3.2547008850692514,-0.2986019704307291,-0.08099335924326048,-0.07896781562695553,-0.24455903123468575,-0.2248607881112738,-0.2220210459949037,-0.21158641570170914,3.3854487021627033,-0.2326716488614812,-0.099674649609091,-0.0962870893574479,-0.3861172660577744,-0.20843527466864648,-0.20556805504850373,-0.20154493745365643,3.9151625510628616,-1.2342905921387248
-0.05993578426633484,-0.05829043593501158,-0.20356222054011847,-0.23345779615125783,-0.23111213922097318,-0.21970091809469383,2.8974687121543585,-0.2609660335877435,-0.08606974622421876,-0.08416858669951784,-0.22907267719501945,-0.2297916665815588,-0.22664817877850757,-0.2156793248712925,3.2547008850692514,-0.2986019704307291,-0.07075175203514501,-0.06817127610845303,-0.33016921724998194,-0.21331396496007354,-0.2105456242555089,-0.20201285008009717,4.295067424936012,-0.24170315391472588
-0.055846629425435286,-0.054246308750852255,-0.1825422722537503,-0.23589649900849977,-0.23376725701353923,-0.22339295714677235,2.8139863758230366,-0.26611462650225587,-0.05993578426633484,-0.05829043593501158,-0.20356222054011847,-0.23345779615125783,-0.23111213922097318,-0.21970091809469383,2.8974687121543585,-0.2609660335877435,-0.060793145082002065,-0.05881486240815626,-0.2898482860039781,-0.21815668112231507,-0.21529998206573137,-0.20417974999261448,3.3868108951790736,-0.24627908682453664
-0.0496232761075797,-0.04804348452328274,-0.17014975518987546,-0.23818102275867753,-0.23627867755491228,-0.2269855160849465,2.817372833319433,-0.2613080703356157,-0.055846629425435286,-0.054246308750852255,-0.1825422722537503,-0.23589649900849977,-0.23376725701353923,-0.22339295714677235,2.8139863758230366,-0.26611462650225587,-0.05238363273308349,-0.05039784196963598,-0.266557106726,-0.22119545243999955,-0.2189689817747673,-0.20751790318319413,3.4377579055038927,-0.25896746975536233
-0.04103787768777678,-0.03960071150513762,-0.15245459496080613,-0.2397786003173124,-0.2381299491425973,-0.22997363306390667,2.5766534678231228,-0.2422777360351729,-0.0496232761075797,-0.04804348452328274,-0.17014975518987546,-0.23818102275867753,-0.23627867755491228,-0.2269855160849465,2.817372833319433,-0.2613080703356157,-0.08099335924326048,-0.07896781562695553,-0.24455903123468575,-0.2248607881112738,-0.2220210459949037,-0.21158641570170914,3.3854487021627033,-0.2326716488614812
-0.0291387164245945,-0.02774689416436152,-0.13741660483204227,-0.24012696862213853,-0.2389462958666987,-0.2320269466334261,2.553068387729656,-0.26194909421609486,-0.04103787768777678,-0.03960071150513762,-0.15245459496080613,-0.2397786003173124,-0.2381299491425973,-0.22997363306390667,2.5766534678231228,-0.2422777360351729,-0.08606974622421876,-0.08416858669951784,-0.22907267719501945,-0.2297916665815588,-0.22664817877850757,-0.2156793248712925,3.2547008850692514,-0.2986019704307291
-0.03507347276360176,-0.033582121007707535,-0.13045763481331135,-0.24023281328117435,-0.23892538711499334,-0.23338007373964112,2.7278994304135242,-0.2593164395272626,-0.0291387164245945,-0.02774689416436152,-0.13741660483204227,-0.24012696862213853,-0.2389462958666987,-0.2320269466334261,2.553068387729656,-0.26194909421609486,-0.05993578426633484,-0.05829043593501158,-0.20356222054011847,-0.23345779615125783,-0.23111213922097318,-0.21970091809469383,2.8974687121543585,-0.2609660335877435
-0.05200173658744235,-0.05060844996112905,-0.11352156358046392,-0.24220892280369422,-0.2401601177213507,-0.2344198614796999,2.4464870334695545,-0.20449342453811145,-0.03507347276360176,-0.033582121007707535,-0.13045763481331135,-0.24023281328117435,-0.23892538711499334,-0.23338007373964112,2.7278994304135242,-0.2593164395272626,-0.055846629425435286,-0.054246308750852255,-0.1825422722537503,-0.23589649900849977,-0.23376725701353923,-0.22339295714677235,2.8139863758230366,-0.26611462650225587
-0.03224021206586608,-0.030942566957672613,-0.08928300175709131,-0.24334103091957898,-0.24186478957722,-0.23539154392624573,2.376953455711474,-0.23343866545207173,-0.05200173658744235,-0.05060844996112905,-0.11352156358046392,-0.24220892280369422,-0.2401601177213507,-0.2344198614796999,2.4464870334695545,-0.20449342453811145,-0.0496232761075797,-0.04804348452328274,-0.17014975518987546,-0.23818102275867753,-0.23627867755491228,-0.2269855160849465,2.817372833319433,-0.2613080703356157
-0.03683997918757802,-0.03557281927051801,-0.08562121465169675,-0.24414532545542267,-0.24276136121880115,-0.23632248607028328,2.29390551439111,-0.2196363276926255,-0.03224021206586608,-0.030942566957672613,-0.08928300175709131,-0.24334103091957898,-0.24186478957722,-0.23539154392624573,2.376953455711474,-0.23343866545207173,-0.04103787768777678,-0.03960071150513762,-0.15245459496080613,-0.2397786003173124,-0.2381299491425973,-0.22997363306390667,2.5766534678231228,-0.2422777360351729
-0.03753099398920916,-0.0364724827363909,-0.054214294518488776,-0.24495647231304174,-0.24359761179989406,-0.23744719110468665,1.9760759448429486,-0.1716336064293019,-0.03683997918757802,-0.03557281927051801,-0.08562121465169675,-0.24414532545542267,-0.24276136121880115,-0.23632248607028328,2.29390551439111,-0.2196363276926255,-0.0291387164245945,-0.02774689416436152,-0.13741660483204227,-0.24012696862213853,-0.2389462958666987,-0.2320269466334261,2.553068387729656,-0.26194909421609486
-0.03438885057079161,-0.03349232962375012,-0.023637319172642654,-0.24670547460678358,-0.24505044181072036,-0.23871393721715709,1.7742449565277845,-0.19811806481687375,-0.03753099398920916,-0.0364724827363909,-0.054214294518488776,-0.24495647231304174,-0.24359761179989406,-0.23744719110468665,1.9760759448429486,-0.1716336064293019,-0.03507347276360176,-0.033582121007707535,-0.13045763481331135,-0.24023281328117435,-0.23892538711499334,-0.23338007373964112,2.7278994304135242,-0.2593164395272626
-0.045458229373379,-0.04475359217349628,0.01267920643518024,-0.2491947741117986,-0.2471418253379947,-0.24003283860889607,1.4735911060860127,-0.18756138264262134,-0.03438885057079161,-0.03349232962375012,-0.023637319172642654,-0.24670547460678358,-0.24505044181072036,-0.23871393721715709,1.7742449565277845,-0.19811806481687375,-0.05200173658744235,-0.05060844996112905,-0.11352156358046392,-0.24220892280369422,-0.2401601177213507,-0.2344198614796999,2.4464870334695545,-0.20449342453811145
-0.033087745188946915,-0.03233001133543799,0.009422383753190877,-0.24999001387388697,-0.24871417184409755,-0.24149794287785842,1.5373225476071726,-0.18171141090390291,-0.045458229373379,-0.04475359217349628,0.01267920643518024,-0.2491947741117986,-0.2471418253379947,-0.24003283860889607,1.4735911060860127,-0.18756138264262134,-0.03224021206586608,-0.030942566957672613,-0.08928300175709131,-0.24334103091957898,-0.24186478957722,-0.23539154392624573,2.376953455711474,-0.23343866545207173
-0.06741860633312871,-0.06681680029258436,0.020646912523454443,-0.25284248942038656,-0.25037152313757843,-0.24316013978482487,1.2970208160563805,-0.14466763787121611,-0.033087745188946915,-0.03233001133543799,0.009422383753190877,-0.24999001387388697,-0.24871417184409755,-0.24149794287785842,1.5373225476071726,-0.18171141090390291,-0.03683997918757802,-0.03557281927051801,-0.08562121465169675,-0.24414532545542267,-0.24276136121880115,-0.23632248607028328,2.29390551439111,-0.2196363276926255
-0.10010675992125787,-0.09980094250332333,0.05595278722669672,-0.2582820334736773,-0.25472181468335015,-0.2455616864351461,1.0192375488288956,-0.135045615720071,-0.06741860633312871,-0.06681680029258436,0.020646912523454443,-0.25284248942038656,-0.25037152313757843,-0.24316013978482487,1.2970208160563805,-0.14466763787121611,-0.03753099398920916,-0.0364724827363909,-0.054214294518488776,-0.24495647231304174,-0.24359761179989406,-0.23744719110468665,1.9760759448429486,-0.1716336064293019
-0.103055025416745,-0.10297735967747242,0.10385277970562595,-0.26573971661463586,-0.2617685367588689,-0.24918623703538584,0.8094808153399149,-0.09978885233017573,-0.10010675992125787,-0.09980094250332333,0.05595278722669672,-0.2582820334736773,-0.25472181468335015,-0.2455616864351461,1.0192375488288956,-0.135045615720071,-0.03438885057079161,-0.03349232962375012,-0.023637319172642654,-0.24670547460678358,-0.24505044181072036,-0.23871393721715709,1.7742449565277845,-0.19811806481687375
-0.08007149872357698,-0.08022729441527301,0.13991016434660014,-0.27119528875268106,-0.268078400523869,-0.2538647394314443,0.7236917992105023,-0.0898074478789982,-0.103055025416745,-0.10297735967747242,0.10385277970562595,-0.26573971661463586,-0.2617685367588689,-0.24918623703538584,0.8094808153399149,-0.09978885233017573,-0.045458229373379,-0.04475359217349628,0.01267920643518024,-0.2491947741117986,-0.2471418253379947,-0.24003283860889607,1.4735911060860127,-0.18756138264262134
-0.10638123786413153,-0.1067691153456057,0.18415627386405198,-0.27755310964641694,-0.2738324123955712,-0.2596236933653543,0.49265980923342845,-0.06311827603751516,-0.08007149872357698,-0.08022729441527301,0.13991016434660014,-0.27119528875268106,-0.268078400523869,-0.2538647394314443,0.7236917992105023,-0.0898074478789982,-0.033087745188946915,-0.03233001133543799,0.009422383753190877,-0.24999001387388697,-0.24871417184409755,-0.24149794287785842,1.5373225476071726,-0.18171141090390291
-0.08744718852698227,-0.08803060994709597,0.22384910498825641,-0.28453957336911057,-0.2808130175752424,-0.26613714533476895,0.392732199998985,-0.07477816542350957,-0.10638123786413153,-0.1067691153456057,0.18415627386405198,-0.27755310964641694,-0.2738324123955712,-0.2596236933653543,0.49265980923342845,-0.06311827603751516,-0.06741860633312871,-0.06681680029258436,0.020646912523454443,-0.25284248942038656,-0.25037152313757843,-0.24316013978482487,1.2970208160563805,-0.14466763787121611
-0.07658026095247723,-0.07736034559951666,0.2645236941964594,-0.2895852287892688,-0.2865590758631176,-0.27243578927156964,0.2643790076311876,-0.07757876091754948,-0.08744718852698227,-0.08803060994709597,0.22384910498825641,-0.28453957336911057,-0.2808130175752424,-0.26613714533476895,0.392732199998985,-0.07477816542350957,-0.10010675992125787,-0.09980094250332333,0.05595278722669672,-0.2582820334736773,-0.25472181468335015,-0.2455616864351461,1.0192375488288956,-0.135045615720071
-0.014225006597345602,-0.013863977151949744,0.2608560970012984,-0.2893883457141615,-0.2888943341871856,-0.2776858763573008,-0.4022163389260842,-0.03709352523188961,-0.07658026095247723,-0.07736034559951666,0.2645236941964594,-0.2895852287892688,-0.2865590758631176,-0.27243578927156964,0.2643790076311876,-0.07757876091754948,-0.103055025416745,-0.10297735967747242,0.10385277970562595,-0.26573971661463586,-0.2617685367588689,-0.24918623703538584,0.8094808153399149,-0.09978885233017573
-0.01725333066611199,-0.016335250690355154,0.2498540791184323,-0.2884740465811579,-0.2879905688040063,-0.2813838431625071,-0.4276826081854166,-0.0008013661835088575,-0.014225006597345602,-0.013863977151949744,0.2608560970012984,-0.2893883457141615,-0.2888943341871856,-0.2776858763573008,-0.4022163389260842,-0.03709352523188961,-0.08007149872357698,-0.08022729441527301,0.13991016434660014,-0.27119528875268106,-0.268078400523869,-0.2538647394314443,0.7236917992105023,-0.0898074478789982
-0.00678282150312514,-0.005635587911783091,0.24237760209924802,-0.2866355369078175,-0.28641362674098525,-0.28306130634523075,-0.37726624624614846,-0.06374103204685579,-0.01725333066611199,-0.016335250690355154,0.2498540791184323,-0.2884740465811579,-0.2879905688040063,-0.2813838431625071,-0.4276826081854166,-0.0008013661835088575,-0.10638123786413153,-0.1067691153456057,0.18415627386405198,-0.27755310964641694,-0.2738324123955712,-0.2596236933653543,0.49265980923342845,-0.06311827603751516
-0.008503642942554315,-0.007292480312093022,0.2399117416200937,-0.2845485669014069,-0.28429461885700213,-0.2827608683843771,-0.32821703804602764,-0.0717358885036234,-0.00678282150312514,-0.005635587911783091,0.24237760209924802,-0.2866355369078175,-0.28641362674098525,-0.28306130634523075,-0.37726624624614846,-0.06374103204685579,-0.08744718852698227,-0.08803060994709597,0.22384910498825641,-0.28453957336911057,-0.2808130175752424,-0.26613714533476895,0.392732199998985,-0.07477816542350957
0.014932576395998012,0.016192910229973677,0.2182637775113047,-0.28155115298651645,-0.28189958912008295,-0.2810752382695106,-0.24896672082849403,-0.11030232199866614,-0.008503642942554315,-0.007292480312093022,0.2399117416200937,-0.2845485669014069,-0.28429461885700213,-0.2827608683843771,-0.32821703804602764,-0.0717358885036234,-0.07658026095247723,-0.07736034559951666,0.2645236941964594,-0.2895852287892688,-0.2865590758631176,-0.27243578927156964,0.2643790076311876,-0.07757876091754948
0.01835373024667805,0.01985375239079824,0.20147386087611133,-0.27684364900340364,-0.277636522196104,-0.2785501674068741,-0.3099887702604982,-0.051883242264723003,0.014932576395998012,0.016192910229973677,0.2182637775113047,-0.28155115298651645,-0.28189958912008295,-0.2810752382695106,-0.24896672082849403,-0.11030232199866614,-0.014225006597345602,-0.013863977151949744,0.2608560970012984,-0.2893883457141615,-0.2888943341871856,-0.2776858763573008,-0.4022163389260842,-0.03709352523188961
-0.006259015726106917,-0.004595675650993461,0.18656831385374528,-0.27471422074163265,-0.27446991673431664,-0.2755997947856916,-0.26606689996942956,-0.033983260602475494,0.01835373024667805,0.01985375239079824,0.20147386087611133,-0.27684364900340364,-0.277636522196104,-0.2785501674068741,-0.3099887702604982,-0.051883242264723003,-0.01725333066611199,-0.016335250690355154,0.2498540791184323,-0.2884740465811579,-0.2879905688040063,-0.2813838431625071,-0.4276826081854166,-0.0008013661835088575
-0.00350426624639694,-0.0017710408078790395,0.18006644440208877,-0.2722246747770879,-0.2722461842197347,-0.27261239990512753,-0.19936242414898553,-0.06155310742279686,-0.006259015726106917,-0.004595675650993461,0.18656831385374528,-0.27471422074163265,-0.27446991673431664,-0.2755997947856916,-0.26606689996942956,-0.033983260602475494,-0.00678282150312514,-0.005635587911783091,0.24237760209924802,-0.2866355369078175,-0.28641362674098525,-0.28306130634523075,-0.37726624624614846,-0.06374103204685579
-0.014912220445054098,-0.013058661080742835,0.17268316252269827,-0.2704582978333424,-0.27008777375127346,-0.26963800365610224,-0.132444949571215,-0.05521469761396786,-0.00350426624639694,-0.0017710408078790395,0.18006644440208877,-0.2722246747770879,-0.2722461842197347,-0.27261239990512753,-0.19936242414898553,-0.06155310742279686,-0.008503642942554315,-0.007292480312093022,0.2399117416200937,-0.2845485669014069,-0.28429461885700213,-0.2827608683843771,-0.32821703804602764,-0.0717358885036234
-0.04014073317849518,-0.038234684742844735,0.1684377447695915,-0.2707944880500084,-0.2694811804347078,-0.2674577348134495,-0.1530946321092146,0.0030005052562378487,-0.014912220445054098,-0.013058661080742835,0.17268316252269827,-0.2704582978333424,-0.27008777375127346,-0.26963800365610224,-0.132444949571215,-0.05521469761396786,0.014932576395998012,0.016192910229973677,0.2182637775113047,-0.28155115298651645,-0.28189958912008295,-0.2810752382695106,-0.24896672082849403,-0.11030232199866614
-0.03917376071630325,-0.03729336232782026,0.16316802435702762,-0.2718965579771404,-0.27041849152829156,-0.26638465780674525,-0.17560124424026125,-0.0035511136908359837,-0.04014073317849518,-0.038234684742844735,0.1684377447695915,-0.2707944880500084,-0.2694811804347078,-0.2674577348134495,-0.1530946321092146,0.0030005052562378487,0.01835373024667805,0.01985375239079824,0.20147386087611133,-0.27684364900340364,-0.277636522196104,-0.2785501674068741,-0.3099887702604982,-0.051883242264723003
-0.02766062931214487,-0.025789753462844,0.1618660338688097,-0.27255885000038593,-0.27133420733423996,-0.2660466131177308,-0.1729686120260534,-0.020781306200934418,-0.03917376071630325,-0.03729336232782026,0.16316802435702762,-0.2718965579771404,-0.27041849152829156,-0.26638465780674525,-0.17560124424026125,-0.0035511136908359837,-0.006259015726106917,-0.004595675650993461,0.18656831385374528,-0.27471422074163265,-0.27446991673431664,-0.2755997947856916,-0.26606689996942956,-0.033983260602475494
-0.02540749159113463,-0.02343859146193826,0.15015260352119636,-0.2724639556129437,-0.2714202900234214,-0.2662811392548493,-0.10148041440580124,-0.053084108068756665,-0.02766062931214487,-0.025789753462844,0.1618660338688097,-0.27255885000038593,-0.27133420733423996,-0.2660466131177308,-0.1729686120260534,-0.020781306200934418,-0.00350426624639694,-0.0017710408078790395,0.18006644440208877,-0.2722246747770879,-0.2722461842197347,-0.27261239990512753,-0.19936242414898553,-0.06155310742279686
-0.023618563128148785,-0.021657150476653852,0.1489026643410464,-0.2721775024230848,-0.27126954444639056,-0.2667258301189437,-0.10548879189796967,-0.059157549193659675,-0.02540749159113463,-0.02343859146193826,0.15015260352119636,-0.2724639556129437,-0.2714202900234214,-0.2662811392548493,-0.10148041440580124,-0.053084108068756665,-0.014912220445054098,-0.013058661080742835,0.17268316252269827,-0.2704582978333424,-0.27008777375127346,-0.26963800365610224,-0.132444949571215,-0.05521469761396786
-0.021247135809082718,-0.019022592518557827,0.137756194855927,-0.27125115067222705,-0.2706549997900683,-0.26683540745711376,0.0958496559193387,-0.1178706312723347,-0.023618563128148785,-0.021657150476653852,0.1489026643410464,-0.2721775024230848,-0.27126954444639056,-0.2667258301189437,-0.10548879189796967,-0.059157549193659675,-0.04014073317849518,-0.038234684742844735,0.1684377447695915,-0.2707944880500084,-0.2694811804347078,-0.2674577348134495,-0.1530946321092146,0.0030005052562378487
-0.007943306813696052,-0.005628913399544584,0.11601564082632584,-0.270351412069505,-0.26977281593089275,-0.2664930364156894,0.16996886341362538,-0.10890061454729641,-0.021247135809082718,-0.019022592518557827,0.137756194855927,-0.27125115067222705,-0.2706549997900683,-0.26683540745711376,0.0958496559193387,-0.1178706312723347,-0.03917376071630325,-0.03729336232782026,0.16316802435702762,-0.2718965579771404,-0.27041849152829156,-0.26638465780674525,-0.17560124424026125,-0.0035511136908359837
0.004928097732776818,0.007426582679357412,0.08585139767727434,-0.26878344849049285,-0.2684990902632375,-0.26578846225997116,0.3774729135344761,-0.09243402245039621,-0.007943306813696052,-0.005628913399544584,0.11601564082632584,-0.270351412069505,-0.26977281593089275,-0.2664930364156894,0.16996886341362538,-0.10890061454729641,-0.02766062931214487,-0.025789753462844,0.1618660338688097,-0.27255885000038593,-0.27133420733423996,-0.2660466131177308,-0.1729686120260534,-0.020781306200934418
-0.015024574263166644,-0.013170034546044946,0.11359533769599525,-0.2687726184612759,-0.2678395422715958,-0.26495276644311444,0.8508787116622902,-0.33991472527743444,0.004928097732776818,0.007426582679357412,0.08585139767727434,-0.26878344849049285,-0.2684990902632375,-0.26578846225997116,0.3774729135344761,-0.09243402245039621,-0.02540749159113463,-0.02343859146193826,0.15015260352119636,-0.2724639556129437,-0.2714202900234214,-0.2662811392548493,-0.10148041440580124,-0.053084108068756665
0.007022771543129851,0.008887029171906424,0.12965737784600292,-0.26691269668272566,-0.2668851983846581,-0.26400492654413144,0.9874542988778741,-0.37289738121534965,-0.015024574263166644,-0.013170034546044946,0.11359533769599525,-0.2687726184612759,-0.2678395422715958,-0.26495276644311444,0.8508787116622902,-0.33991472527743444,-0.023618563128148785,-0.021657150476653852,0.1489026643410464,-0.2721775024230848,-0.27126954444639056,-0.2667258301189437,-0.10548879189796967,-0.059157549193659675
0.04183226719245263,0.043887438427481634,0.11537254765926408,-0.26049173957907945,-0.2622153573513095,-0.26215071240945437,1.3137532112691863,-0.3901715356218559,0.007022771543129851,0.008887029171906424,0.12965737784600292,-0.26691269668272566,-0.2668851983846581,-0.26400492654413144,0.9874542988778741,-0.37289738121534965,-0.021247135809082718,-0.019022592518557827,0.137756194855927,-0.27125115067222705,-0.2706549997900683,-0.26683540745711376,0.0958496559193387,-0.1178706312723347
0.07231873929694888,0.07477640654950161,0.07140572944581752,-0.25186034595360646,-0.25437839427117326,-0.25869164659934374,1.8024079470807886,-0.3195289665344524,0.04183226719245263,0.043887438427481634,0.11537254765926408,-0.26049173957907945,-0.2622153573513095,-0.26215071240945437,1.3137532112691863,-0.3901715356218559,-0.007943306813696052,-0.005628913399544584,0.11601564082632584,-0.270351412069505,-0.26977281593089275,-0.2664930364156894,0.16996886341362538,-0.10890061454729641
0.06342161268601226,0.06621549633961693,0.029314098205529885,-0.24324381831886255,-0.24557859140326507,-0.2533566443344406,2.4229336803641948,-0.36241760089512515,0.07231873929694888,0.07477640654950161,0.07140572944581752,-0.25186034595360646,-0.25437839427117326,-0.25869164659934374,1.8024079470807886,-0.3195289665344524,0.004928097732776818,0.007426582679357412,0.08585139767727434,-0.26878344849049285,-0.2684990902632375,-0.26578846225997116,0.3774729135344761,-0.09243402245039621
0.055813873389512894,0.058911262457857036,-0.01744332429994984,-0.235594634629558,-0.2375833438664763,-0.24624564095680118,2.7542594134814573,-0.4612027419286753,0.06342161268601226,0.06621549633961693,0.029314098205529885,-0.24324381831886255,-0.24557859140326507,-0.2533566443344406,2.4229336803641948,-0.36241760089512515,-0.015024574263166644,-0.013170034546044946,0.11359533769599525,-0.2687726184612759,-0.2678395422715958,-0.26495276644311444,0.8508787116622902,-0.33991472527743444
0.07682158119261201,0.08003895470223318,-0.0720362500872792,-0.22608118400550817,-0.22896753502148112,-0.23797010900822105,3.2851602536040234,-0.43690703725869984,0.055813873389512894,0.058911262457857036,-0.01744332429994984,-0.235594634629558,-0.2375833438664763,-0.24624564095680118,2.7542594134814573,-0.4612027419286753,0.007022771543129851,0.008887029171906424,0.12965737784600292,-0.26691269668272566,-0.2668851983846581,-0.26400492654413144,0.9874542988778741,-0.37289738121534965
0.053818249236215865,0.057422693646325955,-0.12818221956465295,-0.2169815053238689,-0.21918696478678618,-0.22912271650127797,4.3799549082251374,-0.6185447848864145,0.07682158119261201,0.08003895470223318,-0.0720362500872792,-0.22608118400550817,-0.22896753502148112,-0.23797010900822105,3.2851602536040234,-0.43690703725869984,0.04183226719245263,0.043887438427481634,0.11537254765926408,-0.26049173957907945,-0.2622153573513095,-0.26215071240945437,1.3137532112691863,-0.3901715356218559
0.037952898616062714,0.04174599924156991,-0.17382878366595667,-0.2095146464199313,-0.21123735999576893,-0.22047977402700372,5.076377204609868,-0.6282079676907377,0.053818249236215865,0.057422693646325955,-0.12818221956465295,-0.2169815053238689,-0.21918696478678618,-0.22912271650127797,4.3799549082251374,-0.6185447848864145,0.07231873929694888,0.07477640654950161,0.07140572944581752,-0.25186034595360646,-0.25437839427117326,-0.25869164659934374,1.8024079470807886,-0.3195289665344524
0.027349658040581773,0.031361642934447716,-0.22206083243071392,-0.20315291055390694,-0.20435274328072753,-0.21214941128513956,5.647873038327637,-0.940195906555563,0.037952898616062714,0.04174599924156991,-0.17382878366595667,-0.2095146464199313,-0.21123735999576893,-0.22047977402700372,5.076377204609868,-0.6282079676907377,0.06342161268601226,0.06621549633961693,0.029314098205529885,-0.24324381831886255,-0.24557859140326507,-0.2533566443344406,2.4229336803641948,-0.36241760089512515
0.02257428062493838,0.026379741212268257,-0.26025640374368814,-0.19776310726165855,-0.19865219010230756,-0.204428154027743,5.157411367067649,-1.0190050116476563,0.027349658040581773,0.031361642934447716,-0.22206083243071392,-0.20315291055390694,-0.20435274328072753,-0.21214941128513956,5.647873038327637,-0.940195906555563,0.055813873389512894,0.058911262457857036,-0.01744332429994984,-0.235594634629558,-0.2375833438664763,-0.24624564095680118,2.7542594134814573,-0.4612027419286753
0.00022561660234186008,0.004083586194104431,-0.2676574386748093,-0.19438122618929732,-0.1945501362749522,-0.19808752481221514,4.94178372774195,-1.0476077245200113,0.02257428062493838,0.026379741212268257,-0.26025640374368814,-0.19776310726165855,-0.19865219010230756,-0.204428154027743,5.157411367067649,-1.0190050116476563,0.07682158119261201,0.08003895470223318,-0.0720362500872792,-0.22608118400550817,-0.22896753502148112,-0.23797010900822105,3.2851602536040234,-0.43690703725869984
0.003870472957864912,0.007654024190166541,-0.28262902349796193,-0.19091087734844508,-0.19118723210357286,-0.19292440447962156,4.563597779120061,-1.0070519684039987,0.00022561660234186008,0.004083586194104431,-0.2676574386748093,-0.19438122618929732,-0.1945501362749522,-0.19808752481221514,4.94178372774195,-1.0476077245200113,0.053818249236215865,0.057422693646325955,-0.12818221956465295,-0.2169815053238689,-0.21918696478678618,-0.22912271650127797,4.3799549082251374,-0.6185447848864145
-0.0031564031298235845,0.0006139193210007304,-0.2791839428147877,-0.18770881090848213,-0.1877094313793999,-0.18863072180575363,4.33018319747562,-0.9720377922733887,0.003870472957864912,0.007654024190166541,-0.28262902349796193,-0.19091087734844508,-0.19118723210357286,-0.19292440447962156,4.563597779120061,-1.0070519684039987,0.037952898616062714,0.04174599924156991,-0.17382878366595667,-0.2095146464199313,-0.21123735999576893,-0.22047977402700372,5.076377204609868,-0.6282079676907377
0.005377511646416245,0.009225629963356206,-0.2825134853827709,-0.18452173294216617,-0.18467974472983148,-0.18502372477149895,4.952761492782487,-1.0425666593095342,-0.0031564031298235845,0.0006139193210007304,-0.2791839428147877,-0.18770881090848213,-0.1877094313793999,-0.18863072180575363,4.33018319747562,-0.9720377922733887,0.027349658040581773,0.031361642934447716,-0.22206083243071392,-0.20315291055390694,-0.20435274328072753,-0.21214941128513956,5.647873038327637,-0.940195906555563
-0.016191710576315667,-0.012287092756456845,-0.29474769112698496,-0.1825743187773852,-0.18200482181937044,-0.1818551018357148,4.8473173432624925,-1.0148837156259232,0.005377511646416245,0.009225629963356206,-0.2825134853827709,-0.18452173294216617,-0.18467974472983148,-0.18502372477149895,4.952761492782487,-1.0425666593095342,0.02257428062493838,0.026379741212268257,-0.26025640374368814,-0.19776310726165855,-0.19865219010230756,-0.204428154027743,5.157411367067649,-1.0190050116476563
-0.01205609159513555,-0.008156650015891671,-0.30595878114263875,-0.1811235773255207,-0.18054935637229597,-0.1791393195596851,4.909417986686924,-1.0352347813771532,-0.016191710576315667,-0.012287092756456845,-0.29474769112698496,-0.1825743187773852,-0.18200482181937044,-0.1818551018357148,4.8473173432624925,-1.0148837156259232,0.00022561660234186008,0.004083586194104431,-0.2676574386748093,-0.19438122618929732,-0.1945501362749522,-0.19808752481221514,4.94178372774195,-1.0476077245200113
-0.011520937655984272,-0.0075953553323515055,-0.3122020223251212,-0.17957910806132166,-0.17901385091914063,-0.17690185559104937,5.091823681026501,-1.0398911955844015,-0.01205609159513555,-0.008156650015891671,-0.30595878114263875,-0.1811235773255207,-0.18054935637229597,-0.1791393195596851,4.909417986686924,-1.0352347813771532,0.003870472957864912,0.007654024190166541,-0.28262902349796193,-0.19091087734844508,-0.19118723210357286,-0.19292440447962156,4.563597779120061,-1.0070519684039987
-0.007199181754091656,-0.0034174560883549372,-0.31804401292054485,-0.17828615597520936,-0.1777091935838581,-0.17507848691002176,4.7627790809461885,-0.7730088296553247,-0.011520937655984272,-0.0075953553323515055,-0.3122020223251212,-0.17957910806132166,-0.17901385091914063,-0.17690185559104937,5.091823681026501,-1.0398911955844015,-0.0031564031298235845,0.0006139193210007304,-0.2791839428147877,-0.18770881090848213,-0.1877094313793999,-0.18863072180575363,4.33018319747562,-0.9720377922733887
0.005888629626750613,0.00969822477012002,-0.29773376740189006,-0.17534521191337168,-0.1754321235557941,-0.17340996405973375,5.209977797693625,-0.8482408683695349,-0.007199181754091656,-0.0034174560883549372,-0.31804401292054485,-0.17828615597520936,-0.1777091935838581,-0.17507848691002176,4.7627790809461885,-0.7730088296553247,0.005377511646416245,0.009225629963356206,-0.2825134853827709,-0.18452173294216617,-0.18467974472983148,-0.18502372477149895,4.952761492782487,-1.0425666593095342
0.01412320795163011,0.017944374652157914,-0.29176104549612564,-0.17124193931621384,-0.17176535430310602,-0.17123537890080742,5.480187012910527,-0.893430114114357,0.005888629626750613,0.00969822477012002,-0.29773376740189006,-0.17534521191337168,-0.1754321235557941,-0.17340996405973375,5.209977797693625,-0.8482408683695349,-0.016191710576315667,-0.012287092756456845,-0.29474769112698496,-0.1825743187773852,-0.18200482181937044,-0.1818551018357148,4.8473173432624925,-1.0148837156259232
0.00141006461601886,0.00532635250277254,-0.2935016406193709,-0.1674267114399997,-0.16759337314840672,-0.1684245051712475,5.803917208172962,-0.9253914350685323,0.01412320795163011,0.017944374652157914,-0.29176104549612564,-0.17124193931621384,-0.17176535430310602,-0.17123537890080742,5.480187012910527,-0.893430114114357,-0.01205609159513555,-0.008156650015891671,-0.30595878114263875,-0.1811235773255207,-0.18054935637229597,-0.1791393195596851,4.909417986686924,-1.0352347813771532
0.0004541425899299012,0.004365390506765165,-0.28210422145564806,-0.1644367600209326,-0.16442910825202028,-0.1651800795064114,5.737398956156811,-0.9149646526280636,0.00141006461601886,0.00532635250277254,-0.2935016406193709,-0.1674267114399997,-0.16759337314840672,-0.1684245051712475,5.803917208172962,-0.9253914350685323,-0.011520937655984272,-0.0075953553323515055,-0.3122020223251212,-0.17957910806132166,-0.17901385091914063,-0.17690185559104937,5.091823681026501,-1.0398911955844015
0.02698908686141552,0.03081205525263164,-0.27015645481706174,-0.1598243326559447,-0.1606370727469414,-0.16149350907161714,5.819873172619792,-0.9564751994405741,0.0004541425899299012,0.004365390506765165,-0.28210422145564806,-0.1644367600209326,-0.16442910825202028,-0.1651800795064114,5.737398956156811,-0.9149646526280636,-0.007199181754091656,-0.0034174560883549372,-0.31804401292054485,-0.17828615597520936,-0.1777091935838581,-0.17507848691002176,4.7627790809461885,-0.7730088296553247
0.02542854000363235,0.02924187006237717,-0.26014302352727836,-0.15415040110873512,-0.15520689160027712,-0.15732857060494893,5.709834700025594,-0.9536691382402078,0.02698908686141552,0.03081205525263164,-0.27015645481706174,-0.1598243326559447,-0.1606370727469414,-0.16149350907161714,5.819873172619792,-0.9564751994405741,0.005888629626750613,0.00969822477012002,-0.29773376740189006,-0.17534521191337168,-0.1754321235557941,-0.17340996405973375,5.209977797693625,-0.8482408683695349
0.04507790683883534,0.04941247384261584,-0.2885633110523502,-0.14813556748675816,-0.14954255397758884,-0.1528198394858048,2.8112805942825654,0.10803451723176477,0.02542854000363235,0.02924187006237717,-0.26014302352727836,-0.15415040110873512,-0.15520689160027712,-0.15732857060494893,5.709834700025594,-0.9536691382402078,0.01412320795163011,0.017944374652157914,-0.29176104549612564,-0.17124193931621384,-0.17176535430310602,-0.17123537890080742,5.480187012910527,-0.893430114114357
0.022491476797751972,0.02710422931482497,-0.33220662444540056,-0.14269987791114402,-0.14353800122324228,-0.1476700937835574,3.493776896440517,-0.13542154024488176,0.04507790683883534,0.04941247384261584,-0.2885633110523502,-0.14813556748675816,-0.14954255397758884,-0.1528198394858048,2.8112805942825654,0.10803451723176477,0.00141006461601886,0.00532635250277254,-0.2935016406193709,-0.1674267114399997,-0.16759337314840672,-0.1684245051712475,5.803917208172962,-0.9253914350685323
0.0034335624065258558,0.008180195795242661,-0.3523834281040482,-0.13814973161618274,-0.13852169128291497,-0.14214908761893347,3.9241638516602038,-0.18277427786379588,0.022491476797751972,0.02710422931482497,-0.33220662444540056,-0.14269987791114402,-0.14353800122324228,-0.1476700937835574,3.493776896440517,-0.13542154024488176,0.0004541425899299012,0.004365390506765165,-0.28210422145564806,-0.1644367600209326,-0.16442910825202028,-0.1651800795064114,5.737398956156811,-0.9149646526280636
0.00019745165660206825,0.0049502130566737084,-0.3687072461769342,-0.13484084214753544,-0.13485006810600622,-0.13699853721900962,3.8923413035306513,-0.1695525423203243,0.0034335624065258558,0.008180195795242661,-0.3523834281040482,-0.13814973161618274,-0.13852169128291497,-0.14214908761893347,3.9241638516602038,-0.18277427786379588,0.02698908686141552,0.03081205525263164,-0.27015645481706174,-0.1598243326559447,-0.1606370727469414,-0.16149350907161714,5.819873172619792,-0.9564751994405741
0.005220866734723974,0.009944814176784902,-0.3762471102979487,-0.13126703407715695,-0.13151973871058253,-0.1323909306385055,3.767601253043539,-0.17181332430461793,0.00019745165660206825,0.0049502130566737084,-0.3687072461769342,-0.13484084214753544,-0.13485006810600622,-0.13699853721900962,3.8923413035306513,-0.1695525423203243,0.02542854000363235,0.02924187006237717,-0.26014302352727836,-0.15415040110873512,-0.15520689160027712,-0.15732857060494893,5.709834700025594,-0.9536691382402078
0.009631023264624426,0.014331830953570391,-0.37606148977513754,-0.12772167789237587,-0.12792477507214212,-0.1283885439705067,3.6727876819831593,-0.18211447420789595,0.005220866734723974,0.009944814176784902,-0.3762471102979487,-0.13126703407715695,-0.13151973871058253,-0.1323909306385055,3.767601253043539,-0.17181332430461793,0.04507790683883534,0.04941247384261584,-0.2885633110523502,-0.14813556748675816,-0.14954255397758884,-0.1528198394858048,2.8112805942825654,0.10803451723176477
0.007493106013499964,0.012209595162671805,-0.37888574906333444,-0.12386270120908167,-0.12413142902996431,-0.1247217292472679,3.743797776378102,-0.18746575457077888,0.009631023264624426,0.014331830953570391,-0.37606148977513754,-0.12772167789237587,-0.12792477507214212,-0.1283885439705067,3.6727876819831593,-0.18211447420789595,0.022491476797751972,0.02710422931482497,-0.33220662444540056,-0.14269987791114402,-0.14353800122324228,-0.1476700937835574,3.493776896440517,-0.13542154024488176
0.018264090854806604,0.022955507821007328,-0.3749056034293673,-0.11896920392784327,-0.11968935515546865,-0.12092987147442616,3.8086366491128185,-0.2402149118194373,0.007493106013499964,0.012209595162671805,-0.37888574906333444,-0.12386270120908167,-0.12413142902996431,-0.1247217292472679,3.743797776378102,-0.18746575457077888,0.0034335624065258558,0.008180195795242661,-0.3523834281040482,-0.13814973161618274,-0.13852169128291497,-0.14214908761893347,3.9241638516602038,-0.18277427786379588
0.02077062045050563,0.025447857672721296,-0.36648388951126193,-0.11342338652530429,-0.11435018333008659,-0.11664390989734932,3.7477400282218882,-0.2475227472210232,0.018264090854806604,0.022955507821007328,-0.3749056034293673,-0.11896920392784327,-0.11968935515546865,-0.12092987147442616,3.8086366491128185,-0.2402149118194373,0.00019745165660206825,0.0049502130566737084,-0.3687072461769342,-0.13484084214753544,-0.13485006810600622,-0.13699853721900962,3.8923413035306513,-0.1695525423203243
0.02553337168840515,0.03014368265684232,-0.348852938609185,-0.10714308387531293,-0.1083456045445237,-0.1117818881764506,3.4443624468602048,-0.1817564212896746,0.02077062045050563,0.025447857672721296,-0.36648388951126193,-0.11342338652530429,-0.11435018333008659,-0.11664390989734932,3.7477400282218882,-0.2475227472210232,0.005220866734723974,0.009944814176784902,-0.3762471102979487,-0.13126703407715695,-0.13151973871058253,-0.1323909306385055,3.767601253043539,-0.17181332430461793
0.02205670605296571,0.026677077610569356,-0.34054670036435586,-0.10134379106169594,-0.1023107795800307,-0.10636767721694493,3.4386224408828063,-0.16316754617626317,0.02553337168840515,0.03014368265684232,-0.348852938609185,-0.10714308387531293,-0.1083456045445237,-0.1117818881764506,3.4443624468602048,-0.1817564212896746,0.009631023264624426,0.014331830953570391,-0.37606148977513754,-0.12772167789237587,-0.12792477507214212,-0.1283885439705067,3.6727876819831593,-0.18211447420789595
0.03984303884075653,0.044733669284033564,-0.34932536681634463,-0.09422915568710814,-0.09589223204587188,-0.10043017644204102,1.8569761776390976,0.6861626498850941,0.02205670605296571,0.026677077610569356,-0.34054670036435586,-0.10134379106169594,-0.1023107795800307,-0.10636767721694493,3.4386224408828063,-0.16316754617626317,0.007493106013499964,0.012209595162671805,-0.37888574906333444,-0.12386270120908167,-0.12413142902996431,-0.1247217292472679,3.743797776378102,-0.18746575457077888
0.019830811327345207,0.024789762981355528,-0.3563479831002566,-0.08813802790371797,-0.08918227102889054,-0.09413287499449849,2.206981488610931,0.588728144776075,0.03984303884075653,0.044733669284033564,-0.34932536681634463,-0.09422915568710814,-0.09589223204587188,-0.10043017644204102,1.8569761776390976,0.6861626498850941,0.018264090854806604,0.022955507821007328,-0.3749056034293673,-0.11896920392784327,-0.11968935515546865,-0.12092987147442616,3.8086366491128185,-0.2402149118194373
0.022065322300771496,0.02706717443206906,-0.36696989822477766,-0.08208073229214531,-0.08317560974601984,-0.08779981752306992,2.5927578938754197,0.6705875010362174,0.019830811327345207,0.024789762981355528,-0.3563479831002566,-0.08813802790371797,-0.08918227102889054,-0.09413287499449849,2.206981488610931,0.588728144776075,0.02077062045050563,0.025447857672721296,-0.36648388951126193,-0.11342338652530429,-0.11435018333008659,-0.11664390989734932,3.7477400282218882,-0.2475227472210232
0.02501627673514612,0.030072655631427553,-0.38668326618988647,-0.0760085699429965,-0.07707368558127389,-0.08147377037875712,3.140386011741491,0.772148565949797,0.022065322300771496,0.02706717443206906,-0.36696989822477766,-0.08208073229214531,-0.08317560974601984,-0.08779981752306992,2.5927578938754197,0.6705875010362174,0.02553337168840515,0.03014368265684232,-0.348852938609185,-0.10714308387531293,-0.1083456045445237,-0.1117818881764506,3.4443624468602048,-0.1817564212896746
0.027062518392575896,0.03212861723531543,-0.3984456147958749,-0.07010588063500633,-0.07114762951100914,-0.0752026014936342,2.96570006487305,0.9417599414011024,0.02501627673514612,0.030072655631427553,-0.38668326618988647,-0.0760085699429965,-0.07707368558127389,-0.08147377037875712,3.140386011741491,0.772148565949797,0.02205670605296571,0.026677077610569356,-0.34054670036435586,-0.10134379106169594,-0.1023107795800307,-0.10636767721694493,3.4386224408828063,-0.16316754617626317
0.038251903505932286,0.043240942868788185,-0.3967676819889216,-0.06319516288798391,-0.0646886997808514,-0.06904071898498033,2.510758844574717,0.8912144792341226,0.027062518392575896,0.03212861723531543,-0.3984456147958749,-0.07010588063500633,-0.07114762951100914,-0.0752026014936342,2.96570006487305,0.9417599414011024,0.03984303884075653,0.044733669284033564,-0.34932536681634463,-0.09422915568710814,-0.09589223204587188,-0.10043017644204102,1.8569761776390976,0.6861626498850941
0.04039907616747865,0.045394014086293566,-0.3919268806969286,-0.055709580528252374,-0.05732325897260851,-0.0625548506222005,2.6289346542403393,0.8963008807804498,0.038251903505932286,0.043240942868788185,-0.3967676819889216,-0.06319516288798391,-0.0646886997808514,-0.06904071898498033,2.510758844574717,0.8912144792341226,0.019830811327345207,0.024789762981355528,-0.3563479831002566,-0.08813802790371797,-0.08918227102889054,-0.09413287499449849,2.206981488610931,0.588728144776075
0.05457411439917392,0.05956557094384857,-0.3967727409703249,-0.04727886321410438,-0.04938476906215756,-0.05562816488570981,2.9095412203659725,0.9258397087399255,0.04039907616747865,0.045394014086293566,-0.3919268806969286,-0.055709580528252374,-0.05732325897260851,-0.0625548506222005,2.6289346542403393,0.8963008807804498,0.022065322300771496,0.02706717443206906,-0.36696989822477766,-0.08208073229214531,-0.08317560974601984,-0.08779981752306992,2.5927578938754197,0.6705875010362174
0.03557783837007154,0.040809765722852914,-0.4132487672101549,-0.03883713438690391,-0.040559193943623124,-0.0480147906774257,0.8823710077614915,0.3512899138277345,0.05457411439917392,0.05956557094384857,-0.3967727409703249,-0.04727886321410438,-0.04938476906215756,-0.05562816488570981,2.9095412203659725,0.9258397087399255,0.02501627673514612,0.030072655631427553,-0.38668326618988647,-0.0760085699429965,-0.07707368558127389,-0.08147377037875712,3.140386011741491,0.772148565949797
0.031015663238067995,0.036141938068696006,-0.4332415932004099,-0.03245306630009176,-0.03367141488460958,-0.040250261865442956,2.3271518462901346,-0.26883850625752853,0.03557783837007154,0.040809765722852914,-0.4132487672101549,-0.03883713438690391,-0.040559193943623124,-0.0480147906774257,0.8823710077614915,0.3512899138277345,0.027062518392575896,0.03212861723531543,-0.3984456147958749,-0.07010588063500633,-0.07114762951100914,-0.0752026014936342,2.96570006487305,0.9417599414011024
0.026398137022140035,0.03155432164319132,-0.44796362506273574,-0.025814054500881672,-0.026977261996976358,-0.03261900168643102,2.483780906308625,-0.26453783460440095,0.031015663238067995,0.036141938068696006,-0.4332415932004099,-0.03245306630009176,-0.03367141488460958,-0.040250261865442956,2.3271518462901346,-0.26883850625752853,0.038251903505932286,0.043240942868788185,-0.3967676819889216,-0.06319516288798391,-0.0646886997808514,-0.06904071898498033,2.510758844574717,0.8912144792341226
0.03610440726637851,0.041232918805580616,-0.4560389151876183,-0.01872872241753961,-0.020166753162782443,-0.02521267555215554,2.5426866543401063,-0.29178234729279945,0.026398137022140035,0.03155432164319132,-0.44796362506273574,-0.025814054500881672,-0.026977261996976358,-0.03261900168643102,2.483780906308625,-0.26453783460440095,0.04039907616747865,0.045394014086293566,-0.3919268806969286,-0.055709580528252374,-0.05732325897260851,-0.0625548506222005,2.6289346542403393,0.8963008807804498
0.02125985089951295,0.02648582469017658,-0.47060356785320323,-0.012140736703162111,-0.013158158142140658,-0.018241231187229503,2.7351972871768266,-0.3928998091863603,0.03610440726637851,0.041232918805580616,-0.4560389151876183,-0.01872872241753961,-0.020166753162782443,-0.02521267555215554,2.5426866543401063,-0.29178234729279945,0.05457411439917392,0.05956557094384857,-0.3967727409703249,-0.04727886321410438,-0.04938476906215756,-0.05562816488570981,2.9095412203659725,0.9258397087399255
0.01609448300779703,0.021345118337316536,-0.4801788791882995,-0.0067066386586328046,-0.007421292763358133,-0.011644357422159305,2.8298647894168845,-0.3240303818650373,0.02125985089951295,0.02648582469017658,-0.47060356785320323,-0.012140736703162111,-0.013158158142140658,-0.018241231187229503,2.7351972871768266,-0.3928998091863603,0.03557783837007154,0.040809765722852914,-0.4132487672101549,-0.03883713438690391,-0.040559193943623124,-0.0480147906774257,0.8823710077614915,0.3512899138277345
0.017783563675135904,0.02299311295780179,-0.4843495317875465,-0.001479028889249342,-0.0020735177705779057,-0.005357883793819157,2.5241237032200905,-0.3224162958460383,0.01609448300779703,0.021345118337316536,-0.4801788791882995,-0.0067066386586328046,-0.007421292763358133,-0.011644357422159305,2.8298647894168845,-0.3240303818650373,0.031015663238067995,0.036141938068696006,-0.4332415932004099,-0.03245306630009176,-0.03367141488460958,-0.040250261865442956,2.3271518462901346,-0.26883850625752853
0.015919919217341642,0.021109800632647443,-0.4700971351905151,0.003683055506478897,0.003032576228606978,0.000541578363370947,2.3831937872178113,-0.373310059495504,0.017783563675135904,0.02299311295780179,-0.4843495317875465,-0.001479028889249342,-0.0020735177705779057,-0.005357883793819157,2.5241237032200905,-0.3224162958460383,0.026398137022140035,0.03155432164319132,-0.44796362506273574,-0.025814054500881672,-0.026977261996976358,-0.03261900168643102,2.483780906308625,-0.26453783460440095
0.017419940437242574,0.022616402236967623,-0.47457286146856265,0.008735196546506112,0.008168610016313468,0.005968437265977797,2.49977685882184,-0.4005861710377171,0.015919919217341642,0.021109800632647443,-0.4700971351905151,0.003683055506478897,0.003032576228606978,0.000541578363370947,2.3831937872178113,-0.373310059495504,0.03610440726637851,0.041232918805580616,-0.4560389151876183,-0.01872872241753961,-0.020166753162782443,-0.02521267555215554,2.5426866543401063,-0.29178234729279945
0.02444259699914412,0.029614878478381193,-0.48103491916601404,0.014664379507102327,0.013739831285242301,0.01130021292479191,2.4885359374617826,-0.43461556563886145,0.017419940437242574,0.022616402236967623,-0.47457286146856265,0.008735196546506112,0.008168610016313468,0.005968437265977797,2.49977685882184,-0.4005861710377171,0.02125985089951295,0.02648582469017658,-0.47060356785320323,-0.012140736703162111,-0.013158158142140658,-0.018241231187229503,2.7351972871768266,-0.3928998091863603
0.021474926587753365,0.026675405344418313,-0.4803207285632466,0.02090901274150859,0.019929127282797627,0.01682373377861729,2.7143577954983913,-0.43617119875749966,0.02444259699914412,0.029614878478381193,-0.48103491916601404,0.014664379507102327,0.013739831285242301,0.01130021292479191,2.4885359374617826,-0.43461556563886145,0.01609448300779703,0.021345118337316536,-0.4801788791882995,-0.0067066386586328046,-0.007421292763358133,-0.011644357422159305,2.8298647894168845,-0.3240303818650373
0.02093487011750803,0.02616527312854875,-0.4865856520798999,0.02653142976590831,0.025728350589945263,0.02251020666477776,3.03547244530626,-0.4684839731479427,0.021474926587753365,0.026675405344418313,-0.4803207285632466,0.02090901274150859,0.019929127282797627,0.01682373377861729,2.7143577954983913,-0.43617119875749966,0.017783563675135904,0.02299311295780179,-0.4843495317875465,-0.001479028889249342,-0.0020735177705779057,-0.005357883793819157,2.5241237032200905,-0.3224162958460383
0.00803915094882128,0.013244913892388145,-0.494470836460238,0.03204653084256406,0.03152194726463986,0.02834897649121185,3.0812324216995197,-0.6437817478861468,0.02093487011750803,0.02616527312854875,-0.4865856520798999,0.02653142976590831,0.025728350589945263,0.02251020666477776,3.03547244530626,-0.4684839731479427,0.015919919217341642,0.021109800632647443,-0.4700971351905151,0.003683055506478897,0.003032576228606978,0.000541578363370947,2.3831937872178113,-0.373310059495504
-0.0064719011859812915,-0.0013158261960755872,-0.49598550229089333,0.036240048704215724,0.036256010001602175,0.03402923464193597,3.001126334064481,-0.7053334084084629,0.00803915094882128,0.013244913892388145,-0.494470836460238,0.03204653084256406,0.03152194726463986,0.02834897649121185,3.0812324216995197,-0.6437817478861468,0.017419940437242574,0.022616402236967623,-0.47457286146856265,0.008735196546506112,0.008168610016313468,0.005968437265977797,2.49977685882184,-0.4005861710377171
-0.011015266621678024,-0.005866116102378412,-0.4992975388433559,0.038770587610189255,0.03930509873402628,0.03897213446632973,2.8467372259146178,-0.6107412758692279,-0.0064719011859812915,-0.0013158261960755872,-0.49598550229089333,0.036240048704215724,0.036256010001602175,0.03402923464193597,3.001126334064481,-0.7053334084084629,0.02444259699914412,0.029614878478381193,-0.48103491916601404,0.014664379507102327,0.013739831285242301,0.01130021292479191,2.4885359374617826,-0.43461556563886145
-0.01145904907453646,-0.00626448816195734,-0.5159204311731465,0.041232111873043285,0.04178253537285297,0.04308915319712166,2.917926626164734,-0.8242045616199635,-0.011015266621678024,-0.005866116102378412,-0.4992975388433559,0.038770587610189255,0.03930509873402628,0.03897213446632973,2.8467372259146178,-0.6107412758692279,0.021474926587753365,0.026675405344418313,-0.4803207285632466,0.02090901274150859,0.019929127282797627,0.01682373377861729,2.7143577954983913,-0.43617119875749966
-0.005176922000997144,-9.934844977348145e-07,-0.5281465366452475,0.04401435168148028,0.04441656294322272,0.046443880091043055,2.9742309565772036,-0.8800637156153481,-0.01145904907453646,-0.00626448816195734,-0.5159204311731465,0.041232111873043285,0.04178253537285297,0.04308915319712166,2.917926626164734,-0.8242045616199635,0.02093487011750803,0.02616527312854875,-0.4865856520798999,0.02653142976590831,0.025728350589945263,0.02251020666477776,3.03547244530626,-0.4684839731479427
-0.001122415238287793,0.004031350627952755,-0.5289701428417131,0.04779024312304478,0.047849177963957185,0.0494232967200253,2.982846401060095,-0.840698906541621,-0.005176922000997144,-9.934844977348145e-07,-0.5281465366452475,0.04401435168148028,0.04441656294322272,0.046443880091043055,2.9742309565772036,-0.8800637156153481,0.00803915094882128,0.013244913892388145,-0.494470836460238,0.03204653084256406,0.03152194726463986,0.02834897649121185,3.0812324216995197,-0.6437817478861468
0.009389574350397048,0.014569285554000312,-0.5440107633345646,0.05204855295453875,0.051797155116217374,0.05253829081828584,3.3604529380900425,-0.8310797002831428,-0.001122415238287793,0.004031350627952755,-0.5289701428417131,0.04779024312304478,0.047849177963957185,0.0494232967200253,2.982846401060095,-0.840698906541621,-0.0064719011859812915,-0.0013158261960755872,-0.49598550229089333,0.036240048704215724,0.036256010001602175,0.03402923464193597,3.001126334064481,-0.7053334084084629
0.010314733813661844,0.015498699643123344,-0.5525737683446127,0.056812957721458016,0.05646073639005785,0.056173846804670496,3.4404703733346107,-0.869299159133635,0.009389574350397048,0.014569285554000312,-0.5440107633345646,0.05204855295453875,0.051797155116217374,0.05253829081828584,3.3604529380900425,-0.8310797002831428,-0.011015266621678024,-0.005866116102378412,-0.4992975388433559,0.038770587610189255,0.03930509873402628,0.03897213446632973,2.8467372259146178,-0.6107412758692279
0.020205728296240406,0.025358438471650608,-0.559450792703783,0.062319986875089384,0.061584554356272164,0.06042143649888161,3.492597659973975,-0.9234702147243156,0.010314733813661844,0.015498699643123344,-0.5525737683446127,0.056812957721458016,0.05646073639005785,0.056173846804670496,3.4404703733346107,-0.869299159133635,-0.01145904907453646,-0.00626448816195734,-0.5159204311731465,0.041232111873043285,0.04178253537285297,0.04308915319712166,2.917926626164734,-0.8242045616199635
0.023382066611452347,0.028529444553527763,-0.5657494529514122,0.06835134000718626,0.06747250820603876,0.06530510661640794,3.5787352385703457,-0.9491563638588102,0.020205728296240406,0.025358438471650608,-0.559450792703783,0.062319986875089384,0.061584554356272164,0.06042143649888161,3.492597659973975,-0.9234702147243156,-0.005176922000997144,-9.934844977348145e-07,-0.5281465366452475,0.04401435168148028,0.04441656294322272,0.046443880091043055,2.9742309565772036,-0.8800637156153481
0.025885044384264203,0.031077843480701868,-0.5760277999593331,0.07508995581139889,0.07399857513604113,0.07082973209220633,4.329917464272033,-1.0924214883729841,0.023382066611452347,0.028529444553527763,-0.5657494529514122,0.06835134000718626,0.06747250820603876,0.06530510661640794,3.5787352385703457,-0.9491563638588102,-0.001122415238287793,0.004031350627952755,-0.5289701428417131,0.04779024312304478,0.047849177963957185,0.0494232967200253,2.982846401060095,-0.840698906541621
0.018367327738097697,0.02359528629654388,-0.5849233540343215,0.08087199347054189,0.08025255451728862,0.07675976487401671,4.3256647079221615,-1.1554770778808137,0.025885044384264203,0.031077843480701868,-0.5760277999593331,0.07508995581139889,0.07399857513604113,0.07082973209220633,4.329917464272033,-1.0924214883729841,0.009389574350397048,0.014569285554000312,-0.5440107633345646,0.05204855295453875,0.051797155116217374,0.05253829081828584,3.3604529380900425,-0.8310797002831428
0.019861111053760844,0.025081455326498938,-0.5866821844596986,0.08670744712510944,0.08596037623965253,0.0828653925405091,4.286181289077833,-1.162245636542021,0.018367327738097697,0.02359528629654388,-0.5849233540343215,0.08087199347054189,0.08025255451728862,0.07675976487401671,4.3256647079221615,-1.1554770778808137,0.010314733813661844,0.015498699643123344,-0.5525737683446127,0.056812957721458016,0.05646073639005785,0.056173846804670496,3.4404703733346107,-0.869299159133635
0.017146171190922946,0.022374212821388816,-0.5886648421919508,0.09254057360423808,0.0918506839696376,0.0889967530376608,4.253796382979084,-1.1493146722638528,0.019861111053760844,0.025081455326498938,-0.5866821844596986,0.08670744712510944,0.08596037623965253,0.0828653925405091,4.286181289077833,-1.162245636542021,0.020205728296240406,0.025358438471650608,-0.559450792703783,0.062319986875089384,0.061584554356272164,0.06042143649888161,3.492597659973975,-0.9234702147243156
0.023993365271218408,0.029290724183656143,-0.5942349174938981,0.09851301245285475,0.09764843935555073,0.09498753551083854,2.876722299781706,-0.6647223156550703,0.017146171190922946,0.022374212821388816,-0.5886648421919508,0.09254057360423808,0.0918506839696376,0.0889967530376608,4.253796382979084,-1.1493146722638528,0.023382066611452347,0.028529444553527763,-0.5657494529514122,0.06835134000718626,0.06747250820603876,0.06530510661640794,3.5787352385703457,-0.9491563638588102
0.016267866372093813,0.021599403254717597,-0.6088239229708373,0.10456057963462399,0.10382929046747168,0.1009148760006546,3.0028186913121244,-0.6340392547767544,0.023993365271218408,0.029290724183656143,-0.5942349174938981,0.09851301245285475,0.09764843935555073,0.09498753551083854,2.876722299781706,-0.6647223156550703,0.025885044384264203,0.031077843480701868,-0.5760277999593331,0.07508995581139889,0.07399857513604113,0.07082973209220633,4.329917464272033,-1.0924214883729841
0.01928407956652784,0.024577923589989413,-0.6055359163517158,0.11112348024995056,0.11018087404401877,0.10699904785877201,2.753141744053595,-0.5268190118986047,0.016267866372093813,0.021599403254717597,-0.6088239229708373,0.10456057963462399,0.10382929046747168,0.1009148760006546,3.0028186913121244,-0.6340392547767544,0.018367327738097697,0.02359528629654388,-0.5849233540343215,0.08087199347054189,0.08025255451728862,0.07675976487401671,4.3256647079221615,-1.1554770778808137
0.026247368749919432,0.03150925881191926,-0.6074986269690327,0.11750583357591297,0.11651083764815645,0.11318846453638373,2.6309700843240487,-0.5626893840383287,0.01928407956652784,0.024577923589989413,-0.6055359163517158,0.11112348024995056,0.11018087404401877,0.10699904785877201,2.753141744053595,-0.5268190118986047,0.019861111053760844,0.025081455326498938,-0.5866821844596986,0.08670744712510944,0.08596037623965253,0.0828653925405091,4.286181289077833,-1.162245636542021
0.03319963455057806,0.03841348246631393,-0.6087929962123901,0.12467431363613776,0.12340242983155084,0.11964668909973727,2.392464354910037,-0.5362495694586943,0.026247368749919432,0.03150925881191926,-0.6074986269690327,0.11750583357591297,0.11651083764815645,0.11318846453638373,2.6309700843240487,-0.5626893840383287,0.017146171190922946,0.022374212821388816,-0.5886648421919508,0.09254057360423808,0.0918506839696376,0.0889967530376608,4.253796382979084,-1.1493146722638528
0.029477025258876292,0.034731757049348055,-0.6174927627531266,0.13207870774567199,0.13076126619107603,0.12639080540311154,2.6674048946180964,-0.54675207494358,0.03319963455057806,0.03841348246631393,-0.6087929962123901,0.12467431363613776,0.12340242983155084,0.11964668909973727,2.392464354910037,-0.5362495694586943,0.023993365271218408,0.029290724183656143,-0.5942349174938981,0.09851301245285475,0.09764843935555073,0.09498753551083854,2.876722299781706,-0.6647223156550703
0.041208983037960605,0.046462889871256116,-0.6369532998361973,0.14009590181748038,0.13846573696260991,0.13348385677361932,2.973507071912734,-0.5316592025868258,0.029477025258876292,0.034731757049348055,-0.6174927627531266,0.13207870774567199,0.13076126619107603,0.12639080540311154,2.6674048946180964,-0.54675207494358,0.016267866372093813,0.021599403254717597,-0.6088239229708373,0.10456057963462399,0.10382929046747168,0.1009148760006546,3.0028186913121244,-0.6340392547767544
0.04843773421400085,0.05369678138287324,-0.6379291329687471,0.1498266080107399,0.1475657415417424,0.14123203766796671,3.207542861377365,-0.4862796584665506,0.041208983037960605,0.046462889871256116,-0.6369532998361973,0.14009590181748038,0.13846573696260991,0.13348385677361932,2.973507071912734,-0.5316592025868258,0.01928407956652784,0.024577923589989413,-0.6055359163517158,0.11112348024995056,0.11018087404401877,0.10699904785877201,2.753141744053595,-0.5268190118986047
0.05169335327828354,0.05690681815068549,-0.6302845658668881,0.16020174164557005,0.15778865380282858,0.14981625226902207,2.774821409610638,-0.407579742423299,0.04843773421400085,0.05369678138287324,-0.6379291329687471,0.1498266080107399,0.1475657415417424,0.14123203766796671,3.207542861377365,-0.4862796584665506,0.026247368749919432,0.03150925881191926,-0.6074986269690327,0.11750583357591297,0.11651083764815645,0.11318846453638373,2.6309700843240487,-0.5626893840383287
0.058337093003859676,0.0635166556865125,-0.6190518917038546,0.17126859457150345,0.16853313978223783,0.1592231083080511,2.667742148120009,-0.41993504766473183,0.05169335327828354,0.05690681815068549,-0.6302845658668881,0.16020174164557005,0.15778865380282858,0.14981625226902207,2.774821409610638,-0.407579742423299,0.03319963455057806,0.03841348246631393,-0.6087929962123901,0.12467431363613776,0.12340242983155084,0.11964668909973727,2.392464354910037,-0.5362495694586943
0.05438810150668448,0.05948207986839777,-0.606220806767005,0.1824149239741727,0.1798579309906097,0.16952693230292248,2.1241771364414523,-0.39922484269142017,0.058337093003859676,0.0635166556865125,-0.6190518917038546,0.17126859457150345,0.16853313978223783,0.1592231083080511,2.667742148120009,-0.41993504766473183,0.029477025258876292,0.034731757049348055,-0.6174927627531266,0.13207870774567199,0.13076126619107603,0.12639080540311154,2.6674048946180964,-0.54675207494358
-0.004776052304481953,-0.0008179493469613695,-0.5547933603451259,0.18844162574277995,0.1882219451160398,0.17973664044071141,14.012573714462736,-2.8239236363473954,0.05438810150668448,0.05948207986839777,-0.606220806767005,0.1824149239741727,0.1798579309906097,0.16952693230292248,2.1241771364414523,-0.39922484269142017,0.041208983037960605,0.046462889871256116,-0.6369532998361973,0.14009590181748038,0.13846573696260991,0.13348385677361932,2.973507071912734,-0.5316592025868258
0.0358395987963918,0.039570224886727186,-0.5029496752678378,0.19501260126851913,0.19378283259049744,0.18886010257924163,13.128512468790486,-2.5674810786973694,-0.004776052304481953,-0.0008179493469613695,-0.5547933603451259,0.18844162574277995,0.1882219451160398,0.17973664044071141,14.012573714462736,-2.8239236363473954,0.04843773421400085,0.05369678138287324,-0.6379291329687471,0.1498266080107399,0.1475657415417424,0.14123203766796671,3.207542861377365,-0.4862796584665506
0.04955242969189191,0.05322901762985548,-0.47645882652062366,0.20348271775246982,0.20173080534393345,0.19734662897604066,13.132751858489534,-2.468036733168657,0.0358395987963918,0.039570224886727186,-0.5029496752678378,0.19501260126851913,0.19378283259049744,0.18886010257924163,13.128512468790486,-2.5674810786973694,0.05169335327828354,0.05690681815068549,-0.6302845658668881,0.16020174164557005,0.15778865380282858,0.14981625226902207,2.774821409610638,-0.407579742423299
0.032192525914324914,0.03574330761575092,-0.43771000281339983,0.21194916572366182,0.21065164394276192,0.2052609014640845,10.79424347405183,-2.228834267874495,0.04955242969189191,0.05322901762985548,-0.47645882652062366,0.20348271775246982,0.20173080534393345,0.19734662897604066,13.132751858489534,-2.468036733168657,0.058337093003859676,0.0635166556865125,-0.6190518917038546,0.17126859457150345,0.16853313978223783,0.1592231083080511,2.667742148120009,-0.41993504766473183
0.051197975343870036,0.05459949680317878,-0.40538109587887217,0.22046235586495033,0.21876019219909845,0.21286820168553233,10.217925167709055,-2.093265443073276,0.032192525914324914,0.03574330761575092,-0.43771000281339983,0.21194916572366182,0.21065164394276192,0.2052609014640845,10.79424347405183,-2.228834267874495,0.05438810150668448,0.05948207986839777,-0.606220806767005,0.1824149239741727,0.1798579309906097,0.16952693230292248,2.1241771364414523,-0.39922484269142017
0.033040770884886383,0.03650282242315753,-0.38995315159386,0.2291531566929631,0.22771822641399367,0.22131570042427645,10.012452349051145,-2.0412409885158036,0.051197975343870036,0.05459949680317878,-0.40538109587887217,0.22046235586495033,0.21876019219909845,0.21286820168553233,10.217925167709055,-2.093265443073276,-0.004776052304481953,-0.0008179493469613695,-0.5547933603451259,0.18844162574277995,0.1882219451160398,0.17973664044071141,14.012573714462736,-2.8239236363473954
-0.0088007568202393,-0.005660671444496536,-0.37405891613324327,0.2344698444048856,0.23461871199788803,0.22960334869064175,7.109785616066329,-1.8341054886954353,0.033040770884886383,0.03650282242315753,-0.38995315159386,0.2291531566929631,0.22771822641399367,0.22131570042427645,10.012452349051145,-2.0412409885158036,0.0358395987963918,0.039570224886727186,-0.5029496752678378,0.19501260126851913,0.19378283259049744,0.18886010257924163,13.128512468790486,-2.5674810786973694
-0.007308239314923819,-0.00472399880078787,-0.33608151580704637,0.23810624124627944,0.23862881130151925,0.23671404038505925,5.157104824170947,-1.367838514868463,-0.0088007568202393,-0.005660671444496536,-0.37405891613324327,0.2344698444048856,0.23461871199788803,0.22960334869064175,7.109785616066329,-1.8341054886954353,0.04955242969189191,0.05322901762985548,-0.47645882652062366,0.20348271775246982,0.20173080534393345,0.19734662897604066,13.132751858489534,-2.468036733168657
-0.00896676031223153,-0.006631728468006838,-0.30710369121120323,0.24140668536837237,0.24209182988531947,0.24271374859956713,4.350315178540874,-1.293411685558688,-0.007308239314923819,-0.00472399880078787,-0.33608151580704637,0.23810624124627944,0.23862881130151925,0.23671404038505925,5.157104824170947,-1.367838514868463,0.032192525914324914,0.03574330761575092,-0.43771000281339983,0.21194916572366182,0.21065164394276192,0.2052609014640845,10.79424347405183,-2.228834267874495
0.0028796671731569174,0.005057336935877257,-0.2791709635391886,0.2448492589670636,0.24529349804908462,0.24734256107543268,4.014153791633339,-1.2298880383967825,-0.00896676031223153,-0.006631728468006838,-0.30710369121120323,0.24140668536837237,0.24209182988531947,0.24271374859956713,4.350315178540874,-1.293411685558688,0.051197975343870036,0.05459949680317878,-0.40538109587887217,0.22046235586495033,0.21876019219909845,0.21286820168553233,10.217925167709055,-2.093265443073276
-0.0010817065544570306,0.0010373783663260895,-0.2549522044648289,0.24896219800571892,0.24934440801655172,0.25112655291593966,3.760831796203324,-1.1815285625292424,0.0028796671731569174,0.005057336935877257,-0.2791709635391886,0.2448492589670636,0.24529349804908462,0.24734256107543268,4.014153791633339,-1.2298880383967825,0.033040770884886383,0.03650282242315753,-0.38995315159386,0.2291531566929631,0.22771822641399367,0.22131570042427645,10.012452349051145,-2.0412409885158036
-0.008844406946410584,-0.006809600843550671,-0.23144301099411652,0.2515696397534596,0.25235747463211045,0.2545909639104691,3.4133333885272137,-1.125588181831685,-0.0010817065544570306,0.0010373783663260895,-0.2549522044648289,0.24896219800571892,0.24934440801655172,0.25112655291593966,3.760831796203324,-1.1815285625292424,-0.0088007568202393,-0.005660671444496536,-0.37405891613324327,0.2344698444048856,0.23461871199788803,0.22960334869064175,7.109785616066329,-1.8341054886954353
-0.004370090322186153,-0.002390153395285581,-0.22208526967823317,0.25407527429737065,0.2549373925791846,0.25782762739397613,3.3188560068037294,-1.1136688089370868,-0.008844406946410584,-0.006809600843550671,-0.23144301099411652,0.2515696397534596,0.25235747463211045,0.2545909639104691,3.4133333885272137,-1.125588181831685,-0.007308239314923819,-0.00472399880078787,-0.33608151580704637,0.23810624124627944,0.23862881130151925,0.23671404038505925,5.157104824170947,-1.367838514868463
0.00558996074943232,0.0074926114224182685,-0.21775070983092393,0.2578796131434501,0.25810762371067414,0.2610635800361072,3.2261202661356405,-1.117018032461246,-0.004370090322186153,-0.002390153395285581,-0.22208526967823317,0.25407527429737065,0.2549373925791846,0.25782762739397613,3.3188560068037294,-1.1136688089370868,-0.00896676031223153,-0.006631728468006838,-0.30710369121120323,0.24140668536837237,0.24209182988531947,0.24271374859956713,4.350315178540874,-1.293411685558688
0.009245891657943935,0.01110743706594576,-0.21656915450300965,0.26200943690043765,0.2621724795282877,0.26433505366701926,3.156092432151337,-1.117220934745566,0.00558996074943232,0.0074926114224182685,-0.21775070983092393,0.2578796131434501,0.25810762371067414,0.2610635800361072,3.2261202661356405,-1.117018032461246,0.0028796671731569174,0.005057336935877257,-0.2791709635391886,0.2448492589670636,0.24529349804908462,0.24734256107543268,4.014153791633339,-1.2298880383967825
-0.006060945160373525,-0.004170246031770887,-0.21636572871882215,0.266208950450287,0.26660912125642944,0.26787539706143254,3.0537497698172738,-1.074812099055729,0.009245891657943935,0.01110743706594576,-0.21656915450300965,0.26200943690043765,0.2621724795282877,0.26433505366701926,3.156092432151337,-1.117220934745566,-0.0010817065544570306,0.0010373783663260895,-0.2549522044648289,0.24896219800571892,0.24934440801655172,0.25112655291593966,3.760831796203324,-1.1815285625292424
0.001334173892566383,0.0031298436775943628,-0.19808765447146565,0.2699137495202111,0.27032796745346754,0.27168377949429334,2.896887071069515,-1.0580704668906464,-0.006060945160373525,-0.004170246031770887,-0.21636572871882215,0.266208950450287,0.26660912125642944,0.26787539706143254,3.0537497698172738,-1.074812099055729,-0.008844406946410584,-0.006809600843550671,-0.23144301099411652,0.2515696397534596,0.25235747463211045,0.2545909639104691,3.4133333885272137,-1.125588181831685
0.009429368320739404,0.011206386217516354,-0.2026611127383512,0.2742118887054143,0.2742955045215332,0.27574556440180575,2.9477010379660973,-1.0869402768329834,0.001334173892566383,0.0031298436775943628,-0.19808765447146565,0.2699137495202111,0.27032796745346754,0.27168377949429334,2.896887071069515,-1.0580704668906464,-0.004370090322186153,-0.002390153395285581,-0.22208526967823317,0.25407527429737065,0.2549373925791846,0.25782762739397613,3.3188560068037294,-1.1136688089370868
-0.0044203720389549145,-0.0026098276929060332,-0.19339971762711214,0.27787477471833183,0.278450378379742,0.27984454472604514,2.8679817068770666,-1.0386827874878983,0.009429368320739404,0.011206386217516354,-0.2026611127383512,0.2742118887054143,0.2742955045215332,0.27574556440180575,2.9477010379660973,-1.0869402768329834,0.00558996074943232,0.0074926114224182685,-0.21775070983092393,0.2578796131434501,0.25810762371067414,0.2610635800361072,3.2261202661356405,-1.117018032461246
-0.017664023828750708,-0.015857671810848607,-0.1904086571611724,0.2799145126229745,0.2812443276805098,0.28355322523868765,2.727895820071039,-1.0056376606359443,-0.0044203720389549145,-0.0026098276929060332,-0.19339971762711214,0.27787477471833183,0.278450378379742,0.27984454472604514,2.8679817068770666,-1.0386827874878983,0.009245891657943935,0.01110743706594576,-0.21656915450300965,0.26200943690043765,0.2621724795282877,0.26433505366701926,3.156092432151337,-1.117220934745566
-0.02195418182383871,-0.020182590490688344,-0.17300250247620866,0.2808669263488376,0.2823719416268535,0.2866172107680012,2.5945498423186404,-0.9789395548391275,-0.017664023828750708,-0.015857671810848607,-0.1904086571611724,0.2799145126229745,0.2812443276805098,0.28355322523868765,2.727895820071039,-1.0056376606359443,-0.006060945160373525,-0.004170246031770887,-0.21636572871882215,0.266208950450287,0.26660912125642944,0.26787539706143254,3.0537497698172738,-1.074812099055729
-0.020841240299300158,-0.01909912169890062,-0.1693252424444937,0.2826952811427033,0.2839635042571803,0.289140313552212,2.5368592098445966,-0.970257893545848,-0.02195418182383871,-0.020182590490688344,-0.17300250247620866,0.2808669263488376,0.2823719416268535,0.2866172107680012,2.5945498423186404,-0.9789395548391275,0.001334173892566383,0.0031298436775943628,-0.19808765447146565,0.2699137495202111,0.27032796745346754,0.27168377949429334,2.896887071069515,-1.0580704668906464
-0.021294725356995305,-0.019551086778034407,-0.1717149784128859,0.28405455623513093,0.285503055918826,0.2910062023996675,2.5369641600691377,-0.9681948099396356,-0.020841240299300158,-0.01909912169890062,-0.1693252424444937,0.2826952811427033,0.2839635042571803,0.289140313552212,2.5368592098445966,-0.970257893545848,0.009429368320739404,0.011206386217516354,-0.2026611127383512,0.2742118887054143,0.2742955045215332,0.27574556440180575,2.9477010379660973,-1.0869402768329834
-0.025110908789467926,-0.023338718990322325,-0.18081406746279544,0.28441852617504026,0.2862279639561802,0.2922983636008608,2.566747618553638,-0.965416397663636,-0.021294725356995305,-0.019551086778034407,-0.1717149784128859,0.28405455623513093,0.285503055918826,0.2910062023996675,2.5369641600691377,-0.9681948099396356,-0.0044203720389549145,-0.0026098276929060332,-0.19339971762711214,0.27787477471833183,0.278450378379742,0.27984454472604514,2.8679817068770666,-1.0386827874878983
-0.03727624238872507,-0.035451113393847926,-0.1835304998975339,0.2834774914109831,0.2859255694889904,0.29319565198741826,2.565580724000961,-0.9436127853547502,-0.025110908789467926,-0.023338718990322325,-0.18081406746279544,0.28441852617504026,0.2862279639561802,0.2922983636008608,2.566747618553638,-0.965416397663636,-0.017664023828750708,-0.015857671810848607,-0.1904086571611724,0.2799145126229745,0.2812443276805098,0.28355322523868765,2.727895820071039,-1.0056376606359443
0.02016754762799527,0.02258461763212665,-0.20989191537799334,0.2856484025458541,0.28611471111013376,0.2937989197032172,2.0569524375065864,-0.6940320039964915,-0.03727624238872507,-0.035451113393847926,-0.1835304998975339,0.2834774914109831,0.2859255694889904,0.29319565198741826,2.565580724000961,-0.9436127853547502,-0.02195418182383871,-0.020182590490688344,-0.17300250247620866,0.2808669263488376,0.2823719416268535,0.2866172107680012,2.5945498423186404,-0.9789395548391275
0.00884367128388962,0.011935936186079679,-0.2728773048118033,0.2913613688015011,0.29092141440512775,0.29516259137476564,0.9500442186721654,-0.2969178066048697,0.02016754762799527,0.02258461763212665,-0.20989191537799334,0.2856484025458541,0.28611471111013376,0.2937989197032172,2.0569524375065864,-0.6940320039964915,-0.020841240299300158,-0.01909912169890062,-0.1693252424444937,0.2826952811427033,0.2839635042571803,0.289140313552212,2.5368592098445966,-0.970257893545848
0.004143285488749412,0.007336359787802356,-0.31088604282740273,0.29583620005154476,0.29609761136756463,0.29754516661234043,1.1186490874581452,-0.3315494989544977,0.00884367128388962,0.011935936186079679,-0.2728773048118033,0.2913613688015011,0.29092141440512775,0.29516259137476564,0.9500442186721654,-0.2969178066048697,-0.021294725356995305,-0.019551086778034407,-0.1717149784128859,0.28405455623513093,0.285503055918826,0.2910062023996675,2.5369641600691377,-0.9681948099396356
0.009048786223837917,0.012376951859192409,-0.34955951850271805,0.30050742220448323,0.30062330349315614,0.30102207268394177,1.411886538247506,-0.4118350048254822,0.004143285488749412,0.007336359787802356,-0.31088604282740273,0.29583620005154476,0.29609761136756463,0.29754516661234043,1.1186490874581452,-0.3315494989544977,-0.025110908789467926,-0.023338718990322325,-0.18081406746279544,0.28441852617504026,0.2862279639561802,0.2922983636008608,2.566747618553638,-0.965416397663636
0.004702269786193036,0.008173269492115763,-0.39380314383041914,0.3062230786032403,0.30605985720126605,0.3059058180872705,1.7281979664419689,-0.3807133902598016,0.009048786223837917,0.012376951859192409,-0.34955951850271805,0.30050742220448323,0.30062330349315614,0.30102207268394177,1.411886538247506,-0.4118350048254822,-0.03727624238872507,-0.035451113393847926,-0.1835304998975339,0.2834774914109831,0.2859255694889904,0.29319565198741826,2.565580724000961,-0.9436127853547502
0.0016935028293269955,0.005271356321626272,-0.41842969767315885,0.3100721998927309,0.31055663702335823,0.31088532208388986,1.9266027367578191,-0.4656184679434117,0.004702269786193036,0.008173269492115763,-0.39380314383041914,0.3062230786032403,0.30605985720126605,0.3059058180872705,1.7281979664419689,-0.3807133902598016,0.02016754762799527,0.02258461763212665,-0.20989191537799334,0.2856484025458541,0.28611471111013376,0.2937989197032172,2.0569524375065864,-0.6940320039964915
0.018938998293771374,0.02251666925060232,-0.4401981309718492,0.31532226436581995,0.3149908769977802,0.31562759456600686,2.0725940502716025,-0.49694972278646976,0.0016935028293269955,0.005271356321626272,-0.41842969767315885,0.3100721998927309,0.31055663702335823,0.31088532208388986,1.9266027367578191,-0.4656184679434117,0.00884367128388962,0.011935936186079679,-0.2728773048118033,0.2913613688015011,0.29092141440512775,0.29516259137476564,0.9500442186721654,-0.2969178066048697
0.03985626013121138,0.04405955866486928,-0.46056049628256546,0.32370122219132247,0.3221676935179034,0.3210145940099934,1.3771252401954586,-0.5304685087300768,0.018938998293771374,0.02251666925060232,-0.4401981309718492,0.31532226436581995,0.3149908769977802,0.31562759456600686,2.0725940502716025,-0.49694972278646976,0.004143285488749412,0.007336359787802356,-0.31088604282740273,0.29583620005154476,0.29609761136756463,0.29754516661234043,1.1186490874581452,-0.3315494989544977
0.028926888464557887,0.03344883183137392,-0.4918878871919541,0.33289212376025706,0.33131225815365395,0.3273402944811114,1.045006314705681,-0.36908351794874467,0.03985626013121138,0.04405955866486928,-0.46056049628256546,0.32370122219132247,0.3221676935179034,0.3210145940099934,1.3771252401954586,-0.5304685087300768,0.009048786223837917,0.012376951859192409,-0.34955951850271805,0.30050742220448323,0.30062330349315614,0.30102207268394177,1.411886538247506,-0.4118350048254822
-0.010003012993760337,-0.005623523606983975,-0.5028105441591588,0.3389176664222272,0.33904127606299406,0.33435095134866244,4.949172671005393,-1.2780889336876042,0.028926888464557887,0.03344883183137392,-0.4918878871919541,0.33289212376025706,0.33131225815365395,0.3273402944811114,1.045006314705681,-0.36908351794874467,0.004702269786193036,0.008173269492115763,-0.39380314383041914,0.3062230786032403,0.30605985720126605,0.3059058180872705,1.7281979664419689,-0.3807133902598016
-0.01634314981363645,-0.012157191457051944,-0.48900846028525197,0.3419319053076852,0.34284192610542774,0.3412770269833507,4.233867430821304,-0.8667315359648395,-0.010003012993760337,-0.005623523606983975,-0.5028105441591588,0.3389176664222272,0.33904127606299406,0.33435095134866244,4.949172671005393,-1.2780889336876042,0.0016935028293269955,0.005271356321626272,-0.41842969767315885,0.3100721998927309,0.31055663702335823,0.31088532208388986,1.9266027367578191,-0.4656184679434117
-0.01418665419859489,-0.010351768051124586,-0.47575723584957585,0.3438805443016445,0.3452248236498774,0.34720451037278977,4.882893755310255,-1.089793411830362,-0.01634314981363645,-0.012157191457051944,-0.48900846028525197,0.3419319053076852,0.34284192610542774,0.3412770269833507,4.233867430821304,-0.8667315359648395,0.018938998293771374,0.02251666925060232,-0.4401981309718492,0.31532226436581995,0.3149908769977802,0.31562759456600686,2.0725940502716025,-0.49694972278646976
-0.004828351269675361,-0.001202078879686705,-0.4409124123193381,0.34485523050053063,0.3461100106736332,0.351191740610602,4.143015991663508,-1.008139514227103,-0.01418665419859489,-0.010351768051124586,-0.47575723584957585,0.3438805443016445,0.3452248236498774,0.34720451037278977,4.882893755310255,-1.089793411830362,0.03985626013121138,0.04405955866486928,-0.46056049628256546,0.32370122219132247,0.3221676935179034,0.3210145940099934,1.3771252401954586,-0.5304685087300768
-0.0043045155973844805,-0.0007719906608938364,-0.4193900493731545,0.34792686010146645,0.34860742522377375,0.3537733558789361,3.963113661599385,-0.8504461669935647,-0.004828351269675361,-0.001202078879686705,-0.4409124123193381,0.34485523050053063,0.3461100106736332,0.351191740610602,4.143015991663508,-1.008139514227103,0.028926888464557887,0.03344883183137392,-0.4918878871919541,0.33289212376025706,0.33131225815365395,0.3273402944811114,1.045006314705681,-0.36908351794874467
-0.027908493605441387,-0.024482559264783113,-0.39039175276360766,0.3482104991716033,0.3502624854710067,0.3556962651893131,3.3478625062991867,-0.7987477898794255,-0.0043045155973844805,-0.0007719906608938364,-0.4193900493731545,0.34792686010146645,0.34860742522377375,0.3537733558789361,3.963113661599385,-0.8504461669935647,-0.010003012993760337,-0.005623523606983975,-0.5028105441591588,0.3389176664222272,0.33904127606299406,0.33435095134866244,4.949172671005393,-1.2780889336876042
-0.05381089847939721,-0.05051648176512015,-0.36488243959609534,0.3465435425084836,0.34959158951468916,0.3568362302615071,2.7348636466019833,-0.7627781489819823,-0.027908493605441387,-0.024482559264783113,-0.39039175276360766,0.3482104991716033,0.3502624854710067,0.3556962651893131,3.3478625062991867,-0.7987477898794255,-0.01634314981363645,-0.012157191457051944,-0.48900846028525197,0.3419319053076852,0.34284192610542774,0.3412770269833507,4.233867430821304,-0.8667315359648395
-0.0164152970582805,-0.013362360546241986,-0.34710624468453194,0.3467218851053267,0.348347826674678,0.3574192744182644,2.7114357672404914,-0.6533070060617651,-0.05381089847939721,-0.05051648176512015,-0.36488243959609534,0.3465435425084836,0.34959158951468916,0.3568362302615071,2.7348636466019833,-0.7627781489819823,-0.01418665419859489,-0.010351768051124586,-0.47575723584957585,0.3438805443016445,0.3452248236498774,0.34720451037278977,4.882893755310255,-1.089793411830362
-0.06059708086148291,-0.05794010705532095,-0.3168178009239187,0.3447895811502635,0.3481657556704715,0.35746088065090165,2.578030876607304,-0.8292842544325113,-0.0164152970582805,-0.013362360546241986,-0.34710624468453194,0.3467218851053267,0.348347826674678,0.3574192744182644,2.7114357672404914,-0.6533070060617651,-0.004828351269675361,-0.001202078879686705,-0.4409124123193381,0.34485523050053063,0.3461100106736332,0.351191740610602,4.143015991663508,-1.008139514227103
-0.08603850340774928,-0.08358214250084153,-0.2857022458226827,0.33976215776053365,0.3440812887722481,0.35599327061948294,2.056128358256097,-0.7883588510318654,-0.06059708086148291,-0.05794010705532095,-0.3168178009239187,0.3447895811502635,0.3481657556704715,0.35746088065090165,2.578030876607304,-0.8292842544325113,-0.0043045155973844805,-0.0007719906608938364,-0.4193900493731545,0.34792686010146645,0.34860742522377375,0.3537733558789361,3.963113661599385,-0.8504461669935647
-0.12931170409428816,-0.1272751557527131,-0.24971434677242782,0.33031068423975707,0.33660901435606816,0.3528021854475474,1.378513915518747,-0.7536492637608709,-0.08603850340774928,-0.08358214250084153,-0.2857022458226827,0.33976215776053365,0.3440812887722481,0.35599327061948294,2.056128358256097,-0.7883588510318654,-0.027908493605441387,-0.024482559264783113,-0.39039175276360766,0.3482104991716033,0.3502624854710067,0.3556962651893131,3.3478625062991867,-0.7987477898794255
-0.07842958216946205,-0.07722218013142804,-0.20674487866199484,0.32326377594395733,0.32783824661711114,0.3478959520316425,3.6053223756364856,0.03581815941291863,-0.12931170409428816,-0.1272751557527131,-0.24971434677242782,0.33031068423975707,0.33660901435606816,0.3528021854475474,1.378513915518747,-0.7536492637608709,-0.05381089847939721,-0.05051648176512015,-0.36488243959609534,0.3465435425084836,0.34959158951468916,0.3568362302615071,2.7348636466019833,-0.7627781489819823
-0.0691254934424749,-0.06850460361954346,-0.1593824169974304,0.31735459802870997,0.32143141313030865,0.3413967375037198,3.086742842480816,0.1426599973804564,-0.07842958216946205,-0.07722218013142804,-0.20674487866199484,0.32326377594395733,0.32783824661711114,0.3478959520316425,3.6053223756364856,0.03581815941291863,-0.0164152970582805,-0.013362360546241986,-0.34710624468453194,0.3467218851053267,0.348347826674678,0.3574192744182644,2.7114357672404914,-0.6533070060617651
-0.07104557249313456,-0.07040423080439169,-0.1267805290061717,0.31154404873620484,0.31582905074718426,0.33438521061909615,3.1251413225961775,0.14970905689612843,-0.0691254934424749,-0.06850460361954346,-0.1593824169974304,0.31735459802870997,0.32143141313030865,0.3413967375037198,3.086742842480816,0.1426599973804564,-0.06059708086148291,-0.05794010705532095,-0.3168178009239187,0.3447895811502635,0.3481657556704715,0.35746088065090165,2.578030876607304,-0.8292842544325113
-0.064590858800617,-0.06409314813885905,-0.09357734787145104,0.3065924885771346,0.31056874333421614,0.32769138179008345,2.871290838480544,0.12683740512105743,-0.07104557249313456,-0.07040423080439169,-0.1267805290061717,0.31154404873620484,0.31582905074718426,0.33438521061909615,3.1251413225961775,0.14970905689612843,-0.08603850340774928,-0.08358214250084153,-0.2857022458226827,0.33976215776053365,0.3440812887722481,0.35599327061948294,2.056128358256097,-0.7883588510318654
-0.05347490244834189,-0.05309482279957492,-0.06995275679676177,0.30172273207023914,0.30554068104773136,0.3220098574038639,2.698117864374188,0.10985686782935512,-0.064590858800617,-0.06409314813885905,-0.09357734787145104,0.3065924885771346,0.31056874333421614,0.32769138179008345,2.871290838480544,0.12683740512105743,-0.12931170409428816,-0.1272751557527131,-0.24971434677242782,0.33031068423975707,0.33660901435606816,0.3528021854475474,1.378513915518747,-0.7536492637608709
-0.05790620600473413,-0.05753482782880573,-0.05640335863709764,0.29870610626157745,0.30196783825820805,0.31706206744395127,2.669067086916657,0.12050144715616372,-0.05347490244834189,-0.05309482279957492,-0.06995275679676177,0.30172273207023914,0.30554068104773136,0.3220098574038639,2.698117864374188,0.10985686782935512,-0.07842958216946205,-0.07722218013142804,-0.20674487866199484,0.32326377594395733,0.32783824661711114,0.3478959520316425,3.6053223756364856,0.03581815941291863
-0.046856663655879954,-0.04654505061120126,-0.03722672076481419,0.2950826806599215,0.2982892785101661,0.31258002055290635,2.6011483269832514,0.09747831827300073,-0.05790620600473413,-0.05753482782880573,-0.05640335863709764,0.29870610626157745,0.30196783825820805,0.31706206744395127,2.669067086916657,0.12050144715616372,-0.0691254934424749,-0.06850460361954346,-0.1593824169974304,0.31735459802870997,0.32143141313030865,0.3413967375037198,3.086742842480816,0.1426599973804564
-0.03974007921642651,-0.039440601275476966,-0.024715570864846624,0.29347072629538185,0.2960967735812914,0.30887435713672007,2.6064496511067627,0.0815089206775294,-0.046856663655879954,-0.04654505061120126,-0.03722672076481419,0.2950826806599215,0.2982892785101661,0.31258002055290635,2.6011483269832514,0.09747831827300073,-0.07104557249313456,-0.07040423080439169,-0.1267805290061717,0.31154404873620484,0.31582905074718426,0.33438521061909615,3.1251413225961775,0.14970905689612843
-0.042736951287705605,-0.04243277704700303,-0.00649565609847794,0.29137262079930687,0.2941848351966757,0.30591934995739256,2.6045005057257242,0.09084502665594077,-0.03974007921642651,-0.039440601275476966,-0.024715570864846624,0.29347072629538185,0.2960967735812914,0.30887435713672007,2.6064496511067627,0.0815089206775294,-0.064590858800617,-0.06409314813885905,-0.09357734787145104,0.3065924885771346,0.31056874333421614,0.32769138179008345,2.871290838480544,0.12683740512105743
-0.06285400001293955,-0.06251088042134914,0.014457178816274813,0.28730379204170864,0.29105823058852826,0.30316023120173463,2.6122968512009326,0.1455213432569067,-0.042736951287705605,-0.04243277704700303,-0.00649565609847794,0.29137262079930687,0.2941848351966757,0.30591934995739256,2.6045005057257242,0.09084502665594077,-0.05347490244834189,-0.05309482279957492,-0.06995275679676177,0.30172273207023914,0.30554068104773136,0.3220098574038639,2.698117864374188,0.10985686782935512
-0.038878633790713775,-0.03867407707019431,0.0395406745985043,0.284884177848473,0.2876005412230541,0.30042491272603905,2.450537127580372,0.08789731075220104,-0.06285400001293955,-0.06251088042134914,0.014457178816274813,0.28730379204170864,0.29105823058852826,0.30316023120173463,2.6122968512009326,0.1455213432569067,-0.05790620600473413,-0.05753482782880573,-0.05640335863709764,0.29870610626157745,0.30196783825820805,0.31706206744395127,2.669067086916657,0.12050144715616372
-0.04635691544568221,-0.04627443448604008,0.061860280293281195,0.2828686079146915,0.2856790700274863,0.29785109842914737,2.2605519317863454,0.08345168727263799,-0.038878633790713775,-0.03867407707019431,0.0395406745985043,0.284884177848473,0.2876005412230541,0.30042491272603905,2.450537127580372,0.08789731075220104,-0.046856663655879954,-0.04654505061120126,-0.03722672076481419,0.2950826806599215,0.2982892785101661,0.31258002055290635,2.6011483269832514,0.09747831827300073
-0.04542371699205814,-0.04535226475549471,0.07568070368834436,0.27968703645174886,0.28286494773088683,0.2950377537478521,2.244757317418217,0.08065284644759783,-0.04635691544568221,-0.04627443448604008,0.061860280293281195,0.2828686079146915,0.2856790700274863,0.29785109842914737,2.2605519317863454,0.08345168727263799,-0.03974007921642651,-0.039440601275476966,-0.024715570864846624,0.29347072629538185,0.2960967735812914,0.30887435713672007,2.6064496511067627,0.0815089206775294
-0.03337349398162154,-0.0333709417213859,0.08355126067523908,0.27849925238123596,0.2808520587932286,0.2923966940288619,2.1745280802623537,0.0512584568126614,-0.04542371699205814,-0.04535226475549471,0.07568070368834436,0.27968703645174886,0.28286494773088683,0.2950377537478521,2.244757317418217,0.08065284644759783,-0.042736951287705605,-0.04243277704700303,-0.00649565609847794,0.29137262079930687,0.2941848351966757,0.30591934995739256,2.6045005057257242,0.09084502665594077
-0.021174241832079624,-0.02119748868318136,0.08468983972813837,0.2781160093060966,0.2800059787350801,0.2904606309981932,2.1757605478621658,0.018513232791998638,-0.03337349398162154,-0.0333709417213859,0.08355126067523908,0.27849925238123596,0.2808520587932286,0.2923966940288619,2.1745280802623537,0.0512584568126614,-0.06285400001293955,-0.06251088042134914,0.014457178816274813,0.28730379204170864,0.29105823058852826,0.30316023120173463,2.6122968512009326,0.1455213432569067
0.009029051861280533,0.009505542649603738,0.0628674617994549,0.28187122055256997,0.28195094474905313,0.2894704931334504,2.6573688601662564,0.13812559942293984,-0.021174241832079624,-0.02119748868318136,0.08468983972813837,0.2781160093060966,0.2800059787350801,0.2904606309981932,2.1757605478621658,0.018513232791998638,-0.038878633790713775,-0.03867407707019431,0.0395406745985043,0.284884177848473,0.2876005412230541,0.30042491272603905,2.450537127580372,0.08789731075220104
0.015390615421632024,0.016039015390818465,0.03896960151660677,0.2865114858948719,0.28636595663087583,0.2901567313961455,2.9538754817547295,0.09791309615966218,0.009029051861280533,0.009505542649603738,0.0628674617994549,0.28187122055256997,0.28195094474905313,0.2894704931334504,2.6573688601662564,0.13812559942293984,-0.04635691544568221,-0.04627443448604008,0.061860280293281195,0.2828686079146915,0.2856790700274863,0.29785109842914737,2.2605519317863454,0.08345168727263799
0.04002465503092814,0.041107107275037955,0.00516420008498001,0.2942380623576149,0.2928551950747248,0.2929760754954823,3.5517399083060113,0.22392343859062158,0.015390615421632024,0.016039015390818465,0.03896960151660677,0.2865114858948719,0.28636595663087583,0.2901567313961455,2.9538754817547295,0.09791309615966218,-0.04542371699205814,-0.04535226475549471,0.07568070368834436,0.27968703645174886,0.28286494773088683,0.2950377537478521,2.244757317418217,0.08065284644759783
-0.010307492542165168,-0.009225172122816733,-0.028632494767651773,0.2987125859066699,0.2991991547961853,0.2975570179599515,3.4509104016883168,0.2297351883416203,0.04002465503092814,0.041107107275037955,0.00516420008498001,0.2942380623576149,0.2928551950747248,0.2929760754954823,3.5517399083060113,0.22392343859062158,-0.03337349398162154,-0.0333709417213859,0.08355126067523908,0.27849925238123596,0.2808520587932286,0.2923966940288619,2.1745280802623537,0.0512584568126614
-0.001195208257366718,9.57444931030324e-05,-0.04626363142439492,0.30102556079559795,0.3019201951481044,0.30252258963768086,3.8817549568966383,0.21684869475973895,-0.010307492542165168,-0.009225172122816733,-0.028632494767651773,0.2987125859066699,0.2991991547961853,0.2975570179599515,3.4509104016883168,0.2297351883416203,-0.021174241832079624,-0.02119748868318136,0.08468983972813837,0.2781160093060966,0.2800059787350801,0.2904606309981932,2.1757605478621658,0.018513232791998638
-0.0014468086410807934,-0.00010339774487165554,-0.06967803609587646,0.30463748495253,0.3053084697319082,0.30728460471011343,3.9933276020337427,0.23620941721740826,-0.001195208257366718,9.57444931030324e-05,-0.04626363142439492,0.30102556079559795,0.3019201951481044,0.30252258963768086,3.8817549568966383,0.21684869475973895,0.009029051861280533,0.009505542649603738,0.0628674617994549,0.28187122055256997,0.28195094474905313,0.2894704931334504,2.6573688601662564,0.13812559942293984
0.0008318165920581239,0.002152931260000518,-0.07993780633335917,0.3082573645243451,0.30890886491828384,0.3115025045518915,3.972047463572781,0.2880341674808646,-0.0014468086410807934,-0.00010339774487165554,-0.06967803609587646,0.30463748495253,0.3053084697319082,0.30728460471011343,3.9933276020337427,0.23620941721740826,0.015390615421632024,0.016039015390818465,0.03896960151660677,0.2865114858948719,0.28636595663087583,0.2901567313961455,2.9538754817547295,0.09791309615966218
0.014765131359558717,0.01655308010655064,-0.09476794057022458,0.311825725092268,0.31212937100561244,0.3148158124238709,4.635056393151554,0.46945001529172437,0.0008318165920581239,0.002152931260000518,-0.07993780633335917,0.3082573645243451,0.30890886491828384,0.3115025045518915,3.972047463572781,0.2880341674808646,0.04002465503092814,0.041107107275037955,0.00516420008498001,0.2942380623576149,0.2928551950747248,0.2929760754954823,3.5517399083060113,0.22392343859062158
0.03357433612103053,0.035471209857439095,-0.13402876740695402,0.31923654208651814,0.3180582450298492,0.3187940672317235,4.942212492092264,0.5427656576596231,0.014765131359558717,0.01655308010655064,-0.09476794057022458,0.311825725092268,0.31212937100561244,0.3148158124238709,4.635056393151554,0.46945001529172437,-0.010307492542165168,-0.009225172122816733,-0.028632494767651773,0.2987125859066699,0.2991991547961853,0.2975570179599515,3.4509104016883168,0.2297351883416203
0.06932589129107475,0.07141729525777997,-0.15922850767862132,0.33052016289053104,0.32761927920622125,0.32431387814460844,5.756949942200871,0.6687105680901437,0.03357433612103053,0.035471209857439095,-0.13402876740695402,0.31923654208651814,0.3180582450298492,0.3187940672317235,4.942212492092264,0.5427656576596231,-0.001195208257366718,9.57444931030324e-05,-0.04626363142439492,0.30102556079559795,0.3019201951481044,0.30252258963768086,3.8817549568966383,0.21684869475973895
0.08500101937109737,0.08827149943613163,-0.20401715446619484,0.3459754577733851,0.34173399893966794,0.33235366138634004,3.1539687998881263,-0.07847681723311839,0.06932589129107475,0.07141729525777997,-0.15922850767862132,0.33052016289053104,0.32761927920622125,0.32431387814460844,5.756949942200871,0.6687105680901437,-0.0014468086410807934,-0.00010339774487165554,-0.06967803609587646,0.30463748495253,0.3053084697319082,0.30728460471011343,3.9933276020337427,0.23620941721740826
0.07768774502357674,0.08153660777303327,-0.259055758368742,0.3609798437437706,0.35708200050763816,0.34329713277414314,1.4312794246651368,-0.5072295223500531,0.08500101937109737,0.08827149943613163,-0.20401715446619484,0.3459754577733851,0.34173399893966794,0.33235366138634004,3.1539687998881263,-0.07847681723311839,0.0008318165920581239,0.002152931260000518,-0.07993780633335917,0.3082573645243451,0.30890886491828384,0.3115025045518915,3.972047463572781,0.2880341674808646
0.059579392009627426,0.06350066311297455,-0.306578870241448,0.37391659557812873,0.3709978372600493,0.3563389993718437,1.407796865510302,-0.4486310925111674,0.07768774502357674,0.08153660777303327,-0.259055758368742,0.3609798437437706,0.35708200050763816,0.34329713277414314,1.4312794246651368,-0.5072295223500531,0.014765131359558717,0.01655308010655064,-0.09476794057022458,0.311825725092268,0.31212937100561244,0.3148158124238709,4.635056393151554,0.46945001529172437
0.04879627853409636,0.05282194139350339,-0.33696738878515786,0.38533371529411475,0.3830025572568112,0.3701523598824902,1.5914358682493193,-0.4868528191236714,0.059579392009627426,0.06350066311297455,-0.306578870241448,0.37391659557812873,0.3709978372600493,0.3563389993718437,1.407796865510302,-0.4486310925111674,0.03357433612103053,0.035471209857439095,-0.13402876740695402,0.31923654208651814,0.3180582450298492,0.3187940672317235,4.942212492092264,0.5427656576596231
0.0468463884342504,0.050918938595220814,-0.3607263891208137,0.39647808497009857,0.39425306644447455,0.3834796079258727,1.6368320206911786,-0.4393228585130642,0.04879627853409636,0.05282194139350339,-0.33696738878515786,0.38533371529411475,0.3830025572568112,0.3701523598824902,1.5914358682493193,-0.4868528191236714,0.06932589129107475,0.07141729525777997,-0.15922850767862132,0.33052016289053104,0.32761927920622125,0.32431387814460844,5.756949942200871,0.6687105680901437
0.006377787710573457,0.010268377435548752,-0.3595477651209055,0.402838228558191,0.40287995246965375,0.39517460298637985,2.7539988519588032,-0.8310229881555361,0.0468463884342504,0.050918938595220814,-0.3607263891208137,0.39647808497009857,0.39425306644447455,0.3834796079258727,1.6368320206911786,-0.4393228585130642,0.08500101937109737,0.08827149943613163,-0.20401715446619484,0.3459754577733851,0.34173399893966794,0.33235366138634004,3.1539687998881263,-0.07847681723311839
0.0006636427019978304,0.0040738290589520075,-0.3427322012854135,0.40842607701957206,0.4084466730310389,0.40476961409145673,2.625108898733214,-0.8696257964251171,0.006377787710573457,0.010268377435548752,-0.3595477651209055,0.402838228558191,0.40287995246965375,0.39517460298637985,2.7539988519588032,-0.8310229881555361,0.07768774502357674,0.08153660777303327,-0.259055758368742,0.3609798437437706,0.35708200050763816,0.34329713277414314,1.4312794246651368,-0.5072295223500531
0.0030464144953142123,0.0063908065161487546,-0.3298020109624748,0.41262326339398236,0.4129862269289401,0.412502771166181,2.443844635466088,-0.8337688990173129,0.0006636427019978304,0.0040738290589520075,-0.3427322012854135,0.40842607701957206,0.4084466730310389,0.40476961409145673,2.625108898733214,-0.8696257964251171,0.059579392009627426,0.06350066311297455,-0.306578870241448,0.37391659557812873,0.3709978372600493,0.3563389993718437,1.407796865510302,-0.4486310925111674
-0.008085105227524387,-0.00497333477343076,-0.31855791527496424,0.4154576898875832,0.41656773422378524,0.418385081425067,2.233837091224915,-0.9009985201371634,0.0030464144953142123,0.0063908065161487546,-0.3298020109624748,0.41262326339398236,0.4129862269289401,0.412502771166181,2.443844635466088,-0.8337688990173129,0.04879627853409636,0.05282194139350339,-0.33696738878515786,0.38533371529411475,0.3830025572568112,0.3701523598824902,1.5914358682493193,-0.4868528191236714
0.012439165827838022,0.015369353750534165,-0.3138307874552376,0.4197897852212159,0.4200628777222333,0.42280799741289743,1.9906992711082507,-0.8759093716063423,-0.008085105227524387,-0.00497333477343076,-0.31855791527496424,0.4154576898875832,0.41656773422378524,0.418385081425067,2.233837091224915,-0.9009985201371634,0.0468463884342504,0.050918938595220814,-0.3607263891208137,0.39647808497009857,0.39425306644447455,0.3834796079258727,1.6368320206911786,-0.4393228585130642
0.019164395602229985,0.022167841442288463,-0.30839095318545395,0.42657336719321637,0.4259995102457791,0.4272824849640752,2.2736173927799976,-0.9648774512695002,0.012439165827838022,0.015369353750534165,-0.3138307874552376,0.4197897852212159,0.4200628777222333,0.42280799741289743,1.9906992711082507,-0.8759093716063423,0.006377787710573457,0.010268377435548752,-0.3595477651209055,0.402838228558191,0.40287995246965375,0.39517460298637985,2.7539988519588032,-0.8310229881555361
0.009113624877406488,0.012162260768050819,-0.3129583236604727,0.43218483095863425,0.43217506535161554,0.4320822591646429,2.2769079906865546,-0.9354616426121994,0.019164395602229985,0.022167841442288463,-0.30839095318545395,0.42657336719321637,0.4259995102457791,0.4272824849640752,2.2736173927799976,-0.9648774512695002,0.0006636427019978304,0.0040738290589520075,-0.3427322012854135,0.40842607701957206,0.4084466730310389,0.40476961409145673,2.625108898733214,-0.8696257964251171
0.005911473798527543,0.00909729980278022,-0.3156613017808726,0.4371790973262888,0.4373111754377148,0.43718915355048293,2.497827579087981,-0.9123269942623297,0.009113624877406488,0.012162260768050819,-0.3129583236604727,0.43218483095863425,0.43217506535161554,0.4320822591646429,2.2769079906865546,-0.9354616426121994,0.0030464144953142123,0.0063908065161487546,-0.3298020109624748,0.41262326339398236,0.4129862269289401,0.412502771166181,2.443844635466088,-0.8337688990173129
-0.019751877430298666,-0.01663101686108323,-0.31769956421000156,0.4401609723412492,0.44159320370912775,0.44255650390195045,2.0889064809069504,-0.8648710447767188,0.005911473798527543,0.00909729980278022,-0.3156613017808726,0.4371790973262888,0.4373111754377148,0.43718915355048293,2.497827579087981,-0.9123269942623297,-0.008085105227524387,-0.00497333477343076,-0.31855791527496424,0.4154576898875832,0.41656773422378524,0.418385081425067,2.233837091224915,-0.9009985201371634
-0.015973454961665377,-0.013028662524185552,-0.309243611809258,0.44151853416652115,0.44324357115639296,0.44701439609615573,1.7221097474903386,-0.8135365450053673,-0.019751877430298666,-0.01663101686108323,-0.31769956421000156,0.4401609723412492,0.44159320370912775,0.44255650390195045,2.0889064809069504,-0.8648710447767188,0.012439165827838022,0.015369353750534165,-0.3138307874552376,0.4197897852212159,0.4200628777222333,0.42280799741289743,1.9906992711082507,-0.8759093716063423
-0.009341489298877799,-0.006467863900087599,-0.30423048541374365,0.44410749742430355,0.44522431034502447,0.45041080307450154,1.6158027239091401,-0.7983396280538045,-0.015973454961665377,-0.013028662524185552,-0.309243611809258,0.44151853416652115,0.44324357115639296,0.44701439609615573,1.7221097474903386,-0.8135365450053673,0.019164395602229985,0.022167841442288463,-0.30839095318545395,0.42657336719321637,0.4259995102457791,0.4272824849640752,2.2736173927799976,-0.9648774512695002
-0.011160449882244246,-0.008281363332070529,-0.30068056092944395,0.44673427354873313,0.4479138654919572,0.45319130522076256,1.6067130142677435,-0.796054925434953,-0.009341489298877799,-0.006467863900087599,-0.30423048541374365,0.44410749742430355,0.44522431034502447,0.45041080307450154,1.6158027239091401,-0.7983396280538045,0.009113624877406488,0.012162260768050819,-0.3129583236604727,0.43218483095863425,0.43217506535161554,0.4320822591646429,2.2769079906865546,-0.9354616426121994
-0.004561088975943511,-0.0016927498776681815,-0.29483832508413677,0.44982119708376334,0.45073236402499695,0.4555244963419038,1.6494738136914142,-0.8188945605440658,-0.011160449882244246,-0.008281363332070529,-0.30068056092944395,0.44673427354873313,0.4479138654919572,0.45319130522076256,1.6067130142677435,-0.796054925434953,0.005911473798527543,0.00909729980278022,-0.3156613017808726,0.4371790973262888,0.4373111754377148,0.43718915355048293,2.497827579087981,-0.9123269942623297
0.0152640770085604,0.018177911710102433,-0.28709631255067286,0.4548543726895492,0.45482640203297353,0.45836530341969195,1.9299879230963297,-0.8813648081594688,-0.004561088975943511,-0.0016927498776681815,-0.29483832508413677,0.44982119708376334,0.45073236402499695,0.4555244963419038,1.6494738136914142,-0.8188945605440658,-0.019751877430298666,-0.01663101686108323,-0.31769956421000156,0.4401609723412492,0.44159320370912775,0.44255650390195045,2.0889064809069504,-0.8648710447767188
0.02384882478920794,0.026968531424780156,-0.2977299286943576,0.4622771840475828,0.46139203162447395,0.4623639165840229,2.1730602437765327,-0.8289007182823275,0.0152640770085604,0.018177911710102433,-0.28709631255067286,0.4548543726895492,0.45482640203297353,0.45836530341969195,1.9299879230963297,-0.8813648081594688,-0.015973454961665377,-0.013028662524185552,-0.309243611809258,0.44151853416652115,0.44324357115639296,0.44701439609615573,1.7221097474903386,-0.8135365450053673
0.02403430036104555,0.027205872598112784,-0.3044370204384638,0.4700959602735756,0.4692027064674024,0.46759153964108346,2.352055531162116,-0.8539379901373055,0.02384882478920794,0.026968531424780156,-0.2977299286943576,0.4622771840475828,0.46139203162447395,0.4623639165840229,2.1730602437765327,-0.8289007182823275,-0.009341489298877799,-0.006467863900087599,-0.30423048541374365,0.44410749742430355,0.44522431034502447,0.45041080307450154,1.6158027239091401,-0.7983396280538045
0.04715664067922165,0.05033065406167045,-0.3129808500113447,0.4802306479911363,0.4781763656955032,0.47431623708309245,2.705663473811561,-0.941508547951697,0.02403430036104555,0.027205872598112784,-0.3044370204384638,0.4700959602735756,0.4692027064674024,0.46759153964108346,2.352055531162116,-0.8539379901373055,-0.011160449882244246,-0.008281363332070529,-0.30068056092944395,0.44673427354873313,0.4479138654919572,0.45319130522076256,1.6067130142677435,-0.796054925434953
0.03547697561330259,0.03883700273460075,-0.32757191895663906,0.4901038466286653,0.4886201722759078,0.4826559800415805,2.9103308611907774,-1.079933118012153,0.04715664067922165,0.05033065406167045,-0.3129808500113447,0.4802306479911363,0.4781763656955032,0.47431623708309245,2.705663473811561,-0.941508547951697,-0.004561088975943511,-0.0016927498776681815,-0.29483832508413677,0.44982119708376334,0.45073236402499695,0.4555244963419038,1.6494738136914142,-0.8188945605440658
0.02929340395465791,0.032686438418820976,-0.33103303858803534,0.4982422987891335,0.4971621642211808,0.49158403479686796,2.925285386551727,-1.0696743078952076,0.03547697561330259,0.03883700273460075,-0.32757191895663906,0.4901038466286653,0.4886201722759078,0.4826559800415805,2.9103308611907774,-1.079933118012153,0.0152640770085604,0.018177911710102433,-0.28709631255067286,0.4548543726895492,0.45482640203297353,0.45836530341969195,1.9299879230963297,-0.8813648081594688
0.026037259380013854,0.029469836428374918,-0.320531765639156,0.5069708497486405,0.5058774034859466,0.5007478612390991,3.024036049326442,-1.0899778494706887,0.02929340395465791,0.032686438418820976,-0.33103303858803534,0.4982422987891335,0.4971621642211808,0.49158403479686796,2.925285386551727,-1.0696743078952076,0.02384882478920794,0.026968531424780156,-0.2977299286943576,0.4622771840475828,0.46139203162447395,0.4623639165840229,2.1730602437765327,-0.8289007182823275
0.03246557497563511,0.035900118684684804,-0.338081080852752,0.5161280386412872,0.5146411864810597,0.5099725632792393,3.150742983515114,-1.1192186695114403,0.026037259380013854,0.029469836428374918,-0.320531765639156,0.5069708497486405,0.5058774034859466,0.5007478612390991,3.024036049326442,-1.0899778494706887,0.02403430036104555,0.027205872598112784,-0.3044370204384638,0.4700959602735756,0.4692027064674024,0.46759153964108346,2.352055531162116,-0.8539379901373055
0.021334725569922667,0.02479849187699447,-0.3431741491618642,0.524336238848688,0.5235138613454577,0.5188082165427161,3.0616772796953278,-1.0787155141520854,0.03246557497563511,0.035900118684684804,-0.338081080852752,0.5161280386412872,0.5146411864810597,0.5099725632792393,3.150742983515114,-1.1192186695114403,0.04715664067922165,0.05033065406167045,-0.3129808500113447,0.4802306479911363,0.4781763656955032,0.47431623708309245,2.705663473811561,-0.941508547951697
0.025435170127184263,0.0288719369748332,-0.3338368910063645,0.5329142209598187,0.5318281950440933,0.5275060432990446,3.020508799610681,-1.0793410992784678,0.021334725569922667,0.02479849187699447,-0.3431741491618642,0.524336238848688,0.5235138613454577,0.5188082165427161,3.0616772796953278,-1.0787155141520854,0.03547697561330259,0.03883700273460075,-0.32757191895663906,0.4901038466286653,0.4886201722759078,0.4826559800415805,2.9103308611907774,-1.079933118012153
0.04099828297219065,0.044403470114733015,-0.3257419784568942,0.5427264216105702,0.5409462999956594,0.5363287365059936,3.1980155423582826,-1.1420376133562096,0.025435170127184263,0.0288719369748332,-0.3338368910063645,0.5329142209598187,0.5318281950440933,0.5275060432990446,3.020508799610681,-1.0793410992784678,0.02929340395465791,0.032686438418820976,-0.33103303858803534,0.4982422987891335,0.4971621642211808,0.49158403479686796,2.925285386551727,-1.0696743078952076
0.02101306950059578,0.02437415652807526,-0.3159299691787596,0.5511370084090632,0.550368674260411,0.5453298262332844,2.7551198004075976,-1.0631703633136602,0.04099828297219065,0.044403470114733015,-0.3257419784568942,0.5427264216105702,0.5409462999956594,0.5363287365059936,3.1980155423582826,-1.1420376133562096,0.026037259380013854,0.029469836428374918,-0.320531765639156,0.5069708497486405,0.5058774034859466,0.5007478612390991,3.024036049326442,-1.0899778494706887
0.053493525069503056,0.05663215321012381,-0.3026374180894069,0.5602545516723774,0.5584636794024311,0.5540990061484914,2.7010914628573177,-1.1194842798364233,0.02101306950059578,0.02437415652807526,-0.3159299691787596,0.5511370084090632,0.550368674260411,0.5453298262332844,2.7551198004075976,-1.0631703633136602,0.03246557497563511,0.035900118684684804,-0.338081080852752,0.5161280386412872,0.5146411864810597,0.5099725632792393,3.150742983515114,-1.1192186695114403
0.06463813323231474,0.06817934777557275,-0.31534937574408206,0.574299119675147,0.5711917252173283,0.5639436122742403,2.581925162027561,-1.0830611648826025,0.053493525069503056,0.05663215321012381,-0.3026374180894069,0.5602545516723774,0.5584636794024311,0.5540990061484914,2.7010914628573177,-1.1194842798364233,0.021334725569922667,0.02479849187699447,-0.3431741491618642,0.524336238848688,0.5235138613454577,0.5188082165427161,3.0616772796953278,-1.0787155141520854
0.06965879559049237,0.07364503368606062,-0.33324425172849526,0.589581513488837,0.585784020527702,0.575159266287653,1.9697038742651065,-0.8712158607651489,0.06463813323231474,0.06817934777557275,-0.31534937574408206,0.574299119675147,0.5711917252173283,0.5639436122742403,2.581925162027561,-1.0830611648826025,0.025435170127184263,0.0288719369748332,-0.3338368910063645,0.5329142209598187,0.5318281950440933,0.5275060432990446,3.020508799610681,-1.0793410992784678
-0.0002682806673889246,0.0028247034740519067,-0.3121962020605712,0.5973414949268793,0.597511369835628,0.5868599901675177,7.642903618755314,-2.091656682497687,0.06965879559049237,0.07364503368606062,-0.33324425172849526,0.589581513488837,0.585784020527702,0.575159266287653,1.9697038742651065,-0.8712158607651489,0.04099828297219065,0.044403470114733015,-0.3257419784568942,0.5427264216105702,0.5409462999956594,0.5363287365059936,3.1980155423582826,-1.1420376133562096
-0.006523179221001537,-0.00519113029307075,-0.23483195074140922,0.6017181919669345,0.6023623764655892,0.5978172770019652,6.682807770228713,-0.3541145644605794,-0.0002682806673889246,0.0028247034740519067,-0.3121962020605712,0.5973414949268793,0.597511369835628,0.5868599901675177,7.642903618755314,-2.091656682497687,0.02101306950059578,0.02437415652807526,-0.3159299691787596,0.5511370084090632,0.550368674260411,0.5453298262332844,2.7551198004075976,-1.0631703633136602
-0.13920605343474235,-0.14419533875835613,-0.11145018931300685,0.5958813954813531,0.6020809027184801,0.6058935481889834,12.060338379836903,-2.1837166513939406,-0.006523179221001537,-0.00519113029307075,-0.23483195074140922,0.6017181919669345,0.6023623764655892,0.5978172770019652,6.682807770228713,-0.3541145644605794,0.053493525069503056,0.05663215321012381,-0.3026374180894069,0.5602545516723774,0.5584636794024311,0.5540990061484914,2.7010914628573177,-1.1194842798364233
-0.15258466536028442,-0.16719356469989738,0.09652537122747255,0.5802102513423033,0.5896644314138618,0.6075570170316562,10.835018882298822,-1.3618725673083356,-0.13920605343474235,-0.14419533875835613,-0.11145018931300685,0.5958813954813531,0.6020809027184801,0.6058935481889834,12.060338379836903,-2.1837166513939406,0.06463813323231474,0.06817934777557275,-0.31534937574408206,0.574299119675147,0.5711917252173283,0.5639436122742403,2.581925162027561,-1.0830611648826025
-0.08980760966968794,-0.10937339351666463,0.2900031575776808,0.5624198943155692,0.5707760261408688,0.6015228146550111,8.03706073027398,-0.5407386705168749,-0.15258466536028442,-0.16719356469989738,0.09652537122747255,0.5802102513423033,0.5896644314138618,0.6075570170316562,10.835018882298822,-1.3618725673083356,0.06965879559049237,0.07364503368606062,-0.33324425172849526,0.589581513488837,0.585784020527702,0.575159266287653,1.9697038742651065,-0.8712158607651489
-0.11083094024385443,-0.13191958771473813,0.45900963986335797,0.5494646027497938,0.557227856981034,0.5909171373262012,6.914931024492272,-0.49739662297024484,-0.08980760966968794,-0.10937339351666463,0.2900031575776808,0.5624198943155692,0.5707760261408688,0.6015228146550111,8.03706073027398,-0.5407386705168749,-0.0002682806673889246,0.0028247034740519067,-0.3121962020605712,0.5973414949268793,0.597511369835628,0.5868599901675177,7.642903618755314,-2.091656682497687
-0.03680340846485318,-0.05984475492085414,0.6145158761080439,0.541647108113356,0.5463474165412483,0.57728131514945,6.129911256160501,-0.37854144015222635,-0.11083094024385443,-0.13191958771473813,0.45900963986335797,0.5494646027497938,0.557227856981034,0.5909171373262012,6.914931024492272,-0.49739662297024484,-0.006523179221001537,-0.00519113029307075,-0.23483195074140922,0.6017181919669345,0.6023623764655892,0.5978172770019652,6.682807770228713,-0.3541145644605794
-0.022889872009033377,-0.04653025873228042,0.728478935365828,0.5378425257951349,0.5417194636247247,0.565039816003928,5.809928337854311,-0.3708392932344928,-0.03680340846485318,-0.05984475492085414,0.6145158761080439,0.541647108113356,0.5463474165412483,0.57728131514945,6.129911256160501,-0.37854144015222635,-0.13920605343474235,-0.14419533875835613,-0.11145018931300685,0.5958813954813531,0.6020809027184801,0.6058935481889834,12.060338379836903,-2.1837166513939406
-0.03963414353235584,-0.06382409679448497,0.8266575368050947,0.5318303845568093,0.536475018498003,0.5559661475365965,5.479937367049233,-0.3462273936902863,-0.022889872009033377,-0.04653025873228042,0.728478935365828,0.5378425257951349,0.5417194636247247,0.565039816003928,5.809928337854311,-0.3708392932344928,-0.15258466536028442,-0.16719356469989738,0.09652537122747255,0.5802102513423033,0.5896644314138618,0.6075570170316562,10.835018882298822,-1.3618725673083356
-0.047431135238266184,-0.07216824857309773,0.9093979985918836,0.5278642786375362,0.5319540562743428,0.54928779976298,5.182799423899514,-0.3266458904093653,-0.03963414353235584,-0.06382409679448497,0.8266575368050947,0.5318303845568093,0.536475018498003,0.5559661475365965,5.479937367049233,-0.3462273936902863,-0.08980760966968794,-0.10937339351666463,0.2900031575776808,0.5624198943155692,0.5707760261408688,0.6015228146550111,8.03706073027398,-0.5407386705168749
-0.03326816742313764,-0.05817702562643548,0.9726788455318255,0.522383559412134,0.5267830556812658,0.5442242544402522,5.116891586833546,-0.3408625972315373,-0.047431135238266184,-0.07216824857309773,0.9093979985918836,0.5278642786375362,0.5319540562743428,0.54928779976298,5.182799423899514,-0.3266458904093653,-0.11083094024385443,-0.13191958771473813,0.45900963986335797,0.5494646027497938,0.557227856981034,0.5909171373262012,6.914931024492272,-0.49739662297024484
-0.049563880036071484,-0.074713985418259,1.029339925888555,0.5157749547441244,0.5209537322093671,0.5390654488445449,4.96894079636078,-0.3194880483544704,-0.03326816742313764,-0.05817702562643548,0.9726788455318255,0.522383559412134,0.5267830556812658,0.5442242544402522,5.116891586833546,-0.3408625972315373,-0.03680340846485318,-0.05984475492085414,0.6145158761080439,0.541647108113356,0.5463474165412483,0.57728131514945,6.129911256160501,-0.37854144015222635
-0.036038229941854405,-0.06165714773322445,1.097932404127286,0.5110481776257815,0.5153019434282147,0.5337030619067772,4.766176525184413,-0.31761405199513587,-0.049563880036071484,-0.074713985418259,1.029339925888555,0.5157749547441244,0.5209537322093671,0.5390654488445449,4.96894079636078,-0.3194880483544704,-0.022889872009033377,-0.04653025873228042,0.728478935365828,0.5378425257951349,0.5417194636247247,0.565039816003928,5.809928337854311,-0.3708392932344928
-0.01677229482533267,-0.04254125380234247,1.1577864532020679,0.5084880904627265,0.5116669524561039,0.5286511982876525,4.725860704555617,-0.3394518230674039,-0.036038229941854405,-0.06165714773322445,1.097932404127286,0.5110481776257815,0.5153019434282147,0.5337030619067772,4.766176525184413,-0.31761405199513587,-0.03963414353235584,-0.06382409679448497,0.8266575368050947,0.5318303845568093,0.536475018498003,0.5559661475365965,5.479937367049233,-0.3462273936902863
0.028227628218995188,0.002059574939646404,1.2292413122690893,0.5091008874376125,0.5105178062057001,0.5244904030854929,4.6240630240948235,-0.38525664269355975,-0.01677229482533267,-0.04254125380234247,1.1577864532020679,0.5084880904627265,0.5116669524561039,0.5286511982876525,4.725860704555617,-0.3394518230674039,-0.047431135238266184,-0.07216824857309773,0.9093979985918836,0.5278642786375362,0.5319540562743428,0.54928779976298,5.182799423899514,-0.3266458904093653
-0.012720549814509693,-0.04002402670432148,1.324623769766616,0.5082611087042546,0.511480117140887,0.5219029738172936,4.205851860014974,-0.3848928194381009,0.028227628218995188,0.002059574939646404,1.2292413122690893,0.5091008874376125,0.5105178062057001,0.5244904030854929,4.6240630240948235,-0.38525664269355975,-0.03326816742313764,-0.05817702562643548,0.9726788455318255,0.522383559412134,0.5267830556812658,0.5442242544402522,5.116891586833546,-0.3408625972315373
-0.014165828156016233,-0.04156595571971904,1.3994855031148643,0.5064635912254959,0.5096542648863607,0.5203227013789242,4.162322741380395,-0.3793519238915902,-0.012720549814509693,-0.04002402670432148,1.324623769766616,0.5082611087042546,0.511480117140887,0.5219029738172936,4.205851860014974,-0.3848928194381009,-0.049563880036071484,-0.074713985418259,1.029339925888555,0.5157749547441244,0.5209537322093671,0.5390654488445449,4.96894079636078,-0.3194880483544704
-0.033399805348049066,-0.06126691812566709,1.4669234320671354,0.5019517477288532,0.5063775804420603,0.5189322975114652,3.946855002578844,-0.355849365153512,-0.014165828156016233,-0.04156595571971904,1.3994855031148643,0.5064635912254959,0.5096542648863607,0.5203227013789242,4.162322741380395,-0.3793519238915902,-0.036038229941854405,-0.06165714773322445,1.097932404127286,0.5110481776257815,0.5153019434282147,0.5337030619067772,4.766176525184413,-0.31761405199513587
-0.02091159922217309,-0.04897113464450728,1.5395868855670778,0.4987785588773118,0.5021633290801534,0.5169596957713687,3.8883871271289756,-0.3670489053968893,-0.033399805348049066,-0.06126691812566709,1.4669234320671354,0.5019517477288532,0.5063775804420603,0.5189322975114652,3.946855002578844,-0.355849365153512,-0.01677229482533267,-0.04254125380234247,1.1577864532020679,0.5084880904627265,0.5116669524561039,0.5286511982876525,4.725860704555617,-0.3394518230674039
-0.013504128268744892,-0.04168653003150556,1.5879877815403536,0.49641517031814036,0.49966226327790836,0.514087423960431,3.8508188851122487,-0.37377632929325355,-0.02091159922217309,-0.04897113464450728,1.5395868855670778,0.4987785588773118,0.5021633290801534,0.5169596957713687,3.8883871271289756,-0.3670489053968893,0.028227628218995188,0.002059574939646404,1.2292413122690893,0.5091008874376125,0.5105178062057001,0.5244904030854929,4.6240630240948235,-0.38525664269355975
-0.009778214417400038,-0.03798278089565648,1.6228871389989694,0.49478327214971074,0.49770800860784004,0.511138408885667,3.848003496670459,-0.3781425306586054,-0.013504128268744892,-0.04168653003150556,1.5879877815403536,0.49641517031814036,0.49966226327790836,0.514087423960431,3.8508188851122487,-0.37377632929325355,-0.012720549814509693,-0.04002402670432148,1.324623769766616,0.5082611087042546,0.511480117140887,0.5219029738172936,4.205851860014974,-0.3848928194381009
-0.013292370471182036,-0.04155845341057551,1.6477465256223391,0.49228699410576715,0.4956049924181616,0.5083403508072957,3.8178920917801635,-0.37295236165610374,-0.009778214417400038,-0.03798278089565648,1.6228871389989694,0.49478327214971074,0.49770800860784004,0.511138408885667,3.848003496670459,-0.3781425306586054,-0.014165828156016233,-0.04156595571971904,1.3994855031148643,0.5064635912254959,0.5096542648863607,0.5203227013789242,4.162322741380395,-0.3793519238915902
0.017883762656403263,-0.010327262498931802,1.6633897556484967,0.4927424946339605,0.4946075572934685,0.5063774100281652,3.8914673605728174,-0.4108760475185678,-0.013292370471182036,-0.04155845341057551,1.6477465256223391,0.49228699410576715,0.4956049924181616,0.5083403508072957,3.8178920917801635,-0.37295236165610374,-0.033399805348049066,-0.06126691812566709,1.4669234320671354,0.5019517477288532,0.5063775804420603,0.5189322975114652,3.946855002578844,-0.355849365153512
0.002929875759155237,-0.025155233863661614,1.6667437876602453,0.49376838914836185,0.49584278967396167,0.5053486858952718,3.9156252921671486,-0.3949840881276534,0.017883762656403263,-0.010327262498931802,1.6633897556484967,0.4927424946339605,0.4946075572934685,0.5063774100281652,3.8914673605728174,-0.4108760475185678,-0.02091159922217309,-0.04897113464450728,1.5395868855670778,0.4987785588773118,0.5021633290801534,0.5169596957713687,3.8883871271289756,-0.3670489053968893
0.0036406005039546496,-0.0244806049837751,1.6711138465091322,0.4941049512948637,0.4962872765828171,0.5049298952114204,3.9022990816062135,-0.39462710953059954,0.002929875759155237,-0.025155233863661614,1.6667437876602453,0.49376838914836185,0.49584278967396167,0.5053486858952718,3.9156252921671486,-0.3949840881276534,-0.013504128268744892,-0.04168653003150556,1.5879877815403536,0.49641517031814036,0.49966226327790836,0.514087423960431,3.8508188851122487,-0.37377632929325355
0.043628611519332686,0.015788607762190904,1.6635965209903754,0.4961796864527375,0.4969759584425064,0.5051385982824679,4.0761176226527756,-0.4385028493226388,0.0036406005039546496,-0.0244806049837751,1.6711138465091322,0.4941049512948637,0.4962872765828171,0.5049298952114204,3.9022990816062135,-0.39462710953059954,-0.009778214417400038,-0.03798278089565648,1.6228871389989694,0.49478327214971074,0.49770800860784004,0.511138408885667,3.848003496670459,-0.3781425306586054
0.08520288173479657,0.058839892260809684,1.606194319889188,0.5098259011706501,0.5062170875209495,0.5079425024109462,4.725954305109973,-0.5147997723001269,0.043628611519332686,0.015788607762190904,1.6635965209903754,0.4961796864527375,0.4969759584425064,0.5051385982824679,4.0761176226527756,-0.4385028493226388,-0.013292370471182036,-0.04155845341057551,1.6477465256223391,0.49228699410576715,0.4956049924181616,0.5083403508072957,3.8178920917801635,-0.37295236165610374
0.1351721257209476,0.11106303740619133,1.5376500597005835,0.5240035379014862,0.5204067867321773,0.5138781184595628,5.468268966497199,-0.4794203713578312,0.08520288173479657,0.058839892260809684,1.606194319889188,0.5098259011706501,0.5062170875209495,0.5079425024109462,4.725954305109973,-0.5147997723001269,0.017883762656403263,-0.010327262498931802,1.6633897556484967,0.4927424946339605,0.4946075572934685,0.5063774100281652,3.8914673605728174,-0.4108760475185678
0.21130483761667707,0.19918238215367007,1.3985587469023337,0.5463286845539342,0.5382884296263717,0.5239591817315608,3.936965632151894,0.5989865403961554,0.1351721257209476,0.11106303740619133,1.5376500597005835,0.5240035379014862,0.5204067867321773,0.5138781184595628,5.468268966497199,-0.4794203713578312,0.002929875759155237,-0.025155233863661614,1.6667437876602453,0.49376838914836185,0.49584278967396167,0.5053486858952718,3.9156252921671486,-0.3949840881276534
0.2212874494457325,0.21174026338857643,1.2214943496112598,0.5746621202075725,0.5651696304152574,0.5404003013977406,5.095096014794157,0.8416987299086757,0.21130483761667707,0.19918238215367007,1.3985587469023337,0.5463286845539342,0.5382884296263717,0.5239591817315608,3.936965632151894,0.5989865403961554,0.0036406005039546496,-0.0244806049837751,1.6711138465091322,0.4941049512948637,0.4962872765828171,0.5049298952114204,3.9022990816062135,-0.39462710953059954
0.13788991585929794,0.13298170691106015,1.0641252090770648,0.5983641600745933,0.591484375779115,0.5614882990492274,3.3448921774725413,-0.17378060663246223,0.2212874494457325,0.21174026338857643,1.2214943496112598,0.5746621202075725,0.5651696304152574,0.5404003013977406,5.095096014794157,0.8416987299086757,0.043628611519332686,0.015788607762190904,1.6635965209903754,0.4961796864527375,0.4969759584425064,0.5051385982824679,4.0761176226527756,-0.4385028493226388
0.1374007416982801,0.13468599377385604,0.9306568522735488,0.6239620383421263,0.6162794369843781,0.58514321230858,2.0937829659959455,-0.8434522542891506,0.13788991585929794,0.13298170691106015,1.0641252090770648,0.5983641600745933,0.591484375779115,0.5614882990492274,3.3448921774725413,-0.17378060663246223,0.08520288173479657,0.058839892260809684,1.606194319889188,0.5098259011706501,0.5062170875209495,0.5079425024109462,4.725954305109973,-0.5147997723001269
0.10695962584145467,0.10491666058010804,0.8033509015792464,0.6463049255996371,0.640182142408271,0.6106320766005964,2.366276629200356,-1.0215131431213713,0.1374007416982801,0.13468599377385604,0.9306568522735488,0.6239620383421263,0.6162794369843781,0.58514321230858,2.0937829659959455,-0.8434522542891506,0.1351721257209476,0.11106303740619133,1.5376500597005835,0.5240035379014862,0.5204067867321773,0.5138781184595628,5.468268966497199,-0.4794203713578312
0.12167967468082241,0.12031810574101752,0.7196404041871086,0.6662229991146809,0.6608576603993059,0.6349222595627235,3.112373011601151,-1.1114834620791632,0.10695962584145467,0.10491666058010804,0.8033509015792464,0.6463049255996371,0.640182142408271,0.6106320766005964,2.366276629200356,-1.0215131431213713,0.21130483761667707,0.19918238215367007,1.3985587469023337,0.5463286845539342,0.5382884296263717,0.5239591817315608,3.936965632151894,0.5989865403961554
0.06093941737322834,0.05948181566019854,0.6549520041444252,0.6833896074012414,0.6798671622923289,0.6572395395698437,2.8002960950898323,-1.1185419603070579,0.12167967468082241,0.12031810574101752,0.7196404041871086,0.6662229991146809,0.6608576603993059,0.6349222595627235,3.112373011601151,-1.1114834620791632,0.2212874494457325,0.21174026338857643,1.2214943496112598,0.5746621202075725,0.5651696304152574,0.5404003013977406,5.095096014794157,0.8416987299086757
0.09284070146579157,0.09145609792539791,0.6145008231254507,0.6975169544384462,0.6937316478327491,0.6770284857918015,3.014282970673845,-1.170143417812695,0.06093941737322834,0.05948181566019854,0.6549520041444252,0.6833896074012414,0.6798671622923289,0.6572395395698437,2.8002960950898323,-1.1185419603070579,0.13788991585929794,0.13298170691106015,1.0641252090770648,0.5983641600745933,0.591484375779115,0.5614882990492274,3.3448921774725413,-0.17378060663246223
0.11615956703127023,0.11482504320270004,0.605653721981237,0.7172716715897525,0.711887509843345,0.6952840454220971,3.307455525866147,-1.221487662154969,0.09284070146579157,0.09145609792539791,0.6145008231254507,0.6975169544384462,0.6937316478327491,0.6770284857918015,3.014282970673845,-1.170143417812695,0.1374007416982801,0.13468599377385604,0.9306568522735488,0.6239620383421263,0.6162794369843781,0.58514321230858,2.0937829659959455,-0.8434522542891506
0.10318627638117574,0.10219098988758152,0.5834989131868803,0.7387668874341756,0.7330740379654255,0.713545663838667,3.5480020536460906,-1.3417836495352384,0.11615956703127023,0.11482504320270004,0.605653721981237,0.7172716715897525,0.711887509843345,0.6952840454220971,3.307455525866147,-1.221487662154969,0.10695962584145467,0.10491666058010804,0.8033509015792464,0.6463049255996371,0.640182142408271,0.6106320766005964,2.366276629200356,-1.0215131431213713
0.08963188196225874,0.08878098452025548,0.569413257300992,0.7576022283861645,0.7527320109691155,0.7318306013513707,3.6500135670762894,-1.3455446654398024,0.10318627638117574,0.10219098988758152,0.5834989131868803,0.7387668874341756,0.7330740379654255,0.713545663838667,3.5480020536460906,-1.3417836495352384,0.12167967468082241,0.12031810574101752,0.7196404041871086,0.6662229991146809,0.6608576603993059,0.6349222595627235,3.112373011601151,-1.1114834620791632
0.07795411052386036,0.07717348016639614,0.5524714412306099,0.7754960416550367,0.7711780366649398,0.7510675404546625,3.6427190743741473,-1.3260630586570965,0.08963188196225874,0.08878098452025548,0.569413257300992,0.7576022283861645,0.7527320109691155,0.7318306013513707,3.6500135670762894,-1.3455446654398024,0.06093941737322834,0.05948181566019854,0.6549520041444252,0.6833896074012414,0.6798671622923289,0.6572395395698437,2.8002960950898323,-1.1185419603070579
0.06418125403544925,0.0636783312556641,0.508129482699077,0.7907808268730128,0.7876931169992835,0.770181419106182,3.9343396126043473,-1.4259650914566522,0.07795411052386036,0.07717348016639614,0.5524714412306099,0.7754960416550367,0.7711780366649398,0.7510675404546625,3.6427190743741473,-1.3260630586570965,0.09284070146579157,0.09145609792539791,0.6145008231254507,0.6975169544384462,0.6937316478327491,0.6770284857918015,3.014282970673845,-1.170143417812695
0.08810832601913576,0.08884110479169843,0.43880022058880447,0.8096308493445069,0.8050029133137813,0.7884498486651447,1.0467590342998676,-0.8521512672822567,0.06418125403544925,0.0636783312556641,0.508129482699077,0.7907808268730128,0.7876931169992835,0.770181419106182,3.9343396126043473,-1.4259650914566522,0.11615956703127023,0.11482504320270004,0.605653721981237,0.7172716715897525,0.711887509843345,0.6952840454220971,3.307455525866147,-1.221487662154969
0.09773424847269553,0.09868008181696974,0.39880738562362134,0.827814663326773,0.823220799035861,0.806245504106603,1.1829472750578782,-0.8239348719946266,0.08810832601913576,0.08884110479169843,0.43880022058880447,0.8096308493445069,0.8050029133137813,0.7884498486651447,1.0467590342998676,-0.8521512672822567,0.10318627638117574,0.10219098988758152,0.5834989131868803,0.7387668874341756,0.7330740379654255,0.713545663838667,3.5480020536460906,-1.3417836495352384
0.0833084199300721,0.08455933512862242,0.3328092622382029,0.8479370831595945,0.8429349016253932,0.8242998384819493,1.3166920015637125,-0.79242586116886,0.09773424847269553,0.09868008181696974,0.39880738562362134,0.827814663326773,0.823220799035861,0.806245504106603,1.1829472750578782,-0.8239348719946266,0.08963188196225874,0.08878098452025548,0.569413257300992,0.7576022283861645,0.7527320109691155,0.7318306013513707,3.6500135670762894,-1.3455446654398024
0.09286252659547845,0.09412648778553526,0.31006709892166984,0.8670627310322718,0.8620199227699246,0.8428447788831517,1.4251253078172672,-0.8309599906018391,0.0833084199300721,0.08455933512862242,0.3328092622382029,0.8479370831595945,0.8429349016253932,0.8242998384819493,1.3166920015637125,-0.79242586116886,0.07795411052386036,0.07717348016639614,0.5524714412306099,0.7754960416550367,0.7711780366649398,0.7510675404546625,3.6427190743741473,-1.3260630586570965
0.07974678658347867,0.08114704739633065,0.2976997412134812,0.8853794330056157,0.8811384757116243,0.861994298622232,1.529152435424714,-0.8240034674790351,0.09286252659547845,0.09412648778553526,0.31006709892166984,0.8670627310322718,0.8620199227699246,0.8428447788831517,1.4251253078172672,-0.8309599906018391,0.06418125403544925,0.0636783312556641,0.508129482699077,0.7907808268730128,0.7876931169992835,0.770181419106182,3.9343396126043473,-1.4259650914566522
0.08427356620466793,0.08567986308531352,0.3049969521520533,0.9037695560197332,0.8993684108947791,0.8811147262781504,1.582809428422208,-0.8172812588857147,0.07974678658347867,0.08114704739633065,0.2976997412134812,0.8853794330056157,0.8811384757116243,0.861994298622232,1.529152435424714,-0.8240034674790351,0.08810832601913576,0.08884110479169843,0.43880022058880447,0.8096308493445069,0.8050029133137813,0.7884498486651447,1.0467590342998676,-0.8521512672822567
0.07866060318344179,0.07966459629350509,0.3582397379058322,0.9201321177236741,0.9164396780873252,0.8996948980687471,1.2442014659295682,-0.8411382403454276,0.08427356620466793,0.08567986308531352,0.3049969521520533,0.9037695560197332,0.8993684108947791,0.8811147262781504,1.582809428422208,-0.8172812588857147,0.09773424847269553,0.09868008181696974,0.39880738562362134,0.827814663326773,0.823220799035861,0.806245504106603,1.1829472750578782,-0.8239348719946266
0.07266823880788094,0.07369095818088847,0.3803370304882244,0.9376691815700129,0.9335836061841412,0.9177620704659205,1.2204409193750498,-0.8180272279206704,0.07866060318344179,0.07966459629350509,0.3582397379058322,0.9201321177236741,0.9164396780873252,0.8996948980687471,1.2442014659295682,-0.8411382403454276,0.0833084199300721,0.08455933512862242,0.3328092622382029,0.8479370831595945,0.8429349016253932,0.8242998384819493,1.3166920015637125,-0.79242586116886
0.0712360505557617,0.07234082480164736,0.3973797974936947,0.9549578485652817,0.9510257380215243,0.9353886839706378,1.334973177639637,-0.8412125657560723,0.07266823880788094,0.07369095818088847,0.3803370304882244,0.9376691815700129,0.9335836061841412,0.9177620704659205,1.2204409193750498,-0.8180272279206704,0.09286252659547845,0.09412648778553526,0.31006709892166984,0.8670627310322718,0.8620199227699246,0.8428447788831517,1.4251253078172672,-0.8309599906018391
0.06801150348748752,0.06906856650826185,0.433883104551564,0.9708589738005963,0.9675268345061299,0.9526045331901487,1.2261684738942984,-0.813062300047767,0.0712360505557617,0.07234082480164736,0.3973797974936947,0.9549578485652817,0.9510257380215243,0.9353886839706378,1.334973177639637,-0.8412125657560723,0.07974678658347867,0.08114704739633065,0.2976997412134812,0.8853794330056157,0.8811384757116243,0.861994298622232,1.529152435424714,-0.8240034674790351
0.032133386916789866,0.03288560705806616,0.49365429652580206,0.9830768390351969,0.9814377800827521,0.9689657340373576,0.821127931378475,-0.6602156091974053,0.06801150348748752,0.06906856650826185,0.433883104551564,0.9708589738005963,0.9675268345061299,0.9526045331901487,1.2261684738942984,-0.813062300047767,0.08427356620466793,0.08567986308531352,0.3049969521520533,0.9037695560197332,0.8993684108947791,0.8811147262781504,1.582809428422208,-0.8172812588857147
0.050611385683500876,0.05157449399074018,0.546865394610512,0.9930809046956597,0.9917294330067681,0.9837412750658787,0.4408560020285859,-0.48275249918649055,0.032133386916789866,0.03288560705806616,0.49365429652580206,0.9830768390351969,0.9814377800827521,0.9689657340373576,0.821127931378475,-0.6602156091974053,0.07866060318344179,0.07966459629350509,0.3582397379058322,0.9201321177236741,0.9164396780873252,0.8996948980687471,1.2442014659295682,-0.8411382403454276
0.08421118891111659,0.08555134447249517,0.5545717817379846,1.0111327537898136,1.0066664073535896,0.9979045713712243,0.6784229334445833,-0.5075413769956431,0.050611385683500876,0.05157449399074018,0.546865394610512,0.9930809046956597,0.9917294330067681,0.9837412750658787,0.4408560020285859,-0.48275249918649055,0.07266823880788094,0.07369095818088847,0.3803370304882244,0.9376691815700129,0.9335836061841412,0.9177620704659205,1.2204409193750498,-0.8180272279206704
0.0744019231761191,0.0757797886894354,0.5718790986145692,1.0277870279806098,1.0240740532150814,1.0122185025931298,0.677653185662566,-0.49809166264730054,0.08421118891111659,0.08555134447249517,0.5545717817379846,1.0111327537898136,1.0066664073535896,0.9979045713712243,0.6784229334445833,-0.5075413769956431,0.0712360505557617,0.07234082480164736,0.3973797974936947,0.9549578485652817,0.9510257380215243,0.9353886839706378,1.334973177639637,-0.8412125657560723
0.0920250390230276,0.09360609177362661,0.5764452465621712,1.0486376939005444,1.0432422662373373,1.027615449264663,0.8776719841686278,-0.47600617671485684,0.0744019231761191,0.0757797886894354,0.5718790986145692,1.0277870279806098,1.0240740532150814,1.0122185025931298,0.677653185662566,-0.49809166264730054,0.06801150348748752,0.06906856650826185,0.433883104551564,0.9708589738005963,0.9675268345061299,0.9526045331901487,1.2261684738942984,-0.813062300047767
0.10218010174352186,0.1037711904381225,0.5695143483329781,1.070476810410681,1.0647531884957244,1.045594647692214,0.9740788791252659,-0.5103167794797355,0.0920250390230276,0.09360609177362661,0.5764452465621712,1.0486376939005444,1.0432422662373373,1.027615449264663,0.8776719841686278,-0.47600617671485684,0.032133386916789866,0.03288560705806616,0.49365429652580206,0.9830768390351969,0.9814377800827521,0.9689657340373576,0.821127931378475,-0.6602156091974053
0.08901710457535716,0.09087854256128355,0.5543938310858463,1.0923827996065687,1.0869863950243837,1.0657085841526024,1.2396450260358787,-0.5413487588216189,0.10218010174352186,0.1037711904381225,0.5695143483329781,1.070476810410681,1.0647531884957244,1.045594647692214,0.9740788791252659,-0.5103167794797355,0.050611385683500876,0.05157449399074018,0.546865394610512,0.9930809046956597,0.9917294330067681,0.9837412750658787,0.4408560020285859,-0.48275249918649055
0.08223521666021855,0.08414210773168514,0.5493359650294749,1.1125121934972366,1.1076366681213305,1.0865324777752807,1.237175870805192,-0.5540043073904596,0.08901710457535716,0.09087854256128355,0.5543938310858463,1.0923827996065687,1.0869863950243837,1.0657085841526024,1.2396450260358787,-0.5413487588216189,0.08421118891111659,0.08555134447249517,0.5545717817379846,1.0111327537898136,1.0066664073535896,0.9979045713712243,0.6784229334445833,-0.5075413769956431
0.09744751459269466,0.0993742707640462,0.5416577132044584,1.135300427150313,1.1294786033267923,1.1081985228289697,1.3653910698920848,-0.5705358015283427,0.08223521666021855,0.08414210773168514,0.5493359650294749,1.1125121934972366,1.1076366681213305,1.0865324777752807,1.237175870805192,-0.5540043073904596,0.0744019231761191,0.0757797886894354,0.5718790986145692,1.0277870279806098,1.0240740532150814,1.0122185025931298,0.677653185662566,-0.49809166264730054
0.13286953863278023,0.1352817735753561,0.5239966190476302,1.1613941222440318,1.1538141429501079,1.1305888903647534,0.5690151471607767,-0.2130240417660602,0.09744751459269466,0.0993742707640462,0.5416577132044584,1.135300427150313,1.1294786033267923,1.1081985228289697,1.3653910698920848,-0.5705358015283427,0.0920250390230276,0.09360609177362661,0.5764452465621712,1.0486376939005444,1.0432422662373373,1.027615449264663,0.8776719841686278,-0.47600617671485684
0.07320778696269928,0.0759033886168811,0.5092356011270307,1.1834558843186098,1.1790747117202411,1.1537079270980592,0.574682862791807,-0.3632482353192272,0.13286953863278023,0.1352817735753561,0.5239966190476302,1.1613941222440318,1.1538141429501079,1.1305888903647534,0.5690151471607767,-0.2130240417660602,0.10218010174352186,0.1037711904381225,0.5695143483329781,1.070476810410681,1.0647531884957244,1.045594647692214,0.9740788791252659,-0.5103167794797355
0.06668158204905679,0.06941144768070377,0.48409846726150574,1.2014978854874308,1.1978150352773431,1.1762839941638197,0.587228117554949,-0.33272608655903513,0.07320778696269928,0.0759033886168811,0.5092356011270307,1.1834558843186098,1.1790747117202411,1.1537079270980592,0.574682862791807,-0.3632482353192272,0.08901710457535716,0.09087854256128355,0.5543938310858463,1.0923827996065687,1.0869863950243837,1.0657085841526024,1.2396450260358787,-0.5413487588216189
0.07805070166521666,0.08083454302610717,0.46270068825555266,1.2198173388453442,1.2155702616086725,1.1980083769668695,0.779692507488889,-0.368344452764465,0.06668158204905679,0.06941144768070377,0.48409846726150574,1.2014978854874308,1.1978150352773431,1.1762839941638197,0.587228117554949,-0.33272608655903513,0.08223521666021855,0.08414210773168514,0.5493359650294749,1.1125121934972366,1.1076366681213305,1.0865324777752807,1.237175870805192,-0.5540043073904596
0.07088883909739269,0.07376153859177155,0.44984638893830914,1.2377703800734616,1.2340709839766022,1.2184932085025402,0.8592274613448971,-0.38592052411902894,0.07805070166521666,0.08083454302610717,0.46270068825555266,1.2198173388453442,1.2155702616086725,1.1980083769668695,0.779692507488889,-0.368344452764465,0.09744751459269466,0.0993742707640462,0.5416577132044584,1.135300427150313,1.1294786033267923,1.1081985228289697,1.3653910698920848,-0.5705358015283427
0.06107949075534646,0.06403278510137186,0.4345937936958495,1.2547219337490982,1.2514341903628574,1.2368920208104162,0.9427601046500196,-0.3715037257879248,0.07088883909739269,0.07376153859177155,0.44984638893830914,1.2377703800734616,1.2340709839766022,1.2184932085025402,0.8592274613448971,-0.38592052411902894,0.13286953863278023,0.1352817735753561,0.5239966190476302,1.1613941222440318,1.1538141429501079,1.1305888903647534,0.5690151471607767,-0.2130240417660602
0.056508488665735296,0.0594343834504689,0.4257260084079033,1.2716058215874058,1.2684304610226877,1.2546799408149307,0.8746309668868575,-0.3732458077680232,0.06107949075534646,0.06403278510137186,0.4345937936958495,1.2547219337490982,1.2514341903628574,1.2368920208104162,0.9427601046500196,-0.3715037257879248,0.07320778696269928,0.0759033886168811,0.5092356011270307,1.1834558843186098,1.1790747117202411,1.1537079270980592,0.574682862791807,-0.3632482353192272
0.06565067246164831,0.0685441212437207,0.42369283137654534,1.2883552963729388,1.285007359511669,1.2721988116606318,0.9013842353287176,-0.4019309164405588,0.056508488665735296,0.0594343834504689,0.4257260084079033,1.2716058215874058,1.2684304610226877,1.2546799408149307,0.8746309668868575,-0.3732458077680232,0.06668158204905679,0.06941144768070377,0.48409846726150574,1.2014978854874308,1.1978150352773431,1.1762839941638197,0.587228117554949,-0.33272608655903513
0.0707787766796021,0.07366316114477506,0.4261850730003508,1.3067676828979145,1.3029006078402134,1.2895545223983802,0.9341385475083368,-0.42635358199458595,0.06565067246164831,0.0685441212437207,0.42369283137654534,1.2883552963729388,1.285007359511669,1.2721988116606318,0.9013842353287176,-0.4019309164405588,0.07805070166521666,0.08083454302610717,0.46270068825555266,1.2198173388453442,1.2155702616086725,1.1980083769668695,0.779692507488889,-0.368344452764465
0.07186878917604161,0.07478880967340641,0.4239797757194585,1.3258129954197369,1.3216440126555447,1.3071929019985,0.9661011440852767,-0.390485158331865,0.0707787766796021,0.07366316114477506,0.4261850730003508,1.3067676828979145,1.3029006078402134,1.2895545223983802,0.9341385475083368,-0.42635358199458595,0.07088883909739269,0.07376153859177155,0.44984638893830914,1.2377703800734616,1.2340709839766022,1.2184932085025402,0.8592274613448971,-0.38592052411902894
0.04247484338121267,0.04544824298199594,0.4080358040442261,1.34202663731361,1.339443895089704,1.3250206062475334,0.8648065028033294,-0.3594021482151436,0.07186878917604161,0.07478880967340641,0.4239797757194585,1.3258129954197369,1.3216440126555447,1.3071929019985,0.9661011440852767,-0.390485158331865,0.06107949075534646,0.06403278510137186,0.4345937936958495,1.2547219337490982,1.2514341903628574,1.2368920208104162,0.9427601046500196,-0.3715037257879248
0.059597247029614143,0.06250553086548372,0.39931105855308474,1.3592535699309,1.3559119507797395,1.3428157759163142,0.8979090811124695,-0.40359914762970583,0.04247484338121267,0.04544824298199594,0.4080358040442261,1.34202663731361,1.339443895089704,1.3250206062475334,0.8648065028033294,-0.3594021482151436,0.056508488665735296,0.0594343834504689,0.4257260084079033,1.2716058215874058,1.2684304610226877,1.2546799408149307,0.8746309668868575,-0.3732458077680232
0.06532083761150306,0.06844740745151427,0.35619939841071613,1.3771129386133656,1.3733918153140325,1.3605917083417656,0.6768215147509107,-0.21786288188464029,0.059597247029614143,0.06250553086548372,0.39931105855308474,1.3592535699309,1.3559119507797395,1.3428157759163142,0.8979090811124695,-0.40359914762970583,0.06565067246164831,0.0685441212437207,0.42369283137654534,1.2883552963729388,1.285007359511669,1.2721988116606318,0.9013842353287176,-0.4019309164405588
0.057446371346893524,0.06085298805961263,0.29993366856077364,1.39612491188243,1.3925821007132853,1.378505110491363,0.9031040107267732,-0.17134659072381792,0.06532083761150306,0.06844740745151427,0.35619939841071613,1.3771129386133656,1.3733918153140325,1.3605917083417656,0.6768215147509107,-0.21786288188464029,0.0707787766796021,0.07366316114477506,0.4261850730003508,1.3067676828979145,1.3029006078402134,1.2895545223983802,0.9341385475083368,-0.42635358199458595
0.056892306728171055,0.06031452955576476,0.2632902331568384,1.4129363630243892,1.4098393827889193,1.3961525603815534,0.9430754632515295,-0.17406127341706418,0.057446371346893524,0.06085298805961263,0.29993366856077364,1.39612491188243,1.3925821007132853,1.378505110491363,0.9031040107267732,-0.17134659072381792,0.07186878917604161,0.07478880967340641,0.4239797757194585,1.3258129954197369,1.3216440126555447,1.3071929019985,0.9661011440852767,-0.390485158331865
0.05854763332173304,0.061882131235995924,0.2358356976126955,1.4285739154763748,1.4258235247496611,1.4137326883449304,0.752705379703563,-0.1940211447734165,0.056892306728171055,0.06031452955576476,0.2632902331568384,1.4129363630243892,1.4098393827889193,1.3961525603815534,0.9430754632515295,-0.17406127341706418,0.04247484338121267,0.04544824298199594,0.4080358040442261,1.34202663731361,1.339443895089704,1.3250206062475334,0.8648065028033294,-0.3594021482151436
0.08139111399072024,0.08489492744656577,0.1810784117810141,1.447948878822006,1.44360683846422,1.4314158914626771,0.48273904516005617,-0.022635933812010074,0.05854763332173304,0.061882131235995924,0.2358356976126955,1.4285739154763748,1.4258235247496611,1.4137326883449304,0.752705379703563,-0.1940211447734165,0.059597247029614143,0.06250553086548372,0.39931105855308474,1.3592535699309,1.3559119507797395,1.3428157759163142,0.8979090811124695,-0.40359914762970583
0.07451215166873257,0.07846016171178037,0.11569324290364054,1.4689766669906876,1.4640710353401554,1.4494596948599847,0.4793016077498251,-0.2554199924657193,0.08139111399072024,0.08489492744656577,0.1810784117810141,1.447948878822006,1.44360683846422,1.4314158914626771,0.48273904516005617,-0.022635933812010074,0.06532083761150306,0.06844740745151427,0.35619939841071613,1.3771129386133656,1.3733918153140325,1.3605917083417656,0.6768215147509107,-0.21786288188464029
0.04650391408892045,0.05059560268321697,0.05761428330247424,1.4867158709685893,1.4840161413372304,1.468041962320517,0.5084119163522782,-0.21944591258487078,0.07451215166873257,0.07846016171178037,0.11569324290364054,1.4689766669906876,1.4640710353401554,1.4494596948599847,0.4793016077498251,-0.2554199924657193,0.057446371346893524,0.06085298805961263,0.29993366856077364,1.39612491188243,1.3925821007132853,1.378505110491363,0.9031040107267732,-0.17134659072381792
0.03848260350424612,0.04253545282661935,0.030157083483281142,1.5011855308746578,1.49949448240229,1.4864466728049555,0.4663222723622873,-0.23257355877790103,0.04650391408892045,0.05059560268321697,0.05761428330247424,1.4867158709685893,1.4840161413372304,1.468041962320517,0.5084119163522782,-0.21944591258487078,0.056892306728171055,0.06031452955576476,0.2632902331568384,1.4129363630243892,1.4098393827889193,1.3961525603815534,0.9430754632515295,-0.17406127341706418
0.02825990660180187,0.03226229732603116,0.00159521134010235,1.5163067730171316,1.5143156031751053,1.5043209452663104,0.691120232439304,-0.4239125616011471,0.03848260350424612,0.04253545282661935,0.030157083483281142,1.5011855308746578,1.49949448240229,1.4864466728049555,0.4663222723622873,-0.23257355877790103,0.05854763332173304,0.061882131235995924,0.2358356976126955,1.4285739154763748,1.4258235247496611,1.4137326883449304,0.752705379703563,-0.1940211447734165
0.010706582432259977,0.014687961735099881,-0.011902519772289939,1.5265235691004675,1.526698088183502,1.5203379035745985,0.4860971990452909,-0.4539511528647455,0.02825990660180187,0.03226229732603116,0.00159521134010235,1.5163067730171316,1.5143156031751053,1.5043209452663104,0.691120232439304,-0.4239125616011471,0.08139111399072024,0.08489492744656577,0.1810784117810141,1.447948878822006,1.44360683846422,1.4314158914626771,0.48273904516005617,-0.022635933812010074
0.0035733727029358398,0.007550816834901039,-0.015398937165753326,1.5348359574601247,1.5356784392294605,1.5335694733295466,0.3989594434604067,-0.41732857750530855,0.010706582432259977,0.014687961735099881,-0.011902519772289939,1.5265235691004675,1.526698088183502,1.5203379035745985,0.4860971990452909,-0.4539511528647455,0.07451215166873257,0.07846016171178037,0.11569324290364054,1.4689766669906876,1.4640710353401554,1.4494596948599847,0.4793016077498251,-0.2554199924657193
0.02276778093298166,0.02662890992009921,-0.018393588001675752,1.5439772370166995,1.5439174086670482,1.5449092972923566,0.441316823686837,-0.40395262732519494,0.0035733727029358398,0.007550816834901039,-0.015398937165753326,1.5348359574601247,1.5356784392294605,1.5335694733295466,0.3989594434604067,-0.41732857750530855,0.04650391408892045,0.05059560268321697,0.05761428330247424,1.4867158709685893,1.4840161413372304,1.468041962320517,0.5084119163522782,-0.21944591258487078
0.026741781832923108,0.03068757094402316,-0.02777454687978099,1.5559750303218274,1.5551254013981812,1.5554145701051598,0.6957061680311569,-0.4592266847606157,0.02276778093298166,0.02662890992009921,-0.018393588001675752,1.5439772370166995,1.5439174086670482,1.5449092972923566,0.441316823686837,-0.40395262732519494,0.03848260350424612,0.04253545282661935,0.030157083483281142,1.5011855308746578,1.49949448240229,1.4864466728049555,0.4663222723622873,-0.23257355877790103
0.033817073237431515,0.03773527294285478,-0.027657393438712943,1.5684720012649107,1.5672171443496117,1.56561474648676,0.7032247915099528,-0.47405272964423817,0.026741781832923108,0.03068757094402316,-0.02777454687978099,1.5559750303218274,1.5551254013981812,1.5554145701051598,0.6957061680311569,-0.4592266847606157,0.02825990660180187,0.03226229732603116,0.00159521134010235,1.5163067730171316,1.5143156031751053,1.5043209452663104,0.691120232439304,-0.4239125616011471
0.04198096194782399,0.04594186900556252,-0.034099355748123214,1.5835851655095836,1.5815595199360208,1.5770084307013104,0.9143401727255451,-0.510348148053279,0.033817073237431515,0.03773527294285478,-0.027657393438712943,1.5684720012649107,1.5672171443496117,1.56561474648676,0.7032247915099528,-0.47405272964423817,0.010706582432259977,0.014687961735099881,-0.011902519772289939,1.5265235691004675,1.526698088183502,1.5203379035745985,0.4860971990452909,-0.4539511528647455
0.047772434399646464,0.05197205844375827,-0.053871901203914566,1.6000904586488531,1.597471474341737,1.590280612270997,0.8080718336579675,-0.4446034356029257,0.04198096194782399,0.04594186900556252,-0.034099355748123214,1.5835851655095836,1.5815595199360208,1.5770084307013104,0.9143401727255451,-0.510348148053279,0.0035733727029358398,0.007550816834901039,-0.015398937165753326,1.5348359574601247,1.5356784392294605,1.5335694733295466,0.3989594434604067,-0.41732857750530855
0.041068469336868675,0.04536608321315356,-0.06710625204012216,1.6166662362262563,1.6142962142463064,1.6050358771121154,1.0381975585232164,-0.46269290127079143,0.047772434399646464,0.05197205844375827,-0.053871901203914566,1.6000904586488531,1.597471474341737,1.590280612270997,0.8080718336579675,-0.4446034356029257,0.02276778093298166,0.02662890992009921,-0.018393588001675752,1.5439772370166995,1.5439174086670482,1.5449092972923566,0.441316823686837,-0.40395262732519494
0.01574315118899447,0.01971187231009534,-0.0677450578730231,1.6291487750967524,1.6287376221544019,1.620378163423081,1.13213343891685,-0.679702837463569,0.041068469336868675,0.04536608321315356,-0.06710625204012216,1.6166662362262563,1.6142962142463064,1.6050358771121154,1.0381975585232164,-0.46269290127079143,0.026741781832923108,0.03068757094402316,-0.02777454687978099,1.5559750303218274,1.5551254013981812,1.5554145701051598,0.6957061680311569,-0.4592266847606157
0.03850873779933861,0.04218561847686152,-0.058745994881691695,1.641449480607247,1.6401930083846765,1.6351542120213116,0.9687593253812294,-0.4823225965817802,0.01574315118899447,0.01971187231009534,-0.0677450578730231,1.6291487750967524,1.6287376221544019,1.620378163423081,1.13213343891685,-0.679702837463569,0.033817073237431515,0.03773527294285478,-0.027657393438712943,1.5684720012649107,1.5672171443496117,1.56561474648676,0.7032247915099528,-0.47405272964423817
0.03691255543612589,0.04042837692223024,-0.04819894570355936,1.6548144461656145,1.6536278878957105,1.6494034944642935,0.6230329702374675,-0.3866648758342301,0.03850873779933861,0.04218561847686152,-0.058745994881691695,1.641449480607247,1.6401930083846765,1.6351542120213116,0.9687593253812294,-0.4823225965817802,0.04198096194782399,0.04594186900556252,-0.034099355748123214,1.5835851655095836,1.5815595199360208,1.5770084307013104,0.9143401727255451,-0.510348148053279
0.03520862011183931,0.038629680241329865,-0.031091213972248774,1.6677842340328244,1.6666549222773874,1.6627461006679627,0.47459740359049984,-0.32007426156814944,0.03691255543612589,0.04042837692223024,-0.04819894570355936,1.6548144461656145,1.6536278878957105,1.6494034944642935,0.6230329702374675,-0.3866648758342301,0.047772434399646464,0.05197205844375827,-0.053871901203914566,1.6000904586488531,1.597471474341737,1.590280612270997,0.8080718336579675,-0.4446034356029257
0.03961059969752211,0.04296086679346367,-0.041998164164426914,1.6831021777665698,1.6811202878808038,1.675897963049493,0.3867220201937216,-0.295418896973304,0.03520862011183931,0.038629680241329865,-0.031091213972248774,1.6677842340328244,1.6666549222773874,1.6627461006679627,0.47459740359049984,-0.32007426156814944,0.041068469336868675,0.04536608321315356,-0.06710625204012216,1.6166662362262563,1.6142962142463064,1.6050358771121154,1.0381975585232164,-0.46269290127079143
0.018533274605554,0.02182470718903153,-0.04023711761254409,1.6958369089648948,1.6953570892315701,1.689707618853355,0.35195039736378053,-0.3076571437729391,0.03961059969752211,0.04296086679346367,-0.041998164164426914,1.6831021777665698,1.6811202878808038,1.675897963049493,0.3867220201937216,-0.295418896973304,0.01574315118899447,0.01971187231009534,-0.0677450578730231,1.6291487750967524,1.6287376221544019,1.620378163423081,1.13213343891685,-0.679702837463569
0.011056396496217424,0.014335912774602711,-0.030743460209184226,1.7057927656476353,1.7060809510073978,1.702918709364336,0.31929948738703473,-0.3144484662036531,0.018533274605554,0.02182470718903153,-0.04023711761254409,1.6958369089648948,1.6953570892315701,1.689707618853355,0.35195039736378053,-0.3076571437729391,0.03850873779933861,0.04218561847686152,-0.058745994881691695,1.641449480607247,1.6401930083846765,1.6351542120213116,0.9687593253812294,-0.4823225965817802
-0.0237934464064337,-0.020533972304104708,-0.02258841103805817,1.712069761258845,1.7144922982620103,1.7150047545132368,0.27423213128932256,-0.35403043313400634,0.011056396496217424,0.014335912774602711,-0.030743460209184226,1.7057927656476353,1.7060809510073978,1.702918709364336,0.31929948738703473,-0.3144484662036531,0.03691255543612589,0.04042837692223024,-0.04819894570355936,1.6548144461656145,1.6536278878957105,1.6494034944642935,0.6230329702374675,-0.3866648758342301
-0.024813458067605713,-0.021757140751284123,0.002474672556846171,1.7112817420141324,1.7158288827345385,1.7240574132226472,0.35401844848205144,-0.1749626183740247,-0.0237934464064337,-0.020533972304104708,-0.02258841103805817,1.712069761258845,1.7144922982620103,1.7150047545132368,0.27423213128932256,-0.35403043313400634,0.03520862011183931,0.038629680241329865,-0.031091213972248774,1.6677842340328244,1.6666549222773874,1.6627461006679627,0.47459740359049984,-0.32007426156814944
-0.014858593117867379,-0.012140429247579652,0.03431640995858583,1.714965245486988,1.7177899524967302,1.7300443881701444,0.3464769827739467,-0.2665949476853024,-0.024813458067605713,-0.021757140751284123,0.002474672556846171,1.7112817420141324,1.7158288827345385,1.7240574132226472,0.35401844848205144,-0.1749626183740247,0.03961059969752211,0.04296086679346367,-0.041998164164426914,1.6831021777665698,1.6811202878808038,1.675897963049493,0.3867220201937216,-0.295418896973304
-0.03222274819584052,-0.029770822839731197,0.06988916879168891,1.7170342896702646,1.7206079830662946,1.7340034641707902,0.07708850530996969,-0.2603687856660909,-0.014858593117867379,-0.012140429247579652,0.03431640995858583,1.714965245486988,1.7177899524967302,1.7300443881701444,0.3464769827739467,-0.2665949476853024,0.018533274605554,0.02182470718903153,-0.04023711761254409,1.6958369089648948,1.6953570892315701,1.689707618853355,0.35195039736378053,-0.3076571437729391
-0.03616188943065544,-0.03388639311022887,0.1140999993372511,1.7159329531469456,1.7206287290480953,1.7357752723662385,0.008006994408517265,-0.26609622744108746,-0.03222274819584052,-0.029770822839731197,0.06988916879168891,1.7170342896702646,1.7206079830662946,1.7340034641707902,0.07708850530996969,-0.2603687856660909,0.011056396496217424,0.014335912774602711,-0.030743460209184226,1.7057927656476353,1.7060809510073978,1.702918709364336,0.31929948738703473,-0.3144484662036531
-0.04605025202655584,-0.04408146962004801,0.1611379970513051,1.7114552495231092,1.7173403389343012,1.7360996420345554,-0.1374648507025964,-0.15215262169922505,-0.03616188943065544,-0.03388639311022887,0.1140999993372511,1.7159329531469456,1.7206287290480953,1.7357752723662385,0.008006994408517265,-0.26609622744108746,-0.0237934464064337,-0.020533972304104708,-0.02258841103805817,1.712069761258845,1.7144922982620103,1.7150047545132368,0.27423213128932256,-0.35403043313400634
-0.07563226416138777,-0.07405903436104008,0.2220846771113679,1.7055286984515523,1.7125507088259277,1.735020957382785,-0.12444546972325021,-0.18353585897772623,-0.04605025202655584,-0.04408146962004801,0.1611379970513051,1.7114552495231092,1.7173403389343012,1.7360996420345554,-0.1374648507025964,-0.15215262169922505,-0.024813458067605713,-0.021757140751284123,0.002474672556846171,1.7112817420141324,1.7158288827345385,1.7240574132226472,0.35401844848205144,-0.1749626183740247
-0.07524316815743134,-0.07396165707930977,0.29224294279114466,1.6962643205751617,1.7040826542121539,1.7311602443622873,-0.18280637488145057,-0.07588242734340854,-0.07563226416138777,-0.07405903436104008,0.2220846771113679,1.7055286984515523,1.7125507088259277,1.735020957382785,-0.12444546972325021,-0.18353585897772623,-0.014858593117867379,-0.012140429247579652,0.03431640995858583,1.714965245486988,1.7177899524967302,1.7300443881701444,0.3464769827739467,-0.2665949476853024
-0.028962154667007856,-0.028126191098343536,0.35584956633320663,1.6940095922884426,1.6985007990417424,1.7258047716009106,-0.29126547517296775,-0.07515484711170402,-0.07524316815743134,-0.07396165707930977,0.29224294279114466,1.6962643205751617,1.7040826542121539,1.7311602443622873,-0.18280637488145057,-0.07588242734340854,-0.03222274819584052,-0.029770822839731197,0.06988916879168891,1.7170342896702646,1.7206079830662946,1.7340034641707902,0.07708850530996969,-0.2603687856660909
-0.009042923127153286,-0.008234637613163034,0.37988199256842314,1.697784871315418,1.7002530828899394,1.7214951426770884,-0.2827186064297358,-0.10674843865432694,-0.028962154667007856,-0.028126191098343536,0.35584956633320663,1.6940095922884426,1.6985007990417424,1.7258047716009106,-0.29126547517296775,-0.07515484711170402,-0.03616188943065544,-0.03388639311022887,0.1140999993372511,1.7159329531469456,1.7206287290480953,1.7357752723662385,0.008006994408517265,-0.26609622744108746
0.01281367091717698,0.013593041946499934,0.40700260358697404,1.7037485018498089,1.705251012996269,1.7194613986839404,-0.30012368953376134,-0.13135336242130272,-0.009042923127153286,-0.008234637613163034,0.37988199256842314,1.697784871315418,1.7002530828899394,1.7214951426770884,-0.2827186064297358,-0.10674843865432694,-0.04605025202655584,-0.04408146962004801,0.1611379970513051,1.7114552495231092,1.7173403389343012,1.7360996420345554,-0.1374648507025964,-0.15215262169922505
-0.02528654799144395,-0.02444436591404635,0.4230869429404611,1.7076687797397871,1.7107211362019292,1.720607493669567,-0.318659651909603,-0.056128209287187994,0.01281367091717698,0.013593041946499934,0.40700260358697404,1.7037485018498089,1.705251012996269,1.7194613986839404,-0.30012368953376134,-0.13135336242130272,-0.07563226416138777,-0.07405903436104008,0.2220846771113679,1.7055286984515523,1.7125507088259277,1.735020957382785,-0.12444546972325021,-0.18353585897772623
-0.023622096104198215,-0.022843481010391277,0.4393370913084795,1.708802418892145,1.712550459883721,1.7238660390073899,-0.3696980826643408,-0.06579861286323797,-0.02528654799144395,-0.02444436591404635,0.4230869429404611,1.7076687797397871,1.7107211362019292,1.720607493669567,-0.318659651909603,-0.056128209287187994,-0.07524316815743134,-0.07396165707930977,0.29224294279114466,1.6962643205751617,1.7040826542121539,1.7311602443622873,-0.18280637488145057,-0.07588242734340854
-0.08205544424476366,-0.08169363562104187,0.46607725932678234,1.702884806086202,1.7104911273663768,1.7265006454425011,-0.3662599826980877,-0.10170369540156754,-0.023622096104198215,-0.022843481010391277,0.4393370913084795,1.708802418892145,1.712550459883721,1.7238660390073899,-0.3696980826643408,-0.06579861286323797,-0.028962154667007856,-0.028126191098343536,0.35584956633320663,1.6940095922884426,1.6985007990417424,1.7258047716009106,-0.29126547517296775,-0.07515484711170402
-0.08799926178661349,-0.08822456355040029,0.5104243322720666,1.6912601584839626,1.7003560175004024,1.7256139057440711,-0.18174134412926035,-0.19078334052059842,-0.08205544424476366,-0.08169363562104187,0.46607725932678234,1.702884806086202,1.7104911273663768,1.7265006454425011,-0.3662599826980877,-0.10170369540156754,-0.009042923127153286,-0.008234637613163034,0.37988199256842314,1.697784871315418,1.7002530828899394,1.7214951426770884,-0.2827186064297358,-0.10674843865432694
-0.12618926518696513,-0.12735496305237792,0.5668422292454189,1.6751836870022094,1.6869113499528123,1.720096451993809,-0.10698236726975807,-0.1995050556163666,-0.08799926178661349,-0.08822456355040029,0.5104243322720666,1.6912601584839626,1.7003560175004024,1.7256139057440711,-0.18174134412926035,-0.19078334052059842,0.01281367091717698,0.013593041946499934,0.40700260358697404,1.7037485018498089,1.705251012996269,1.7194613986839404,-0.30012368953376134,-0.13135336242130272
-0.10752713147685933,-0.10910807397902111,0.6199762226656429,1.654415861358169,1.6661680092732354,1.709036053581003,-0.24211083659377675,-0.1680502498691895,-0.12618926518696513,-0.12735496305237792,0.5668422292454189,1.6751836870022094,1.6869113499528123,1.720096451993809,-0.10698236726975807,-0.1995050556163666,-0.02528654799144395,-0.02444436591404635,0.4230869429404611,1.7076687797397871,1.7107211362019292,1.720607493669567,-0.318659651909603,-0.056128209287187994
-0.13821996497711797,-0.14038707768992315,0.6804506814000172,1.6310524031121,1.6443928073349507,1.6929125846479298,-0.170739822575793,-0.22063458282368648,-0.10752713147685933,-0.10910807397902111,0.6199762226656429,1.654415861358169,1.6661680092732354,1.709036053581003,-0.24211083659377675,-0.1680502498691895,-0.023622096104198215,-0.022843481010391277,0.4393370913084795,1.708802418892145,1.712550459883721,1.7238660390073899,-0.3696980826643408,-0.06579861286323797
-0.09707426566864391,-0.09953763413143128,0.7273105179447567,1.6130681003597456,1.6236758781668477,1.6739794003828423,-0.22924847913432922,-0.21725828286627227,-0.13821996497711797,-0.14038707768992315,0.6804506814000172,1.6310524031121,1.6443928073349507,1.6929125846479298,-0.170739822575793,-0.22063458282368648,-0.08205544424476366,-0.08169363562104187,0.46607725932678234,1.702884806086202,1.7104911273663768,1.7265006454425011,-0.3662599826980877,-0.10170369540156754
-0.08687907434093949,-0.08932477150553386,0.7358605544431615,1.5998063520524566,1.6089349075091663,1.6545218799014048,-0.20113482592049037,-0.2306748223361923,-0.09707426566864391,-0.09953763413143128,0.7273105179447567,1.6130681003597456,1.6236758781668477,1.6739794003828423,-0.22924847913432922,-0.21725828286627227,-0.08799926178661349,-0.08822456355040029,0.5104243322720666,1.6912601584839626,1.7003560175004024,1.7256139057440711,-0.18174134412926035,-0.19078334052059842
-0.1635965806176689,-0.1666745596258943,0.7564277587815942,1.5743222111236894,1.5895280169571047,1.6351594225875457,-0.25077130847233375,-0.24894439049165676,-0.08687907434093949,-0.08932477150553386,0.7358605544431615,1.5998063520524566,1.6089349075091663,1.6545218799014048,-0.20113482592049037,-0.2306748223361923,-0.12618926518696513,-0.12735496305237792,0.5668422292454189,1.6751836870022094,1.6869113499528123,1.720096451993809,-0.10698236726975807,-0.1995050556163666
-0.14958631112355647,-0.1530757279200094,0.7933207997854397,1.5459326723189049,1.5607288735489084,1.6139891931938368,-0.2787441085811433,-0.2983437648797459,-0.1635965806176689,-0.1666745596258943,0.7564277587815942,1.5743222111236894,1.5895280169571047,1.6351594225875457,-0.25077130847233375,-0.24894439049165676,-0.10752713147685933,-0.10910807397902111,0.6199762226656429,1.654415861358169,1.6661680092732354,1.709036053581003,-0.24211083659377675,-0.1680502498691895
-0.17456010488608717,-0.1781993712911,0.8248097487609869,1.5202780799793303,1.535484766979835,1.5919923097005875,-0.26020405298728555,-0.20263877312422843,-0.14958631112355647,-0.1530757279200094,0.7933207997854397,1.5459326723189049,1.5607288735489084,1.6139891931938368,-0.2787441085811433,-0.2983437648797459,-0.13821996497711797,-0.14038707768992315,0.6804506814000172,1.6310524031121,1.6443928073349507,1.6929125846479298,-0.170739822575793,-0.22063458282368648
-0.15602153365908253,-0.15979557414899437,0.859601808314198,1.4920299925140137,1.506904313316221,1.5669057079907667,-0.3026800146746771,-0.22942547710369413,-0.17456010488608717,-0.1781993712911,0.8248097487609869,1.5202780799793303,1.535484766979835,1.5919923097005875,-0.26020405298728555,-0.20263877312422843,-0.09707426566864391,-0.09953763413143128,0.7273105179447567,1.6130681003597456,1.6236758781668477,1.6739794003828423,-0.22924847913432922,-0.21725828286627227
-0.14474693905542085,-0.14861463027381874,0.8697407141205507,1.4650553435148255,1.4793361858298888,1.5392766927601222,-0.3291418937586599,-0.22592392044099102,-0.15602153365908253,-0.15979557414899437,0.859601808314198,1.4920299925140137,1.506904313316221,1.5669057079907667,-0.3026800146746771,-0.22942547710369413,-0.08687907434093949,-0.08932477150553386,0.7358605544431615,1.5998063520524566,1.6089349075091663,1.6545218799014048,-0.20113482592049037,-0.2306748223361923
-0.11533694410198614,-0.11939949632321077,0.880294598992531,1.4427216335139879,1.4546175893777853,1.5124860498283106,-0.32292139731478375,-0.22616683873495705,-0.14474693905542085,-0.14861463027381874,0.8697407141205507,1.4650553435148255,1.4793361858298888,1.5392766927601222,-0.3291418937586599,-0.22592392044099102,-0.1635965806176689,-0.1666745596258943,0.7564277587815942,1.5743222111236894,1.5895280169571047,1.6351594225875457,-0.25077130847233375,-0.24894439049165676
-0.056345947043725045,-0.06067568237219015,0.8750876968634314,1.4300827795538358,1.4377754214242666,1.4878400814363388,-0.3126649165903941,-0.2902264390044329,-0.11533694410198614,-0.11939949632321077,0.880294598992531,1.4427216335139879,1.4546175893777853,1.5124860498283106,-0.32292139731478375,-0.22616683873495705,-0.14958631112355647,-0.1530757279200094,0.7933207997854397,1.5459326723189049,1.5607288735489084,1.6139891931938368,-0.2787441085811433,-0.2983437648797459
-0.08184266067002868,-0.0858843698139579,0.860097863707016,1.4208549852338321,1.4288478530079887,1.467779120296859,-0.262129371234781,-0.27899802882794267,-0.056345947043725045,-0.06067568237219015,0.8750876968634314,1.4300827795538358,1.4377754214242666,1.4878400814363388,-0.3126649165903941,-0.2902264390044329,-0.17456010488608717,-0.1781993712911,0.8248097487609869,1.5202780799793303,1.535484766979835,1.5919923097005875,-0.26020405298728555,-0.20263877312422843
-0.05759444803777991,-0.06167783002949201,0.8451218860742621,1.4109890101010674,1.4180422633859493,1.451796162419246,-0.24630771599960832,-0.2791127117591433,-0.08184266067002868,-0.0858843698139579,0.860097863707016,1.4208549852338321,1.4288478530079887,1.467779120296859,-0.262129371234781,-0.27899802882794267,-0.15602153365908253,-0.15979557414899437,0.859601808314198,1.4920299925140137,1.506904313316221,1.5669057079907667,-0.3026800146746771,-0.22942547710369413
-0.05848674050476907,-0.06227118260483826,0.8190250815618947,1.4049073060338801,1.4108250793310868,1.4402299151151263,-0.12191781303408122,-0.28425224184958897,-0.05759444803777991,-0.06167783002949201,0.8451218860742621,1.4109890101010674,1.4180422633859493,1.451796162419246,-0.24630771599960832,-0.2791127117591433,-0.14474693905542085,-0.14861463027381874,0.8697407141205507,1.4650553435148255,1.4793361858298888,1.5392766927601222,-0.3291418937586599,-0.22592392044099102
-0.048347133737458955,-0.05243860238593523,0.7971203576565606,1.3983600727761778,1.404076076875353,1.4315477096608893,-0.1176845475518804,-0.3507082315717358,-0.05848674050476907,-0.06227118260483826,0.8190250815618947,1.4049073060338801,1.4108250793310868,1.4402299151151263,-0.12191781303408122,-0.28425224184958897,-0.11533694410198614,-0.11939949632321077,0.880294598992531,1.4427216335139879,1.4546175893777853,1.5124860498283106,-0.32292139731478375,-0.22616683873495705
-0.09441512266078757,-0.09809620686811035,0.7599230226605465,1.3868749825092623,1.39557271495593,1.4231308972717986,-0.03466187725994363,-0.3052353410894835,-0.048347133737458955,-0.05243860238593523,0.7971203576565606,1.3983600727761778,1.404076076875353,1.4315477096608893,-0.1176845475518804,-0.3507082315717358,-0.056345947043725045,-0.06067568237219015,0.8750876968634314,1.4300827795538358,1.4377754214242666,1.4878400814363388,-0.3126649165903941,-0.2902264390044329
-0.04857528156806995,-0.05205413444521494,0.7137910754940995,1.3791047827097451,1.3848673114069587,1.414707458728287,0.04969657981926501,-0.3860357745821818,-0.09441512266078757,-0.09809620686811035,0.7599230226605465,1.3868749825092623,1.39557271495593,1.4231308972717986,-0.03466187725994363,-0.3052353410894835,-0.08184266067002868,-0.0858843698139579,0.860097863707016,1.4208549852338321,1.4288478530079887,1.467779120296859,-0.262129371234781,-0.27899802882794267
-0.0941926069329612,-0.09788335639373674,0.6941353178572515,1.3686795416119661,1.3769776859793144,1.4063045340602114,0.21145678789772937,-0.4746795424094226,-0.04857528156806995,-0.05205413444521494,0.7137910754940995,1.3791047827097451,1.3848673114069587,1.414707458728287,0.04969657981926501,-0.3860357745821818,-0.05759444803777991,-0.06167783002949201,0.8451218860742621,1.4109890101010674,1.4180422633859493,1.451796162419246,-0.24630771599960832,-0.2791127117591433
-0.15039589153325172,-0.1540695972627084,0.6639897423496601,1.3469496305726356,1.3600403616624606,1.3954377938188052,0.11615282042449371,-0.37286908900603394,-0.0941926069329612,-0.09788335639373674,0.6941353178572515,1.3686795416119661,1.3769776859793144,1.4063045340602114,0.21145678789772937,-0.4746795424094226,-0.05848674050476907,-0.06227118260483826,0.8190250815618947,1.4049073060338801,1.4108250793310868,1.4402299151151263,-0.12191781303408122,-0.28425224184958897
-0.1667248524912597,-0.17076738520184942,0.6638627962539858,1.318794171560781,1.334032629960252,1.380139381563947,-0.0215435319791637,-0.2904065762136429,-0.15039589153325172,-0.1540695972627084,0.6639897423496601,1.3469496305726356,1.3600403616624606,1.3954377938188052,0.11615282042449371,-0.37286908900603394,-0.048347133737458955,-0.05243860238593523,0.7971203576565606,1.3983600727761778,1.404076076875353,1.4315477096608893,-0.1176845475518804,-0.3507082315717358
-0.16075243861594052,-0.16522860969010533,0.6737430660242256,1.293743929355844,1.3077689638270562,1.3612910027400125,-0.07876861682285208,-0.25338013949998395,-0.1667248524912597,-0.17076738520184942,0.6638627962539858,1.318794171560781,1.334032629960252,1.380139381563947,-0.0215435319791637,-0.2904065762136429,-0.09441512266078757,-0.09809620686811035,0.7599230226605465,1.3868749825092623,1.39557271495593,1.4231308972717986,-0.03466187725994363,-0.3052353410894835
-0.14363818731766853,-0.14864444827316606,0.6842018787957608,1.268364167772181,1.2815451939738205,1.3379216900438773,-0.19196285597700147,-0.21580889019323213,-0.16075243861594052,-0.16522860969010533,0.6737430660242256,1.293743929355844,1.3077689638270562,1.3612910027400125,-0.07876861682285208,-0.25338013949998395,-0.04857528156806995,-0.05205413444521494,0.7137910754940995,1.3791047827097451,1.3848673114069587,1.414707458728287,0.04969657981926501,-0.3860357745821818
-0.11516436632260589,-0.12033386185944364,0.7057250534377848,1.2471427400851733,1.2589184226820411,1.3126463417367042,-0.2085667416877084,-0.24327391029463363,-0.14363818731766853,-0.14864444827316606,0.6842018787957608,1.268364167772181,1.2815451939738205,1.3379216900438773,-0.19196285597700147,-0.21580889019323213,-0.0941926069329612,-0.09788335639373674,0.6941353178572515,1.3686795416119661,1.3769776859793144,1.4063045340602114,0.21145678789772937,-0.4746795424094226
-0.08718309116433712,-0.09202082796775007,0.7097901954494075,1.2352458966034505,1.2432248369692387,1.2895341731478989,-0.11159607558972517,-0.2404441986227591,-0.11516436632260589,-0.12033386185944364,0.7057250534377848,1.2471427400851733,1.2589184226820411,1.3126463417367042,-0.2085667416877084,-0.24327391029463363,-0.15039589153325172,-0.1540695972627084,0.6639897423496601,1.3469496305726356,1.3600403616624606,1.3954377938188052,0.11615282042449371,-0.37286908900603394
-0.07742595177479156,-0.0814669856653079,0.6976282854565472,1.2230291322214164,1.2316554244366618,1.2700923060187936,-0.08953724880176273,-0.19611865095179748,-0.08718309116433712,-0.09202082796775007,0.7097901954494075,1.2352458966034505,1.2432248369692387,1.2895341731478989,-0.11159607558972517,-0.2404441986227591,-0.1667248524912597,-0.17076738520184942,0.6638627962539858,1.318794171560781,1.334032629960252,1.380139381563947,-0.0215435319791637,-0.2904065762136429
-0.016974371850387467,-0.02187160246644407,0.6888131528639907,1.219984365215534,1.223451259632959,1.2549527326102328,0.47894405790788674,0.05446322545679438,-0.07742595177479156,-0.0814669856653079,0.6976282854565472,1.2230291322214164,1.2316554244366618,1.2700923060187936,-0.08953724880176273,-0.19611865095179748,-0.16075243861594052,-0.16522860969010533,0.6737430660242256,1.293743929355844,1.3077689638270562,1.3612910027400125,-0.07876861682285208,-0.25338013949998395
-0.014142922569006781,-0.018241435398677355,0.6690484548470673,1.2191715058376065,1.2225906954469834,1.245228693757284,0.635478815398931,0.14663439317172283,-0.016974371850387467,-0.02187160246644407,0.6888131528639907,1.219984365215534,1.223451259632959,1.2549527326102328,0.47894405790788674,0.05446322545679438,-0.14363818731766853,-0.14864444827316606,0.6842018787957608,1.268364167772181,1.2815451939738205,1.3379216900438773,-0.19196285597700147,-0.21580889019323213
-0.038523831999395644,-0.04243088594320918,0.6297611037114452,1.2199385401736274,1.2236165518725777,1.2399588045337526,0.7232993518699091,0.17502490558203168,-0.014142922569006781,-0.018241435398677355,0.6690484548470673,1.2191715058376065,1.2225906954469834,1.245228693757284,0.635478815398931,0.14663439317172283,-0.11516436632260589,-0.12033386185944364,0.7057250534377848,1.2471427400851733,1.2589184226820411,1.3126463417367042,-0.2085667416877084,-0.24327391029463363
-0.0491684627241421,-0.053106468054259295,0.6184196172040195,1.2168274516551238,1.2218428943012938,1.2370209550604911,0.7545692999718496,0.20761799173269407,-0.038523831999395644,-0.04243088594320918,0.6297611037114452,1.2199385401736274,1.2236165518725777,1.2399588045337526,0.7232993518699091,0.17502490558203168,-0.08718309116433712,-0.09202082796775007,0.7097901954494075,1.2352458966034505,1.2432248369692387,1.2895341731478989,-0.11159607558972517,-0.2404441986227591
-0.0033504799589356114,-0.006976242824782389,0.6031405312799807,1.2139241300139334,1.2175242212582886,1.2354544788529613,0.903226611912332,0.2014108986942271,-0.0491684627241421,-0.053106468054259295,0.6184196172040195,1.2168274516551238,1.2218428943012938,1.2370209550604911,0.7545692999718496,0.20761799173269407,-0.07742595177479156,-0.0814669856653079,0.6976282854565472,1.2230291322214164,1.2316554244366618,1.2700923060187936,-0.08953724880176273,-0.19611865095179748
0.0019330948705402334,-0.0010672122944284934,0.5715776247500094,1.2186106505820486,1.2203903563188256,1.2348881834928123,0.9485399169655215,0.3861016734087891,-0.0033504799589356114,-0.006976242824782389,0.6031405312799807,1.2139241300139334,1.2175242212582886,1.2354544788529613,0.903226611912332,0.2014108986942271,-0.016974371850387467,-0.02187160246644407,0.6888131528639907,1.219984365215534,1.223451259632959,1.2549527326102328,0.47894405790788674,0.05446322545679438
-0.04334416954060161,-0.04592701811434512,0.5225057127188716,1.218768865650625,1.2228518352236124,1.234741750742939,1.1122021392904138,0.40867489390459083,0.0019330948705402334,-0.0010672122944284934,0.5715776247500094,1.2186106505820486,1.2203903563188256,1.2348881834928123,0.9485399169655215,0.3861016734087891,-0.014142922569006781,-0.018241435398677355,0.6690484548470673,1.2191715058376065,1.2225906954469834,1.245228693757284,0.635478815398931,0.14663439317172283
-0.027652042561112977,-0.030242767923016688,0.4855067489383784,1.219328739549146,1.2226254118141,1.2347799291771429,1.1023598597469118,0.4009844071903655,-0.04334416954060161,-0.04592701811434512,0.5225057127188716,1.218768865650625,1.2228518352236124,1.234741750742939,1.1122021392904138,0.40867489390459083,-0.038523831999395644,-0.04243088594320918,0.6297611037114452,1.2199385401736274,1.2236165518725777,1.2399588045337526,0.7232993518699091,0.17502490558203168
0.0036038899011993104,0.0008516643437574793,0.47504741487918,1.2214021273949236,1.2235447924861798,1.2360832970643765,1.0203102463201335,0.35075379865547374,-0.027652042561112977,-0.030242767923016688,0.4855067489383784,1.219328739549146,1.2226254118141,1.2347799291771429,1.1023598597469118,0.4009844071903655,-0.0491684627241421,-0.053106468054259295,0.6184196172040195,1.2168274516551238,1.2218428943012938,1.2370209550604911,0.7545692999718496,0.20761799173269407
-0.017926537506425165,-0.020457661302449734,0.4631069335746931,1.2248743149732375,1.2274545321753005,1.2380010781209967,1.1174767072366691,0.3530516055357806,0.0036038899011993104,0.0008516643437574793,0.47504741487918,1.2214021273949236,1.2235447924861798,1.2360832970643765,1.0203102463201335,0.35075379865547374,-0.0033504799589356114,-0.006976242824782389,0.6031405312799807,1.2139241300139334,1.2175242212582886,1.2354544788529613,0.903226611912332,0.2014108986942271
0.0003526919903563096,-0.0021911999889244298,0.4515867808464715,1.2271723006416715,1.2293562139614662,1.2395673435999806,1.1269178335108228,0.3201916606936492,-0.017926537506425165,-0.020457661302449734,0.4631069335746931,1.2248743149732375,1.2274545321753005,1.2380010781209967,1.1174767072366691,0.3530516055357806,0.0019330948705402334,-0.0010672122944284934,0.5715776247500094,1.2186106505820486,1.2203903563188256,1.2348881834928123,0.9485399169655215,0.3861016734087891
-0.01679399957659883,-0.01921602890898965,0.4488720228835958,1.227745389252072,1.2307383772985623,1.2415383618287001,1.1583989733696098,0.32148030724948784,0.0003526919903563096,-0.0021911999889244298,0.4515867808464715,1.2271723006416715,1.2293562139614662,1.2395673435999806,1.1269178335108228,0.3201916606936492,-0.04334416954060161,-0.04592701811434512,0.5225057127188716,1.218768865650625,1.2228518352236124,1.234741750742939,1.1122021392904138,0.40867489390459083
-0.02889590985297093,-0.031337217824665406,0.450506823410631,1.2268280907812756,1.2306688024398718,1.2433450447739418,1.1248160749844178,0.3389710131887998,-0.01679399957659883,-0.01921602890898965,0.4488720228835958,1.227745389252072,1.2307383772985623,1.2415383618287001,1.1583989733696098,0.32148030724948784,-0.027652042561112977,-0.030242767923016688,0.4855067489383784,1.219328739549146,1.2226254118141,1.2347799291771429,1.1023598597469118,0.4009844071903655
-0.058851331373610254,-0.06108807641395829,0.4432553759253334,1.2224873678704058,1.228177416061177,1.2436849454013867,1.2576082968177502,0.38105822926443084,-0.02889590985297093,-0.031337217824665406,0.450506823410631,1.2268280907812756,1.2306688024398718,1.2433450447739418,1.1248160749844178,0.3389710131887998,0.0036038899011993104,0.0008516643437574793,0.47504741487918,1.2214021273949236,1.2235447924861798,1.2360832970643765,1.0203102463201335,0.35075379865547374
-0.04738002631330154,-0.049598666255256864,0.4465244271727814,1.215757439391195,1.2213804494436713,1.2418839890527789,1.2722676578600298,0.3631340320421442,-0.058851331373610254,-0.06108807641395829,0.4432553759253334,1.2224873678704058,1.228177416061177,1.2436849454013867,1.2576082968177502,0.38105822926443084,-0.017926537506425165,-0.020457661302449734,0.4631069335746931,1.2248743149732375,1.2274545321753005,1.2380010781209967,1.1174767072366691,0.3530516055357806
-0.014412038440932737,-0.01632244965716414,0.4454515393229489,1.2132038961020797,1.2167288892060144,1.23855434789012,1.3699590147572112,0.42086540133483563,-0.04738002631330154,-0.049598666255256864,0.4465244271727814,1.215757439391195,1.2213804494436713,1.2418839890527789,1.2722676578600298,0.3631340320421442,0.0003526919903563096,-0.0021911999889244298,0.4515867808464715,1.2271723006416715,1.2293562139614662,1.2395673435999806,1.1269178335108228,0.3201916606936492
-0.04480710351628374,-0.046733888511588544,0.45061657156549506,1.2124689821644148,1.216626113774943,1.235145208720275,1.3446662495701718,0.44353067788603395,-0.014412038440932737,-0.01632244965716414,0.4454515393229489,1.2132038961020797,1.2167288892060144,1.23855434789012,1.3699590147572112,0.42086540133483563,-0.01679399957659883,-0.01921602890898965,0.4488720228835958,1.227745389252072,1.2307383772985623,1.2415383618287001,1.1583989733696098,0.32148030724948784
-0.02391414759405395,-0.02540493051863131,0.4816822971975262,1.2098813617376463,1.2138856837573577,1.2315120579360248,1.0789749056838724,0.6890303157616676,-0.04480710351628374,-0.046733888511588544,0.45061657156549506,1.2124689821644148,1.216626113774943,1.235145208720275,1.3446662495701718,0.44353067788603395,-0.02889590985297093,-0.031337217824665406,0.450506823410631,1.2268280907812756,1.2306688024398718,1.2433450447739418,1.1248160749844178,0.3389710131887998
0.0063346412936127194,0.004829946514878917,0.48488824579350875,1.213042315740651,1.2148964899509718,1.2296352281972618,1.0671366403614018,0.6350550859565459,-0.02391414759405395,-0.02540493051863131,0.4816822971975262,1.2098813617376463,1.2138856837573577,1.2315120579360248,1.0789749056838724,0.6890303157616676,-0.058851331373610254,-0.06108807641395829,0.4432553759253334,1.2224873678704058,1.228177416061177,1.2436849454013867,1.2576082968177502,0.38105822926443084
0.041843125235624654,0.04039084690201744,0.47947271611666376,1.2241231795174299,1.222468599168404,1.2308880823225221,1.1155286863664644,0.5782838151430099,0.0063346412936127194,0.004829946514878917,0.48488824579350875,1.213042315740651,1.2148964899509718,1.2296352281972618,1.0671366403614018,0.6350550859565459,-0.04738002631330154,-0.049598666255256864,0.4465244271727814,1.215757439391195,1.2213804494436713,1.2418839890527789,1.2722676578600298,0.3631340320421442
0.027622591942347265,0.026913797753075314,0.4488658806497844,1.236575614476632,1.2355766902696463,1.235394008651173,1.6275153880673443,0.609735102231267,0.041843125235624654,0.04039084690201744,0.47947271611666376,1.2241231795174299,1.222468599168404,1.2308880823225221,1.1155286863664644,0.5782838151430099,-0.014412038440932737,-0.01632244965716414,0.4454515393229489,1.2132038961020797,1.2167288892060144,1.23855434789012,1.3699590147572112,0.42086540133483563
0.07075948194792471,0.07021400219938337,0.4160585083142423,1.2519907155444114,1.248637574807275,1.2435975342110623,1.7294947538148513,0.6391276378427425,0.027622591942347265,0.026913797753075314,0.4488658806497844,1.236575614476632,1.2355766902696463,1.235394008651173,1.6275153880673443,0.609735102231267,-0.04480710351628374,-0.046733888511588544,0.45061657156549506,1.2124689821644148,1.216626113774943,1.235145208720275,1.3446662495701718,0.44353067788603395
0.03611128529331236,0.03622547066728584,0.3718224778499857,1.2659427775766368,1.264255018314633,1.2555772526476379,2.3355926307534016,0.7373051362372987,0.07075948194792471,0.07021400219938337,0.4160585083142423,1.2519907155444114,1.248637574807275,1.2435975342110623,1.7294947538148513,0.6391276378427425,-0.02391414759405395,-0.02540493051863131,0.4816822971975262,1.2098813617376463,1.2138856837573577,1.2315120579360248,1.0789749056838724,0.6890303157616676
0.020264476074056986,0.020568469930837968,0.33785406329875484,1.276604852839303,1.2761666072963758,1.2689770322519585,2.573798209677042,0.7625845631673501,0.03611128529331236,0.03622547066728584,0.3718224778499857,1.2659427775766368,1.264255018314633,1.2555772526476379,2.3355926307534016,0.7373051362372987,0.0063346412936127194,0.004829946514878917,0.48488824579350875,1.213042315740651,1.2148964899509718,1.2296352281972618,1.0671366403614018,0.6350550859565459
0.03198645815241542,0.03254847739900983,0.3103586349354578,1.2848605898620722,1.2847250710174092,1.2813524046829954,2.8472347308973722,0.8319673418634996,0.020264476074056986,0.020568469930837968,0.33785406329875484,1.276604852839303,1.2761666072963758,1.2689770322519585,2.573798209677042,0.7625845631673501,0.041843125235624654,0.04039084690201744,0.47947271611666376,1.2241231795174299,1.222468599168404,1.2308880823225221,1.1155286863664644,0.5782838151430099
0.032191767651224674,0.03300552217581485,0.273225340280638,1.2956567137161474,1.2950580516390748,1.293216293187961,3.2957114115794743,0.9380654304625446,0.03198645815241542,0.03254847739900983,0.3103586349354578,1.2848605898620722,1.2847250710174092,1.2813524046829954,2.8472347308973722,0.8319673418634996,0.027622591942347265,0.026913797753075314,0.4488658806497844,1.236575614476632,1.2355766902696463,1.235394008651173,1.6275153880673443,0.609735102231267
0.0015838586536830943,0.003405909403588866,0.22069414989622457,1.3019580610225951,1.303011600159369,1.3031734220475717,-0.1394217803052853,0.1608701868698777,0.032191767651224674,0.03300552217581485,0.273225340280638,1.2956567137161474,1.2950580516390748,1.293216293187961,3.2957114115794743,0.9380654304625446,0.07075948194792471,0.07021400219938337,0.4160585083142423,1.2519907155444114,1.248637574807275,1.2435975342110623,1.7294947538148513,0.6391276378427425
-0.004155717537780757,-0.0023438141063275783,0.19659300192312085,1.3078598944438546,1.3090592321830958,1.3115674200422076,-0.16568165427799197,0.1758530377140513,0.0015838586536830943,0.003405909403588866,0.22069414989622457,1.3019580610225951,1.303011600159369,1.3031734220475717,-0.1394217803052853,0.1608701868698777,0.03611128529331236,0.03622547066728584,0.3718224778499857,1.2659427775766368,1.264255018314633,1.2555772526476379,2.3355926307534016,0.7373051362372987
0.00111990013462877,0.0031948759053530666,0.18671816117496398,1.3153496382354044,1.316054971971793,1.319471426343135,-0.5002499110120162,0.0010768916904619417,-0.004155717537780757,-0.0023438141063275783,0.19659300192312085,1.3078598944438546,1.3090592321830958,1.3115674200422076,-0.16568165427799197,0.1758530377140513,0.020264476074056986,0.020568469930837968,0.33785406329875484,1.276604852839303,1.2761666072963758,1.2689770322519585,2.573798209677042,0.7625845631673501
0.034868170836915145,0.037002800704313825,0.15971856518045796,1.326142641762463,1.324767821152005,1.3271091383720104,-0.4392826132038352,-0.03663156563308283,0.00111990013462877,0.0031948759053530666,0.18671816117496398,1.3153496382354044,1.316054971971793,1.319471426343135,-0.5002499110120162,0.0010768916904619417,0.03198645815241542,0.03254847739900983,0.3103586349354578,1.2848605898620722,1.2847250710174092,1.2813524046829954,2.8472347308973722,0.8319673418634996
0.0471377846238891,0.04948756387038361,0.15213089297751897,1.3392114212200863,1.3376416450697515,1.3357101564056557,-0.5540243560135663,0.06898043937484427,0.034868170836915145,0.037002800704313825,0.15971856518045796,1.326142641762463,1.324767821152005,1.3271091383720104,-0.4392826132038352,-0.03663156563308283,0.032191767651224674,0.03300552217581485,0.273225340280638,1.2956567137161474,1.2950580516390748,1.293216293187961,3.2957114115794743,0.9380654304625446
0.061429103457130874,0.06387827186988634,0.13159328728799224,1.3553413057098755,1.352322120377479,1.3463607202770644,-0.4686812023775837,0.05920176792512645,0.0471377846238891,0.04948756387038361,0.15213089297751897,1.3392114212200863,1.3376416450697515,1.3357101564056557,-0.5540243560135663,0.06898043937484427,0.0015838586536830943,0.003405909403588866,0.22069414989622457,1.3019580610225951,1.303011600159369,1.3031734220475717,-0.1394217803052853,0.1608701868698777
0.05882252693267149,0.06136727380632594,0.1216307714510549,1.3738014157619847,1.3702450128756745,1.3597060256560014,-0.4292703590813214,0.05649161264565438,0.061429103457130874,0.06387827186988634,0.13159328728799224,1.3553413057098755,1.352322120377479,1.3463607202770644,-0.4686812023775837,0.05920176792512645,-0.004155717537780757,-0.0023438141063275783,0.19659300192312085,1.3078598944438546,1.3090592321830958,1.3115674200422076,-0.16568165427799197,0.1758530377140513
0.06530762062161266,0.06801367178159975,0.10502559712285245,1.3925476727966581,1.3886110446436628,1.375523126616519,-0.4469358297422099,-0.053225857510322674,0.05882252693267149,0.06136727380632594,0.1216307714510549,1.3738014157619847,1.3702450128756745,1.3597060256560014,-0.4292703590813214,0.05649161264565438,0.00111990013462877,0.0031948759053530666,0.18671816117496398,1.3153496382354044,1.316054971971793,1.319471426343135,-0.5002499110120162,0.0010768916904619417
0.053477173868652486,0.05625076952645899,0.0876062645176591,1.410000429559477,1.4069164862123227,1.3927510707511372,-0.4237352213843697,-0.028993640412128915,0.06530762062161266,0.06801367178159975,0.10502559712285245,1.3925476727966581,1.3886110446436628,1.375523126616519,-0.4469358297422099,-0.053225857510322674,0.034868170836915145,0.037002800704313825,0.15971856518045796,1.326142641762463,1.324767821152005,1.3271091383720104,-0.4392826132038352,-0.03663156563308283
0.05558280324853416,0.05855627841404305,0.07250533901710127,1.4281800238558542,1.4249635302583514,1.4109326995800817,-0.33795330465232265,-0.06031762765933902,0.053477173868652486,0.05625076952645899,0.0876062645176591,1.410000429559477,1.4069164862123227,1.3927510707511372,-0.4237352213843697,-0.028993640412128915,0.0471377846238891,0.04948756387038361,0.15213089297751897,1.3392114212200863,1.3376416450697515,1.3357101564056557,-0.5540243560135663,0.06898043937484427
0.03111155609632571,0.034227421207330716,0.06965537585005024,1.4429702125957407,1.4412608899873054,1.4288366515689597,-0.2738302991716264,-0.015344270989675429,0.05558280324853416,0.05855627841404305,0.07250533901710127,1.4281800238558542,1.4249635302583514,1.4109326995800817,-0.33795330465232265,-0.06031762765933902,0.061429103457130874,0.06387827186988634,0.13159328728799224,1.3553413057098755,1.352322120377479,1.3463607202770644,-0.4686812023775837,0.05920176792512645
0.015231163153137509,0.018538308654045283,0.04803538955788373,1.453419313963392,1.4532026515424699,1.44521486521499,-0.11407733034724643,-0.00026760359752644715,0.03111155609632571,0.034227421207330716,0.06965537585005024,1.4429702125957407,1.4412608899873054,1.4288366515689597,-0.2738302991716264,-0.015344270989675429,0.05882252693267149,0.06136727380632594,0.1216307714510549,1.3738014157619847,1.3702450128756745,1.3597060256560014,-0.4292703590813214,0.05649161264565438
0.00575346295190839,0.009098818635755748,0.03556024335168858,1.462650044886036,1.4632297073254328,1.4595472045325883,-0.1038678893990288,0.018198339299135738,0.015231163153137509,0.018538308654045283,0.04803538955788373,1.453419313963392,1.4532026515424699,1.44521486521499,-0.11407733034724643,-0.00026760359752644715,0.06530762062161266,0.06801367178159975,0.10502559712285245,1.3925476727966581,1.3886110446436628,1.375523126616519,-0.4469358297422099,-0.053225857510322674
0.03405296258064586,0.03740346303748285,0.02478259276207328,1.473050075414458,1.4721890505813797,1.4717367109444741,-0.25615866493502715,0.053361044186141744,0.00575346295190839,0.009098818635755748,0.03556024335168858,1.462650044886036,1.4632297073254328,1.4595472045325883,-0.1038678893990288,0.018198339299135738,0.053477173868652486,0.05625076952645899,0.0876062645176591,1.410000429559477,1.4069164862123227,1.3927510707511372,-0.4237352213843697,-0.028993640412128915
0.05647368409196843,0.05974584166350683,0.0075798927244997765,1.488853925313903,1.4859878073005226,1.4831647676449649,-0.24687091411125506,0.018004537497822583,0.03405296258064586,0.03740346303748285,0.02478259276207328,1.473050075414458,1.4721890505813797,1.4717367109444741,-0.25615866493502715,0.053361044186141744,0.05558280324853416,0.05855627841404305,0.07250533901710127,1.4281800238558542,1.4249635302583514,1.4109326995800817,-0.33795330465232265,-0.06031762765933902
0.04566413040518108,0.04909952697656765,-0.01177047095262303,1.502953925799159,1.5011425049456182,1.4951543711073945,-0.20928171530622164,0.07240748004409554,0.05647368409196843,0.05974584166350683,0.0075798927244997765,1.488853925313903,1.4859878073005226,1.4831647676449649,-0.24687091411125506,0.018004537497822583,0.03111155609632571,0.034227421207330716,0.06965537585005024,1.4429702125957407,1.4412608899873054,1.4288366515689597,-0.2738302991716264,-0.015344270989675429
0.05696266489847929,0.06057317544409946,-0.0434765321500478,1.5206440021774545,1.517483431655247,1.5085985086045794,-0.26013658395824724,0.13471730168749518,0.04566413040518108,0.04909952697656765,-0.01177047095262303,1.502953925799159,1.5011425049456182,1.4951543711073945,-0.20928171530622164,0.07240748004409554,0.015231163153137509,0.018538308654045283,0.04803538955788373,1.453419313963392,1.4532026515424699,1.44521486521499,-0.11407733034724643,-0.00026760359752644715
0.032284339691902454,0.03613095021552077,-0.09772639261503259,1.5332799852575079,1.532526894920796,1.5235567376592807,-0.13871256825702627,0.1473873074319655,0.05696266489847929,0.06057317544409946,-0.0434765321500478,1.5206440021774545,1.517483431655247,1.5085985086045794,-0.26013658395824724,0.13471730168749518,0.00575346295190839,0.009098818635755748,0.03556024335168858,1.462650044886036,1.4632297073254328,1.4595472045325883,-0.1038678893990288,0.018198339299135738
0.01020454144125104,0.014096009240212707,-0.12765267990357268,1.5426276918477695,1.5429376098410352,1.537962472245222,-0.10118107547426769,0.12679090174037633,0.032284339691902454,0.03613095021552077,-0.09772639261503259,1.5332799852575079,1.532526894920796,1.5235567376592807,-0.13871256825702627,0.1473873074319655,0.03405296258064586,0.03740346303748285,0.02478259276207328,1.473050075414458,1.4721890505813797,1.4717367109444741,-0.25615866493502715,0.053361044186141744
0.007374281526655313,0.011225933441218597,-0.14609419611861174,1.5482559223296841,1.5496947448078071,1.550274075952515,-0.1617252091574013,0.0671945790750791,0.01020454144125104,0.014096009240212707,-0.12765267990357268,1.5426276918477695,1.5429376098410352,1.537962472245222,-0.10118107547426769,0.12679090174037633,0.05647368409196843,0.05974584166350683,0.0075798927244997765,1.488853925313903,1.4859878073005226,1.4831647676449649,-0.24687091411125506,0.018004537497822583
0.004252701952006752,0.008106196669782718,-0.15718636104198408,1.555750498221712,1.5567848181340351,1.5605411918807537,-0.21362504598022491,0.056223990885595806,0.007374281526655313,0.011225933441218597,-0.14609419611861174,1.5482559223296841,1.5496947448078071,1.550274075952515,-0.1617252091574013,0.0671945790750791,0.04566413040518108,0.04909952697656765,-0.01177047095262303,1.502953925799159,1.5011425049456182,1.4951543711073945,-0.20928171530622164,0.07240748004409554
-0.01661898594316102,-0.012836123686942306,-0.15630139675585453,1.559903882016054,1.5626591184612226,1.568368455778264,-0.32745235640629744,0.05354539232937628,0.004252701952006752,0.008106196669782718,-0.15718636104198408,1.555750498221712,1.5567848181340351,1.5605411918807537,-0.21362504598022491,0.056223990885595806,0.05696266489847929,0.06057317544409946,-0.0434765321500478,1.5206440021774545,1.517483431655247,1.5085985086045794,-0.26013658395824724,0.13471730168749518
-0.025253665271157195,-0.021425813571610032,-0.1484093093490111,1.5618760138311325,1.565218350268373,1.574156391913915,-0.5718134688603662,-0.017993757168347738,-0.01661898594316102,-0.012836123686942306,-0.15630139675585453,1.559903882016054,1.5626591184612226,1.568368455778264,-0.32745235640629744,0.05354539232937628,0.032284339691902454,0.03613095021552077,-0.09772639261503259,1.5332799852575079,1.532526894920796,1.5235567376592807,-0.13871256825702627,0.1473873074319655
0.016689026865838494,0.020329647302273386,-0.14685349097923572,1.5671673699844741,1.5680702890405096,1.5788299665315533,-0.47732279327982496,-0.027316374227451215,-0.025253665271157195,-0.021425813571610032,-0.1484093093490111,1.5618760138311325,1.565218350268373,1.574156391913915,-0.5718134688603662,-0.017993757168347738,0.01020454144125104,0.014096009240212707,-0.12765267990357268,1.5426276918477695,1.5429376098410352,1.537962472245222,-0.10118107547426769,0.12679090174037633
0.012429663261575038,0.016100643334690308,-0.15104458381371633,1.574958857912589,1.5756665127389797,1.5837144209120382,-0.5507543079936337,-0.05965641325560984,0.016689026865838494,0.020329647302273386,-0.14685349097923572,1.5671673699844741,1.5680702890405096,1.5788299665315533,-0.47732279327982496,-0.027316374227451215,0.007374281526655313,0.011225933441218597,-0.14609419611861174,1.5482559223296841,1.5496947448078071,1.550274075952515,-0.1617252091574013,0.0671945790750791
0.021604593907033495,0.025210415062193493,-0.1399415921554279,1.586223271303913,1.5857613304709792,1.5894498701523863,-0.4109592038825407,-0.01578152512676635,0.012429663261575038,0.016100643334690308,-0.15104458381371633,1.574958857912589,1.5756665127389797,1.5837144209120382,-0.5507543079936337,-0.05965641325560984,0.004252701952006752,0.008106196669782718,-0.15718636104198408,1.555750498221712,1.5567848181340351,1.5605411918807537,-0.21362504598022491,0.056223990885595806
0.02983318724075455,0.03349574788509185,-0.14853124460575967,1.5982317743958814,1.59719414314854,1.597207026620095,-0.29624556297562377,-0.02547257091304536,0.021604593907033495,0.025210415062193493,-0.1399415921554279,1.586223271303913,1.5857613304709792,1.5894498701523863,-0.4109592038825407,-0.01578152512676635,-0.01661898594316102,-0.012836123686942306,-0.15630139675585453,1.559903882016054,1.5626591184612226,1.568368455778264,-0.32745235640629744,0.05354539232937628
0.011348760455711683,0.015192317260393677,-0.15505082427840905,1.608973932575096,1.6088529337128414,1.6072339353087162,-0.16140337414187345,-0.0371169966609876,0.02983318724075455,0.03349574788509185,-0.14853124460575967,1.5982317743958814,1.59719414314854,1.597207026620095,-0.29624556297562377,-0.02547257091304536,-0.025253665271157195,-0.021425813571610032,-0.1484093093490111,1.5618760138311325,1.565218350268373,1.574156391913915,-0.5718134688603662,-0.017993757168347738
0.01962220030117427,0.023425239111892295,-0.16116095912018727,1.6186864664856917,1.6186261959079538,1.6179025487002956,-0.19603494086397877,-0.07005452254531572,0.011348760455711683,0.015192317260393677,-0.15505082427840905,1.608973932575096,1.6088529337128414,1.6072339353087162,-0.16140337414187345,-0.0371169966609876,0.016689026865838494,0.020329647302273386,-0.14685349097923572,1.5671673699844741,1.5680702890405096,1.5788299665315533,-0.47732279327982496,-0.027316374227451215
0.020291926878566423,0.024109285132276663,-0.15180600335927452,1.6293247442136387,1.6291798871343772,1.6288478322532127,-0.1415109785113966,-0.07315002223357651,0.01962220030117427,0.023425239111892295,-0.16116095912018727,1.6186864664856917,1.6186261959079538,1.6179025487002956,-0.19603494086397877,-0.07005452254531572,0.012429663261575038,0.016100643334690308,-0.15104458381371633,1.574958857912589,1.5756665127389797,1.5837144209120382,-0.5507543079936337,-0.05965641325560984
0.03408794679670347,0.03780894587937403,-0.15914852655654899,1.641210026502873,1.640111017234207,1.6397086135875094,-0.1180140365745812,-0.17015380895715213,0.020291926878566423,0.024109285132276663,-0.15180600335927452,1.6293247442136387,1.6291798871343772,1.6288478322532127,-0.1415109785113966,-0.07315002223357651,0.021604593907033495,0.025210415062193493,-0.1399415921554279,1.586223271303913,1.5857613304709792,1.5894498701523863,-0.4109592038825407,-0.01578152512676635
0.002705383868059222,0.006556278353222467,-0.16993077489359415,1.6511937853917749,1.6518697197957817,1.6505325497633119,-0.10635860347129977,-0.09617995028541128,0.03408794679670347,0.03780894587937403,-0.15914852655654899,1.641210026502873,1.640111017234207,1.6397086135875094,-0.1180140365745812,-0.17015380895715213,0.02983318724075455,0.03349574788509185,-0.14853124460575967,1.5982317743958814,1.59719414314854,1.597207026620095,-0.29624556297562377,-0.02547257091304536
0.01760702877936922,0.02138929281795726,-0.165862863653382,1.6614406286260281,1.6611873902249865,1.6611978862865666,-0.09340589352012962,-0.10717429503535443,0.002705383868059222,0.006556278353222467,-0.16993077489359415,1.6511937853917749,1.6518697197957817,1.6505325497633119,-0.10635860347129977,-0.09617995028541128,0.011348760455711683,0.015192317260393677,-0.15505082427840905,1.608973932575096,1.6088529337128414,1.6072339353087162,-0.16140337414187345,-0.0371169966609876
0.009009400120451221,0.012784751912007548,-0.16405596038995504,1.66966577479322,1.6705474239155174,1.6716216196280262,-0.13190371295182501,-0.04863442052168886,0.01760702877936922,0.02138929281795726,-0.165862863653382,1.6614406286260281,1.6611873902249865,1.6611978862865666,-0.09340589352012962,-0.10717429503535443,0.01962220030117427,0.023425239111892295,-0.16116095912018727,1.6186864664856917,1.6186261959079538,1.6179025487002956,-0.19603494086397877,-0.07005452254531572
0.014024162257308046,0.017799101896666534,-0.16090435855882332,1.6795140735497691,1.6795907696074084,1.6816528345928434,-0.10203980110888233,-0.06507652776071207,0.009009400120451221,0.012784751912007548,-0.16405596038995504,1.66966577479322,1.6705474239155174,1.6716216196280262,-0.13190371295182501,-0.04863442052168886,0.020291926878566423,0.024109285132276663,-0.15180600335927452,1.6293247442136387,1.6291798871343772,1.6288478322532127,-0.1415109785113966,-0.07315002223357651
0.021729615707579805,0.025345479596901754,-0.15761471379045844,1.6899839163539707,1.6899706536935826,1.6912623601553147,-0.18411444259098442,-0.13198462114342926,0.014024162257308046,0.017799101896666534,-0.16090435855882332,1.6795140735497691,1.6795907696074084,1.6816528345928434,-0.10203980110888233,-0.06507652776071207,0.03408794679670347,0.03780894587937403,-0.15914852655654899,1.641210026502873,1.640111017234207,1.6397086135875094,-0.1180140365745812,-0.17015380895715213
0.041472843847420546,0.045112226372681336,-0.15248086240083858,1.7047011172243784,1.7027009663187676,1.7017022997336995,-0.08020528383129166,-0.17236422146593253,0.021729615707579805,0.025345479596901754,-0.15761471379045844,1.6899839163539707,1.6899706536935826,1.6912623601553147,-0.18411444259098442,-0.13198462114342926,0.002705383868059222,0.006556278353222467,-0.16993077489359415,1.6511937853917749,1.6518697197957817,1.6505325497633119,-0.10635860347129977,-0.09617995028541128
0.04769583898687758,0.05128278818337205,-0.14680264351618638,1.7211147005320693,1.7186322628158583,1.7136198916808336,-0.09548555999008279,-0.20230176455763885,0.041472843847420546,0.045112226372681336,-0.15248086240083858,1.7047011172243784,1.7027009663187676,1.7017022997336995,-0.08020528383129166,-0.17236422146593253,0.01760702877936922,0.02138929281795726,-0.165862863653382,1.6614406286260281,1.6611873902249865,1.6611978862865666,-0.09340589352012962,-0.10717429503535443
0.06336771407824819,0.06681623951852939,-0.140332386117587,1.7411269275622716,1.7369691243618592,1.7278424417845035,0.05753663615640692,-0.1107975091795317,0.04769583898687758,0.05128278818337205,-0.14680264351618638,1.7211147005320693,1.7186322628158583,1.7136198916808336,-0.09548555999008279,-0.20230176455763885,0.009009400120451221,0.012784751912007548,-0.16405596038995504,1.66966577479322,1.6705474239155174,1.6716216196280262,-0.13190371295182501,-0.04863442052168886
0.05497823632765207,0.05860618341679037,-0.1305408603021071,1.7617039920365558,1.7577280308111836,1.7445819948732728,0.25206094139715685,-0.08436804396608459,0.06336771407824819,0.06681623951852939,-0.140332386117587,1.7411269275622716,1.7369691243618592,1.7278424417845035,0.05753663615640692,-0.1107975091795317,0.014024162257308046,0.017799101896666534,-0.16090435855882332,1.6795140735497691,1.6795907696074084,1.6816528345928434,-0.10203980110888233,-0.06507652776071207
0.058035166882705845,0.06159386410472244,-0.11216517939771413,1.7805589048625987,1.777039705158034,1.7631025494860726,0.14435151437158122,-0.10248727528058518,0.05497823632765207,0.05860618341679037,-0.1305408603021071,1.7617039920365558,1.7577280308111836,1.7445819948732728,0.25206094139715685,-0.08436804396608459,0.021729615707579805,0.025345479596901754,-0.15761471379045844,1.6899839163539707,1.6899706536935826,1.6912623601553147,-0.18411444259098442,-0.13198462114342926
0.061754276643465035,0.06526368763612123,-0.08702393661054855,1.8015573225237993,1.7976341009026484,1.782821971850748,0.07560025011384708,-0.10228344445544438,0.058035166882705845,0.06159386410472244,-0.11216517939771413,1.7805589048625987,1.777039705158034,1.7631025494860726,0.14435151437158122,-0.10248727528058518,0.041472843847420546,0.045112226372681336,-0.15248086240083858,1.7047011172243784,1.7027009663187676,1.7017022997336995,-0.08020528383129166,-0.17236422146593253
0.07977042673651727,0.08329780791756285,-0.08255430235729122,1.825062905765384,1.8196354431983692,1.8035922718768287,0.1978351015798676,-0.12622354300147323,0.061754276643465035,0.06526368763612123,-0.08702393661054855,1.8015573225237993,1.7976341009026484,1.782821971850748,0.07560025011384708,-0.10228344445544438,0.04769583898687758,0.05128278818337205,-0.14680264351618638,1.7211147005320693,1.7186322628158583,1.7136198916808336,-0.09548555999008279,-0.20230176455763885
0.09713177484944421,0.1007403173848648,-0.07857258455033506,1.8533316764131802,1.8462167494144626,1.8257849307933431,0.17981184685486173,-0.028465441986104362,0.07977042673651727,0.08329780791756285,-0.08255430235729122,1.825062905765384,1.8196354431983692,1.8035922718768287,0.1978351015798676,-0.12622354300147323,0.06336771407824819,0.06681623951852939,-0.140332386117587,1.7411269275622716,1.7369691243618592,1.7278424417845035,0.05753663615640692,-0.1107975091795317
0.09926255384943315,0.10287240597831421,-0.0788777533430293,1.8815119725708618,1.874445910018211,1.8500318560391318,0.17235753770775686,-0.008069896407408133,0.09713177484944421,0.1007403173848648,-0.07857258455033506,1.8533316764131802,1.8462167494144626,1.8257849307933431,0.17981184685486173,-0.028465441986104362,0.05497823632765207,0.05860618341679037,-0.1305408603021071,1.7617039920365558,1.7577280308111836,1.7445819948732728,0.25206094139715685,-0.08436804396608459
0.06246623507791075,0.0660673109294932,-0.07547630165537322,1.9057325871876802,1.9013027210534261,1.875882362566214,0.04659628261803839,-0.0026434591508112766,0.09926255384943315,0.10287240597831421,-0.0788777533430293,1.8815119725708618,1.874445910018211,1.8500318560391318,0.17235753770775686,-0.008069896407408133,0.058035166882705845,0.06159386410472244,-0.11216517939771413,1.7805589048625987,1.777039705158034,1.7631025494860726,0.14435151437158122,-0.10248727528058518
0.07417092200683006,0.07775334102515151,-0.07415227853498185,1.9261849610642165,1.9223609954670282,1.9016272276251747,0.027664364530360253,0.002794342049219088,0.06246623507791075,0.0660673109294932,-0.07547630165537322,1.9057325871876802,1.9013027210534261,1.875882362566214,0.04659628261803839,-0.0026434591508112766,0.061754276643465035,0.06526368763612123,-0.08702393661054855,1.8015573225237993,1.7976341009026484,1.782821971850748,0.07560025011384708,-0.10228344445544438
0.08910820997775477,0.09269264458124538,-0.07590263732802316,1.9519927481664303,1.946022162320992,1.9269009717711505,0.13763005034169584,-0.014505189945267769,0.07417092200683006,0.07775334102515151,-0.07415227853498185,1.9261849610642165,1.9223609954670282,1.9016272276251747,0.027664364530360253,0.002794342049219088,0.07977042673651727,0.08329780791756285,-0.08255430235729122,1.825062905765384,1.8196354431983692,1.8035922718768287,0.1978351015798676,-0.12622354300147323
0.10045344489341981,0.10404461414782448,-0.07588123392449425,1.9809056415421966,1.9737088269902896,1.952040468425323,0.20288748430082304,-0.010303409725786588,0.08910820997775477,0.09269264458124538,-0.07590263732802316,1.9519927481664303,1.946022162320992,1.9269009717711505,0.13763005034169584,-0.014505189945267769,0.09713177484944421,0.1007403173848648,-0.07857258455033506,1.8533316764131802,1.8462167494144626,1.8257849307933431,0.17981184685486173,-0.028465441986104362
0.08590501115075515,0.08965749629925968,-0.08283550853317342,2.007148135456759,2.0013102469062836,1.9771683248906349,0.24645192265011628,-0.061363160402271605,0.10045344489341981,0.10404461414782448,-0.07588123392449425,1.9809056415421966,1.9737088269902896,1.952040468425323,0.20288748430082304,-0.010303409725786588,0.09926255384943315,0.10287240597831421,-0.0788777533430293,1.8815119725708618,1.874445910018211,1.8500318560391318,0.17235753770775686,-0.008069896407408133
0.07740857917820738,0.08134794475183035,-0.09028063605476065,2.0338560315978365,2.028277322583434,2.003531247238621,0.2948536108363635,-0.18787526375744107,0.08590501115075515,0.08965749629925968,-0.08283550853317342,2.007148135456759,2.0013102469062836,1.9771683248906349,0.24645192265011628,-0.061363160402271605,0.06246623507791075,0.0660673109294932,-0.07547630165537322,1.9057325871876802,1.9013027210534261,1.875882362566214,0.04659628261803839,-0.0026434591508112766
0.06312646180024167,0.06706969923276229,-0.09769848592121347,2.0570323359454488,2.052670764907397,2.0303267199339086,0.16226574630671076,-0.1398971403366725,0.07740857917820738,0.08134794475183035,-0.09028063605476065,2.0338560315978365,2.028277322583434,2.003531247238621,0.2948536108363635,-0.18787526375744107,0.07417092200683006,0.07775334102515151,-0.07415227853498185,1.9261849610642165,1.9223609954670282,1.9016272276251747,0.027664364530360253,0.002794342049219088
0.07220900230361586,0.07606015996269494,-0.08722694321488322,2.0794170063085775,2.074921656206657,2.055968648364375,0.038289999338668945,-0.15268683550173898,0.06312646180024167,0.06706969923276229,-0.09769848592121347,2.0570323359454488,2.052670764907397,2.0303267199339086,0.16226574630671076,-0.1398971403366725,0.08910820997775477,0.09269264458124538,-0.07590263732802316,1.9519927481664303,1.946022162320992,1.9269009717711505,0.13763005034169584,-0.014505189945267769
0.077714273016528,0.08157089726644953,-0.09532351126761834,2.1038319983286176,2.0985995315110033,2.0805421764704812,0.11421273348615646,-0.17479827658187116,0.07220900230361586,0.07606015996269494,-0.08722694321488322,2.0794170063085775,2.074921656206657,2.055968648364375,0.038289999338668945,-0.15268683550173898,0.10045344489341981,0.10404461414782448,-0.07588123392449425,1.9809056415421966,1.9737088269902896,1.952040468425323,0.20288748430082304,-0.010303409725786588
0.06524143542190575,0.06918022589081031,-0.1077388802760669,2.1283145949445266,2.1235638671335675,2.104658120194275,0.14789887213365294,-0.1570021431780133,0.077714273016528,0.08157089726644953,-0.09532351126761834,2.1038319983286176,2.0985995315110033,2.0805421764704812,0.11421273348615646,-0.17479827658187116,0.08590501115075515,0.08965749629925968,-0.08283550853317342,2.007148135456759,2.0013102469062836,1.9771683248906349,0.24645192265011628,-0.061363160402271605
0.06256057419624449,0.06661732233024847,-0.12479039915270762,2.150764243989263,2.1465761397947967,2.1282735640471646,0.24840637781913744,-0.07519191104809106,0.06524143542190575,0.06918022589081031,-0.1077388802760669,2.1283145949445266,2.1235638671335675,2.104658120194275,0.14789887213365294,-0.1570021431780133,0.07740857917820738,0.08134794475183035,-0.09028063605476065,2.0338560315978365,2.028277322583434,2.003531247238621,0.2948536108363635,-0.18787526375744107
0.0693146529786486,0.07332830493073147,-0.11853024398380235,2.1733075596048756,2.168893492080694,2.1518669339593908,0.18853000385464114,-0.10646371512697311,0.06256057419624449,0.06661732233024847,-0.12479039915270762,2.150764243989263,2.1465761397947967,2.1282735640471646,0.24840637781913744,-0.07519191104809106,0.06312646180024167,0.06706969923276229,-0.09769848592121347,2.0570323359454488,2.052670764907397,2.0303267199339086,0.16226574630671076,-0.1398971403366725
0.07570065564443537,0.079731095636313,-0.1267219049445757,2.200145099433402,2.1942706181653033,2.1759649623868436,0.2520736309125464,-0.17581508893748404,0.0693146529786486,0.07332830493073147,-0.11853024398380235,2.1733075596048756,2.168893492080694,2.1518669339593908,0.18853000385464114,-0.10646371512697311,0.07220900230361586,0.07606015996269494,-0.08722694321488322,2.0794170063085775,2.074921656206657,2.055968648364375,0.038289999338668945,-0.15268683550173898
0.06264717112834854,0.06660769049772979,-0.12475044728849922,2.2250232949622113,2.2205282755756635,2.200376159962839,0.09048965342997617,-0.20751418526529,0.07570065564443537,0.079731095636313,-0.1267219049445757,2.200145099433402,2.1942706181653033,2.1759649623868436,0.2520736309125464,-0.17581508893748404,0.077714273016528,0.08157089726644953,-0.09532351126761834,2.1038319983286176,2.0985995315110033,2.0805421764704812,0.11421273348615646,-0.17479827658187116
0.0441801089320514,0.0480085429823379,-0.12063983898414407,2.2454005390119014,2.2430999474595077,2.2245841884044673,0.5558716506168078,-0.3947778851734563,0.06264717112834854,0.06660769049772979,-0.12475044728849922,2.2250232949622113,2.2205282755756635,2.200376159962839,0.09048965342997617,-0.20751418526529,0.06524143542190575,0.06918022589081031,-0.1077388802760669,2.1283145949445266,2.1235638671335675,2.104658120194275,0.14789887213365294,-0.1570021431780133
0.02298636879313363,0.02663110560397105,-0.10541497405878827,2.261974294127466,2.260834999598168,2.247698637794582,0.3522168152429921,-0.3710291582123763,0.0441801089320514,0.0480085429823379,-0.12063983898414407,2.2454005390119014,2.2430999474595077,2.2245841884044673,0.5558716506168078,-0.3947778851734563,0.06256057419624449,0.06661732233024847,-0.12479039915270762,2.150764243989263,2.1465761397947967,2.1282735640471646,0.24840637781913744,-0.07519191104809106
0.019218946094900907,0.02252344678034909,-0.08537784592610137,2.272264081067669,2.2730316776739983,2.2678607353714684,1.4382586385801757,-0.508401357668736,0.02298636879313363,0.02663110560397105,-0.10541497405878827,2.261974294127466,2.260834999598168,2.247698637794582,0.3522168152429921,-0.3710291582123763,0.0693146529786486,0.07332830493073147,-0.11853024398380235,2.1733075596048756,2.168893492080694,2.1518669339593908,0.18853000385464114,-0.10646371512697311
0.04435402385830976,0.047516199910206475,-0.08337691738581132,2.286561700272386,2.285198088327032,2.2845520370007764,1.4212028005012405,-0.45244779107643257,0.019218946094900907,0.02252344678034909,-0.08537784592610137,2.272264081067669,2.2730316776739983,2.2678607353714684,1.4382586385801757,-0.508401357668736,0.07570065564443537,0.079731095636313,-0.1267219049445757,2.200145099433402,2.1942706181653033,2.1759649623868436,0.2520736309125464,-0.17581508893748404
0.049956218180315544,0.053060358815945396,-0.09006186585993967,2.3051501769034726,2.3026731305036945,2.2998059564219315,1.3407759003458795,-0.4580698857249199,0.04435402385830976,0.047516199910206475,-0.08337691738581132,2.286561700272386,2.285198088327032,2.2845520370007764,1.4212028005012405,-0.45244779107643257,0.06264717112834854,0.06660769049772979,-0.12475044728849922,2.2250232949622113,2.2205282755756635,2.200376159962839,0.09048965342997617,-0.20751418526529
0.04012789653022175,0.043354217418532584,-0.10120154376447826,2.3215583799249435,2.3200341709132237,2.3147876736431687,1.3276577362108837,-0.5510040477123221,0.049956218180315544,0.053060358815945396,-0.09006186585993967,2.3051501769034726,2.3026731305036945,2.2998059564219315,1.3407759003458795,-0.4580698857249199,0.0441801089320514,0.0480085429823379,-0.12063983898414407,2.2454005390119014,2.2430999474595077,2.2245841884044673,0.5558716506168078,-0.3947778851734563
0.015291753692597332,0.018355821695136408,-0.1098035943516111,2.3330860539175253,2.333854425527348,2.329856810156917,1.1010282479982987,-0.5706101667191398,0.04012789653022175,0.043354217418532584,-0.10120154376447826,2.3215583799249435,2.3200341709132237,2.3147876736431687,1.3276577362108837,-0.5510040477123221,0.02298636879313363,0.02663110560397105,-0.10541497405878827,2.261974294127466,2.260834999598168,2.247698637794582,0.3522168152429921,-0.3710291582123763
0.026511398075343848,0.029569045947096292,-0.12077406137344285,2.3463315866814476,2.3458620858547197,2.3450802898790473,1.1968987409855876,-0.6295432716405132,0.015291753692597332,0.018355821695136408,-0.1098035943516111,2.3330860539175253,2.333854425527348,2.329856810156917,1.1010282479982987,-0.5706101667191398,0.019218946094900907,0.02252344678034909,-0.08537784592610137,2.272264081067669,2.2730316776739983,2.2678607353714684,1.4382586385801757,-0.508401357668736
0.028899056307576478,0.031917729337909415,-0.1337924587209201,2.3620398685374027,2.3608988929083274,2.3599254564365344,1.2060007239054737,-0.5798020686698181,0.026511398075343848,0.029569045947096292,-0.12077406137344285,2.3463315866814476,2.3458620858547197,2.3450802898790473,1.1968987409855876,-0.6295432716405132,0.04435402385830976,0.047516199910206475,-0.08337691738581132,2.286561700272386,2.285198088327032,2.2845520370007764,1.4212028005012405,-0.45244779107643257
0.030877063686203066,0.033910046988524345,-0.13043190925313586,2.377673262544958,2.376526715091564,2.3742506266815244,1.2653595483253417,-0.5988363241001722,0.028899056307576478,0.031917729337909415,-0.1337924587209201,2.3620398685374027,2.3608988929083274,2.3599254564365344,1.2060007239054737,-0.5798020686698181,0.049956218180315544,0.053060358815945396,-0.09006186585993967,2.3051501769034726,2.3026731305036945,2.2998059564219315,1.3407759003458795,-0.4580698857249199
0.035978523090176025,0.0389838512960753,-0.12950274946310097,2.392984654936294,2.3917819264440023,2.3886853848046976,1.2354947330489274,-0.6015730219498451,0.030877063686203066,0.033910046988524345,-0.13043190925313586,2.377673262544958,2.376526715091564,2.3742506266815244,1.2653595483253417,-0.5988363241001722,0.04012789653022175,0.043354217418532584,-0.10120154376447826,2.3215583799249435,2.3200341709132237,2.3147876736431687,1.3276577362108837,-0.5510040477123221
0.04782325594048009,0.05081040648242209,-0.1340630044578996,2.411472295264728,2.408989089451886,2.404448582134513,1.3115044317663758,-0.6440143937722183,0.035978523090176025,0.0389838512960753,-0.12950274946310097,2.392984654936294,2.3917819264440023,2.3886853848046976,1.2354947330489274,-0.6015730219498451,0.015291753692597332,0.018355821695136408,-0.1098035943516111,2.3330860539175253,2.333854425527348,2.329856810156917,1.1010282479982987,-0.5706101667191398
0.07086413325454878,0.07389719303592185,-0.14195610504627415,2.435626099930948,2.4308237787037124,2.421959001324337,1.6443470079444733,-0.7080948980341094,0.04782325594048009,0.05081040648242209,-0.1340630044578996,2.411472295264728,2.408989089451886,2.404448582134513,1.3115044317663758,-0.6440143937722183,0.026511398075343848,0.029569045947096292,-0.12077406137344285,2.3463315866814476,2.3458620858547197,2.3450802898790473,1.1968987409855876,-0.6295432716405132
0.062632081454991,0.06575424680666168,-0.15196761735266742,2.45961967304153,2.455693771214046,2.441680564673831,1.7911301713925996,-0.7184134111964114,0.07086413325454878,0.07389719303592185,-0.14195610504627415,2.435626099930948,2.4308237787037124,2.421959001324337,1.6443470079444733,-0.7080948980341094,0.028899056307576478,0.031917729337909415,-0.1337924587209201,2.3620398685374027,2.3608988929083274,2.3599254564365344,1.2060007239054737,-0.5798020686698181
0.048179802695963704,0.05135677372171139,-0.15840743331070534,2.4807831588399294,2.477887100013726,2.4630492805683994,1.8636840428802426,-0.7181666255839732,0.062632081454991,0.06575424680666168,-0.15196761735266742,2.45961967304153,2.455693771214046,2.441680564673831,1.7911301713925996,-0.7184134111964114,0.030877063686203066,0.033910046988524345,-0.13043190925313586,2.377673262544958,2.376526715091564,2.3742506266815244,1.2653595483253417,-0.5988363241001722
0.061363792875790774,0.06433111740452185,-0.1468522275451731,2.503933153259312,2.499689187411148,2.4856715641542335,1.8923249269808595,-0.5312773610431237,0.048179802695963704,0.05135677372171139,-0.15840743331070534,2.4807831588399294,2.477887100013726,2.4630492805683994,1.8636840428802426,-0.7181666255839732,0.035978523090176025,0.0389838512960753,-0.12950274946310097,2.392984654936294,2.3917819264440023,2.3886853848046976,1.2354947330489274,-0.6015730219498451
0.03947843160049795,0.042472442428269655,-0.13890288299562675,2.524653869284503,2.522463933900278,2.508791106449628,1.731882904430309,-0.4847410977339757,0.061363792875790774,0.06433111740452185,-0.1468522275451731,2.503933153259312,2.499689187411148,2.4856715641542335,1.8923249269808595,-0.5312773610431237,0.04782325594048009,0.05081040648242209,-0.1340630044578996,2.411472295264728,2.408989089451886,2.404448582134513,1.3115044317663758,-0.6440143937722183
0.053250978764839293,0.056215771525065565,-0.12710964244020853,2.5444268812013906,2.541672148823407,2.5305462024184173,1.8131177994390546,-0.5379550101178561,0.03947843160049795,0.042472442428269655,-0.13890288299562675,2.524653869284503,2.522463933900278,2.508791106449628,1.731882904430309,-0.4847410977339757,0.07086413325454878,0.07389719303592185,-0.14195610504627415,2.435626099930948,2.4308237787037124,2.421959001324337,1.6443470079444733,-0.7080948980341094
0.05873770627855721,0.06172843599067717,-0.12397214392016981,2.567425573368584,2.5634577803031653,2.552067749495653,1.9640072465289053,-0.5678632474033677,0.053250978764839293,0.056215771525065565,-0.12710964244020853,2.5444268812013906,2.541672148823407,2.5305462024184173,1.8131177994390546,-0.5379550101178561,0.062632081454991,0.06575424680666168,-0.15196761735266742,2.45961967304153,2.455693771214046,2.441680564673831,1.7911301713925996,-0.7184134111964114
0.04867073629591437,0.05170056616695588,-0.12065002633647931,2.5901295596859053,2.5869824388601845,2.5740974403188615,1.9373429640698463,-0.5472035102424863,0.05873770627855721,0.06172843599067717,-0.12397214392016981,2.567425573368584,2.5634577803031653,2.552067749495653,1.9640072465289053,-0.5678632474033677,0.048179802695963704,0.05135677372171139,-0.15840743331070534,2.4807831588399294,2.477887100013726,2.4630492805683994,1.8636840428802426,-0.7181666255839732
0.04021723205357434,0.04325523004935871,-0.1113004209969105,2.610250632206631,2.6080843924579797,2.5956096619947076,1.8508962514716014,-0.5108566430149415,0.04867073629591437,0.05170056616695588,-0.12065002633647931,2.5901295596859053,2.5869824388601845,2.5740974403188615,1.9373429640698463,-0.5472035102424863,0.061363792875790774,0.06433111740452185,-0.1468522275451731,2.503933153259312,2.499689187411148,2.4856715641542335,1.8923249269808595,-0.5312773610431237
0.03750948335519576,0.040200257681289674,-0.08318139392860441,2.624556631035361,2.6238108861163862,2.6162420526275563,1.9497587529099913,-0.7098818974659968,0.04021723205357434,0.04325523004935871,-0.1113004209969105,2.610250632206631,2.6080843924579797,2.5956096619947076,1.8508962514716014,-0.5108566430149415,0.03947843160049795,0.042472442428269655,-0.13890288299562675,2.524653869284503,2.522463933900278,2.508791106449628,1.731882904430309,-0.4847410977339757
